$ bun run registry:build && bun run --cwd apps/docs build
$ bun run --cwd packages/registry build
$ bun run docs:generate && bun src/build.ts
$ bun src/docs-extract.ts
Built 56 registry items for 0.1.0
$ vite build
vite v8.2.2 building client environment for production...
transforming...

[@tanstack/devtools-vite] Removed devtools code from: /src/routes/__root.tsx

✓ 4868 modules transformed.
rendering chunks...
computing gzip size...
.output/public/assets/jetbrains-mono-vietnamese-wght-normal-Bt-aOZkq.woff2    7.50 kB
.output/public/assets/jetbrains-mono-greek-wght-normal-Bw9x6K1M.woff2         9.00 kB
.output/public/assets/figtree-latin-ext-wght-normal-DCwSJGxG.woff2           10.28 kB
.output/public/assets/jetbrains-mono-cyrillic-wght-normal-D73BlboJ.woff2     12.10 kB
.output/public/assets/jetbrains-mono-latin-ext-wght-normal-DBQx-q_a.woff2    15.19 kB
.output/public/assets/figtree-latin-wght-normal-D_ZTVpCC.woff2               20.15 kB
.output/public/assets/jetbrains-mono-latin-wght-normal-B9CIFXIH.woff2        40.40 kB
.output/public/assets/style-MWbA5aHX.css                                    131.18 kB │ gzip:  28.60 kB
.output/public/assets/dialog-4aqLsV3u.js                                      0.02 kB │ gzip:   0.04 kB
.output/public/assets/input-4aqLsV3u.js                                       0.02 kB │ gzip:   0.04 kB
.output/public/assets/label-C1mf-dDH.js                                       0.02 kB │ gzip:   0.04 kB
.output/public/assets/toast-4aqLsV3u.js                                       0.02 kB │ gzip:   0.04 kB
.output/public/assets/button-CdMv81vs.js                                      0.02 kB │ gzip:   0.04 kB
.output/public/assets/toggle-Cztkkud9.js                                      0.02 kB │ gzip:   0.04 kB
.output/public/assets/spinner-B9zKcjEg.js                                     0.03 kB │ gzip:   0.05 kB
.output/public/assets/textarea-B3NNkPl4.js                                    0.03 kB │ gzip:   0.05 kB
.output/public/assets/separator-BZE5VSqP.js                                   0.03 kB │ gzip:   0.05 kB
.output/public/assets/scroll-area-DM8gkmUt.js                                 0.03 kB │ gzip:   0.05 kB
.output/public/assets/autocomplete-DNcFYShq.js                                0.03 kB │ gzip:   0.05 kB
.output/public/assets/valueToPercent-CNSGbpPd.js                              0.05 kB │ gzip:   0.07 kB
.output/public/assets/owner-NnnQFEU-.js                                       0.06 kB │ gzip:   0.07 kB
.output/public/assets/_name-91_kmFBj.js                                       0.07 kB │ gzip:   0.08 kB
.output/public/assets/env-wFuK7eMI.js                                         0.08 kB │ gzip:   0.09 kB
.output/public/assets/clamp-D0kAXd-u.js                                       0.08 kB │ gzip:   0.09 kB
.output/public/assets/useBaseUiId-Dmj1HQZ-.js                                 0.08 kB │ gzip:   0.10 kB
.output/public/assets/subDays-B6Z9yHBO.js                                     0.08 kB │ gzip:   0.10 kB
.output/public/assets/mergeCleanups-CRwC9gHM.js                               0.09 kB │ gzip:   0.10 kB
.output/public/assets/DialogRoot-BB6GgVGc.js                                  0.09 kB │ gzip:   0.10 kB
.output/public/assets/resolveAriaLabelledBy-B2ZzrlGb.js                       0.09 kB │ gzip:   0.10 kB
.output/public/assets/stringifyLocale-CkHjdQTJ.js                             0.09 kB │ gzip:   0.10 kB
.output/public/assets/areArraysEqual-DWuCbyz3.js                              0.10 kB │ gzip:   0.10 kB
.output/public/assets/addEventListener-VyGXw_SB.js                            0.10 kB │ gzip:   0.09 kB
.output/public/assets/inertValue-DUwYYUpW.js                                  0.10 kB │ gzip:   0.12 kB
.output/public/assets/useRender-C43nKopA.js                                   0.11 kB │ gzip:   0.12 kB
.output/public/assets/isElementDisabled-KSuuBj8D.js                           0.11 kB │ gzip:   0.11 kB
.output/public/assets/NullStore-ljmro2UX.js                                   0.13 kB │ gzip:   0.13 kB
.output/public/assets/serializeValue-B_EucO5O.js                              0.13 kB │ gzip:   0.12 kB
.output/public/assets/subYears-Cnxq-ljg.js                                    0.13 kB │ gzip:   0.12 kB
.output/public/assets/p-spinner-1-BnD35yGa.js                                 0.14 kB │ gzip:   0.13 kB
.output/public/assets/p-badge-1-Dyv-Hccn.js                                   0.15 kB │ gzip:   0.13 kB
.output/public/assets/minus-D9w0KmYy.js                                       0.15 kB │ gzip:   0.15 kB
.output/public/assets/p-button-1-CY9yqex_.js                                  0.15 kB │ gzip:   0.13 kB
.output/public/assets/p-toggle-1-BzNiX56j.js                                  0.15 kB │ gzip:   0.14 kB
.output/public/assets/p-badge-10-CjQWpIL0.js                                  0.16 kB │ gzip:   0.14 kB
.output/public/assets/p-badge-9-Dh-6gXEx.js                                   0.16 kB │ gzip:   0.14 kB
.output/public/assets/p-badge-1-BA1q8vWZ.js                                   0.16 kB │ gzip:   0.15 kB
.output/public/assets/check-BRY7vEG7.js                                       0.16 kB │ gzip:   0.16 kB
.output/public/assets/p-button-12-CYDWhIEy.js                                 0.16 kB │ gzip:   0.14 kB
.output/public/assets/p-badge-5-ChhTKPPI.js                                   0.16 kB │ gzip:   0.14 kB
.output/public/assets/p-button-10-uRGt-SLP.js                                 0.16 kB │ gzip:   0.14 kB
.output/public/assets/p-button-11-DxEEJp1a.js                                 0.16 kB │ gzip:   0.14 kB
.output/public/assets/p-button-8-B3v7HnHB.js                                  0.16 kB │ gzip:   0.14 kB
.output/public/assets/p-button-9-C9Z5QSFJ.js                                  0.16 kB │ gzip:   0.14 kB
.output/public/assets/chevron-down-Crl22ru7.js                                0.16 kB │ gzip:   0.16 kB
.output/public/assets/chevron-up-BzLj3feh.js                                  0.16 kB │ gzip:   0.16 kB
.output/public/assets/p-badge-8-BIZIaZP1.js                                   0.16 kB │ gzip:   0.14 kB
.output/public/assets/p-slider-7-CkEuGMG5.js                                  0.16 kB │ gzip:   0.15 kB
.output/public/assets/p-slider-7-oagDOozp.js                                  0.16 kB │ gzip:   0.15 kB
.output/public/assets/chevron-left-D8aKq9xo.js                                0.17 kB │ gzip:   0.16 kB
.output/public/assets/chevron-right-B2v08Vbo.js                               0.17 kB │ gzip:   0.16 kB
.output/public/assets/p-badge-2-DBAxfBHy.js                                   0.17 kB │ gzip:   0.15 kB
.output/public/assets/p-badge-6-YSd9yZkh.js                                   0.17 kB │ gzip:   0.15 kB
.output/public/assets/p-badge-7-CsXh0-Ue.js                                   0.17 kB │ gzip:   0.15 kB
.output/public/assets/p-button-7-BcP0w24w.js                                  0.17 kB │ gzip:   0.15 kB
.output/public/assets/p-input-5-C6YkyiO6.js                                   0.17 kB │ gzip:   0.15 kB
.output/public/assets/p-slider-3-__AHYBoC.js                                  0.17 kB │ gzip:   0.15 kB
.output/public/assets/p-slider-8-Dvbt1f8i.js                                  0.17 kB │ gzip:   0.16 kB
.output/public/assets/p-badge-3-BohaLMpl.js                                   0.17 kB │ gzip:   0.15 kB
.output/public/assets/p-button-6-Bq0QnoP4.js                                  0.17 kB │ gzip:   0.15 kB
.output/public/assets/p-slider-8-C4q1JUkL.js                                  0.17 kB │ gzip:   0.15 kB
.output/public/assets/p-badge-10-wZtLwvAS.js                                  0.17 kB │ gzip:   0.16 kB
.output/public/assets/p-badge-9-gzoFOcWR.js                                   0.17 kB │ gzip:   0.16 kB
.output/public/assets/p-badge-4-C-azak3Y.js                                   0.17 kB │ gzip:   0.15 kB
.output/public/assets/safeReact-fGZl_KYj.js                                   0.17 kB │ gzip:   0.16 kB
.output/public/assets/p-slider-3-CPVydxg6.js                                  0.17 kB │ gzip:   0.16 kB
.output/public/assets/p-button-2-CSCnn-wZ.js                                  0.17 kB │ gzip:   0.15 kB
.output/public/assets/p-meter-2-DjytmWIw.js                                   0.17 kB │ gzip:   0.15 kB
.output/public/assets/p-switch-6-DEatQHqM.js                                  0.17 kB │ gzip:   0.16 kB
.output/public/assets/p-badge-5-BDDhBf9r.js                                   0.17 kB │ gzip:   0.16 kB
.output/public/assets/p-badge-13-BaXWKiVO.js                                  0.17 kB │ gzip:   0.16 kB
.output/public/assets/p-badge-8-Cjcdfd8O.js                                   0.17 kB │ gzip:   0.16 kB
.output/public/assets/p-button-4-fuhDCRML.js                                  0.17 kB │ gzip:   0.15 kB
.output/public/assets/p-spinner-1-DcVSHdum.js                                 0.17 kB │ gzip:   0.15 kB
.output/public/assets/p-button-3-D8fTBzNy.js                                  0.18 kB │ gzip:   0.15 kB
.output/public/assets/p-badge-2-hnIWTdw4.js                                   0.18 kB │ gzip:   0.16 kB
.output/public/assets/p-badge-6-DjY1BUmN.js                                   0.18 kB │ gzip:   0.16 kB
.output/public/assets/p-badge-7-BLOqoCiI.js                                   0.18 kB │ gzip:   0.16 kB
.output/public/assets/p-meter-2-CMKEn25t.js                                   0.18 kB │ gzip:   0.16 kB
.output/public/assets/p-slider-1-CeBWbf7B.js                                  0.18 kB │ gzip:   0.15 kB
.output/public/assets/p-badge-14-Cf-RhQZF.js                                  0.18 kB │ gzip:   0.17 kB
.output/public/assets/p-badge-3-CFFTEkWf.js                                   0.18 kB │ gzip:   0.17 kB
.output/public/assets/p-toggle-2-CT8fNcwu.js                                  0.18 kB │ gzip:   0.15 kB
.output/public/assets/useRegisteredLabelId-BrK-Nf2F.js                        0.18 kB │ gzip:   0.17 kB
.output/public/assets/useForcedRerendering-rnWYCWTx.js                        0.18 kB │ gzip:   0.17 kB
.output/public/assets/p-badge-4-Bk-DzicA.js                                   0.18 kB │ gzip:   0.17 kB
.output/public/assets/p-slider-1-B8t0Vjki.js                                  0.18 kB │ gzip:   0.16 kB
.output/public/assets/p-slider-17-jhF3zIof.js                                 0.18 kB │ gzip:   0.15 kB
.output/public/assets/engine-CIPRKpRZ.js                                      0.18 kB │ gzip:   0.16 kB
.output/public/assets/p-slider-17-DXC3U6RO.js                                 0.18 kB │ gzip:   0.16 kB
.output/public/assets/FieldItemContext-BKmkFexG.js                            0.18 kB │ gzip:   0.16 kB
.output/public/assets/p-button-5-MwADtGs-.js                                  0.18 kB │ gzip:   0.15 kB
.output/public/assets/p-textarea-1-ClxR1f5M.js                                0.18 kB │ gzip:   0.15 kB
.output/public/assets/p-textarea-4-DCgkO2PJ.js                                0.18 kB │ gzip:   0.16 kB
.output/public/assets/DirectionContext-CB69hrkd.js                            0.19 kB │ gzip:   0.16 kB
.output/public/assets/plus-DaCh00Cr.js                                        0.19 kB │ gzip:   0.17 kB
.output/public/assets/useOnMount-pNOX5H5L.js                                  0.19 kB │ gzip:   0.16 kB
.output/public/assets/p-button-1-Pomafhz9.js                                  0.19 kB │ gzip:   0.16 kB
.output/public/assets/p-toggle-1-T9yw1jD2.js                                  0.19 kB │ gzip:   0.16 kB
.output/public/assets/visuallyHidden-CrYY0HH5.js                              0.19 kB │ gzip:   0.16 kB
.output/public/assets/x-cI3jrdv9.js                                           0.19 kB │ gzip:   0.17 kB
.output/public/assets/p-avatar-2-SmnmYT0J.js                                  0.19 kB │ gzip:   0.16 kB
.output/public/assets/p-textarea-2-BGIHa9uT.js                                0.19 kB │ gzip:   0.16 kB
.output/public/assets/p-textarea-3-DSbBq-fO.js                                0.19 kB │ gzip:   0.16 kB
.output/public/assets/arrow-up-BqbObyLB.js                                    0.20 kB │ gzip:   0.18 kB
.output/public/assets/p-input-1-BV23Yhli.js                                   0.20 kB │ gzip:   0.16 kB
.output/public/assets/CSPContext-Bu510KeS.js                                  0.20 kB │ gzip:   0.18 kB
.output/public/assets/p-button-10-C-HXgmh4.js                                 0.20 kB │ gzip:   0.17 kB
.output/public/assets/p-button-11-DtKJUZyO.js                                 0.20 kB │ gzip:   0.17 kB
.output/public/assets/p-button-8-Cwx8fEDz.js                                  0.20 kB │ gzip:   0.17 kB
.output/public/assets/p-button-9-C0v1Xuo5.js                                  0.20 kB │ gzip:   0.17 kB
.output/public/assets/arrow-left-Cv3E43_L.js                                  0.20 kB │ gzip:   0.18 kB
.output/public/assets/arrow-right-BvXh-npm.js                                 0.20 kB │ gzip:   0.18 kB
.output/public/assets/p-button-12-DHovjuBk.js                                 0.20 kB │ gzip:   0.17 kB
.output/public/assets/p-toggle-4-D0G4qefS.js                                  0.20 kB │ gzip:   0.16 kB
.output/public/assets/p-toggle-5-Dl3VU4Sz.js                                  0.20 kB │ gzip:   0.16 kB
.output/public/assets/p-button-7-C2cuJyus.js                                  0.20 kB │ gzip:   0.17 kB
.output/public/assets/p-toggle-6-VgiYKoSS.js                                  0.20 kB │ gzip:   0.16 kB
.output/public/assets/clock-6BjaPXST.js                                       0.20 kB │ gzip:   0.19 kB
.output/public/assets/p-button-6-B7OPZGO3.js                                  0.20 kB │ gzip:   0.17 kB
.output/public/assets/p-input-5-DZFbxNw_.js                                   0.21 kB │ gzip:   0.18 kB
.output/public/assets/p-button-2-DZJ7djhG.js                                  0.21 kB │ gzip:   0.17 kB
.output/public/assets/chevrons-up-down-CW-972_f.js                            0.21 kB │ gzip:   0.18 kB
.output/public/assets/p-badge-12-D8IXllr2.js                                  0.21 kB │ gzip:   0.18 kB
.output/public/assets/p-button-4-CoklaZUp.js                                  0.21 kB │ gzip:   0.18 kB
.output/public/assets/bold-f_zz0eiP.js                                        0.21 kB │ gzip:   0.19 kB
.output/public/assets/p-button-3-CQnprR6j.js                                  0.21 kB │ gzip:   0.18 kB
.output/public/assets/p-input-4-BZUhn4CL.js                                   0.21 kB │ gzip:   0.17 kB
.output/public/assets/p-textarea-1-5suNn34H.js                                0.21 kB │ gzip:   0.18 kB
.output/public/assets/p-button-29-DmfJ6wzF.js                                 0.21 kB │ gzip:   0.18 kB
.output/public/assets/p-toggle-2-BEACINMZ.js                                  0.22 kB │ gzip:   0.18 kB
.output/public/assets/p-toggle-4-BXO33slR.js                                  0.22 kB │ gzip:   0.18 kB
.output/public/assets/p-toggle-5-vjUR1r-D.js                                  0.22 kB │ gzip:   0.18 kB
.output/public/assets/p-textarea-4-BvVGUU6D.js                                0.22 kB │ gzip:   0.18 kB
.output/public/assets/p-avatar-2-CPDSHyTa.js                                  0.22 kB │ gzip:   0.16 kB
.output/public/assets/p-button-5-DY7GLwVC.js                                  0.22 kB │ gzip:   0.18 kB
.output/public/assets/p-badge-12-CQ8mqmSa.js                                  0.22 kB │ gzip:   0.18 kB
.output/public/assets/p-toggle-6-CXoQY-Wj.js                                  0.22 kB │ gzip:   0.18 kB
.output/public/assets/p-textarea-2-CqG_JYXQ.js                                0.22 kB │ gzip:   0.19 kB
.output/public/assets/p-textarea-3-eDJRH0Lt.js                                0.22 kB │ gzip:   0.19 kB
.output/public/assets/p-button-17-yS8Js_kG.js                                 0.22 kB │ gzip:   0.19 kB
.output/public/assets/underline-Dle1_v_x.js                                   0.23 kB │ gzip:   0.20 kB
.output/public/assets/user-BLHeIYDL.js                                        0.23 kB │ gzip:   0.20 kB
.output/public/assets/constants-CRVdF2T0.js                                   0.24 kB │ gzip:   0.17 kB
.output/public/assets/p-input-1-DW2owE2p.js                                   0.24 kB │ gzip:   0.19 kB
.output/public/assets/p-button-17-CCOVAK29.js                                 0.24 kB │ gzip:   0.20 kB
.output/public/assets/usePreviousValue-B2vMef6M.js                            0.24 kB │ gzip:   0.19 kB
.output/public/assets/p-input-2-Bdvt0lAY.js                                   0.25 kB │ gzip:   0.18 kB
.output/public/assets/p-input-3-Bytt1h4J.js                                   0.25 kB │ gzip:   0.18 kB
.output/public/assets/p-input-4-DG3H7X3_.js                                   0.25 kB │ gzip:   0.20 kB
.output/public/assets/p-input-2-1w1iG24o.js                                   0.25 kB │ gzip:   0.20 kB
.output/public/assets/p-input-3-PY9WsDlM.js                                   0.25 kB │ gzip:   0.20 kB
.output/public/assets/p-textarea-13-BRHwVfD-.js                               0.25 kB │ gzip:   0.21 kB
.output/public/assets/mail-rw8CB_rC.js                                        0.25 kB │ gzip:   0.22 kB
.output/public/assets/useValueAsRef-MHVE85Yp.js                               0.25 kB │ gzip:   0.18 kB
.output/public/assets/os-C3tUrIQC.js                                          0.25 kB │ gzip:   0.20 kB
.output/public/assets/p-slider-10-D01oj9F7.js                                 0.26 kB │ gzip:   0.21 kB
.output/public/assets/p-slider-9-VmfiGQdH.js                                  0.26 kB │ gzip:   0.21 kB
.output/public/assets/p-badge-15-C9iXu_KC.js                                  0.26 kB │ gzip:   0.22 kB
.output/public/assets/p-slider-18-XnsmW1qg.js                                 0.26 kB │ gzip:   0.22 kB
.output/public/assets/p-avatar-6-sEahS2em.js                                  0.26 kB │ gzip:   0.20 kB
.output/public/assets/p-switch-2-BVjAtSR6.js                                  0.26 kB │ gzip:   0.18 kB
.output/public/assets/p-badge-16-DS_QRnF3.js                                  0.26 kB │ gzip:   0.22 kB
.output/public/assets/share-lqeojmTf.js                                       0.26 kB │ gzip:   0.21 kB
.output/public/assets/p-badge-18-CKkScGXH.js                                  0.27 kB │ gzip:   0.23 kB
.output/public/assets/FieldsetRootContext-B9oIJq4d.js                         0.27 kB │ gzip:   0.22 kB
.output/public/assets/download-ifUa4cu8.js                                    0.27 kB │ gzip:   0.22 kB
.output/public/assets/p-badge-17-JbE8RjqF.js                                  0.27 kB │ gzip:   0.23 kB
.output/public/assets/useControlled-DmaWe-m-.js                               0.27 kB │ gzip:   0.23 kB
.output/public/assets/p-calendar-1-D2j5JWui.js                                0.27 kB │ gzip:   0.22 kB
.output/public/assets/p-field-15-BGfxaYTv.js                                  0.27 kB │ gzip:   0.20 kB
.output/public/assets/p-switch-2-Dmo-9NQP.js                                  0.27 kB │ gzip:   0.21 kB
.output/public/assets/paperclip-CQS9AInw.js                                   0.27 kB │ gzip:   0.22 kB
.output/public/assets/formatNumber-CaBnao-Y.js                                0.27 kB │ gzip:   0.21 kB
.output/public/assets/mic-C9xZmVTf.js                                         0.27 kB │ gzip:   0.23 kB
.output/public/assets/copy-DH5BpNzf.js                                        0.27 kB │ gzip:   0.23 kB
.output/public/assets/ToolbarRootContext-Q_47loOQ.js                          0.27 kB │ gzip:   0.22 kB
.output/public/assets/p-input-15-At8iV0MF.js                                  0.27 kB │ gzip:   0.22 kB
.output/public/assets/p-input-19-DCz8dqxs.js                                  0.28 kB │ gzip:   0.22 kB
.output/public/assets/p-field-12-B0pkN2ZT.js                                  0.28 kB │ gzip:   0.21 kB
.output/public/assets/italic-DdQTsMw2.js                                      0.28 kB │ gzip:   0.20 kB
.output/public/assets/p-switch-1-C2dNwxKS.js                                  0.28 kB │ gzip:   0.18 kB
.output/public/assets/panels-top-left-BNk7gb-e.js                             0.28 kB │ gzip:   0.23 kB
.output/public/assets/p-slider-10-Db6RjXZ_.js                                 0.29 kB │ gzip:   0.21 kB
.output/public/assets/p-slider-9-Du6n2-0c.js                                  0.29 kB │ gzip:   0.21 kB
.output/public/assets/p-switch-1-_YuS_dmv.js                                  0.29 kB │ gzip:   0.21 kB
.output/public/assets/ellipsis-DF53sg7z.js                                    0.29 kB │ gzip:   0.20 kB
.output/public/assets/p-textarea-9-ZYE4Ai8h.js                                0.29 kB │ gzip:   0.24 kB
.output/public/assets/calendar-CUAnj1Ru.js                                    0.29 kB │ gzip:   0.22 kB
.output/public/assets/link-CHGvd5o0.js                                        0.29 kB │ gzip:   0.22 kB
.output/public/assets/getCssDimensions-ngv2fD1S.js                            0.29 kB │ gzip:   0.22 kB
.output/public/assets/p-checkbox-2-o-ry4Mpo.js                                0.29 kB │ gzip:   0.19 kB
.output/public/assets/useValueChanged-DumDZiM5.js                             0.29 kB │ gzip:   0.23 kB
.output/public/assets/shared-Arf_fccI.js                                      0.30 kB │ gzip:   0.17 kB
.output/public/assets/p-calendar-2-vM6bWMzU.js                                0.30 kB │ gzip:   0.24 kB
.output/public/assets/p-checkbox-2-BVfYgtJO.js                                0.30 kB │ gzip:   0.23 kB
.output/public/assets/p-alert-1-BLR8wvF6.js                                   0.30 kB │ gzip:   0.22 kB
.output/public/assets/p-button-33-7YZr-CB5.js                                 0.30 kB │ gzip:   0.23 kB
.output/public/assets/p-number-field-1-DgnCa_Yp.js                            0.30 kB │ gzip:   0.22 kB
.output/public/assets/p-checkbox-1-dJO_0Dxh.js                                0.31 kB │ gzip:   0.19 kB
.output/public/assets/p-field-15-CNdOK_fv.js                                  0.31 kB │ gzip:   0.19 kB
.output/public/assets/p-calendar-7-DrJE1IEt.js                                0.31 kB │ gzip:   0.24 kB
.output/public/assets/p-calendar-9-qJyyfX4h.js                                0.31 kB │ gzip:   0.25 kB
.output/public/assets/pencil-COsAlXNV.js                                      0.31 kB │ gzip:   0.25 kB
.output/public/assets/p-calendar-1-CEt8dmOv.js                                0.31 kB │ gzip:   0.23 kB
.output/public/assets/p-checkbox-1-CsqHHNC4.js                                0.31 kB │ gzip:   0.22 kB
.output/public/assets/p-number-field-2-9VlWWlgA.js                            0.31 kB │ gzip:   0.23 kB
.output/public/assets/p-number-field-3-BLX0UTfT.js                            0.31 kB │ gzip:   0.23 kB
.output/public/assets/p-number-field-4-Fz7JiCvE.js                            0.32 kB │ gzip:   0.23 kB
.output/public/assets/p-number-field-7-DKkKjGmM.js                            0.32 kB │ gzip:   0.23 kB
.output/public/assets/p-badge-13-XhGmAOf_.js                                  0.32 kB │ gzip:   0.23 kB
.output/public/assets/p-button-32-Bk2cxrN1.js                                 0.32 kB │ gzip:   0.23 kB
.output/public/assets/p-avatar-1-DSn4Y8l8.js                                  0.32 kB │ gzip:   0.26 kB
.output/public/assets/p-badge-14-BED282Kw.js                                  0.32 kB │ gzip:   0.23 kB
.output/public/assets/p-number-field-6-CryG92yu.js                            0.32 kB │ gzip:   0.22 kB
.output/public/assets/p-field-12-DkWDaJ_E.js                                  0.32 kB │ gzip:   0.20 kB
.output/public/assets/tokens.stylex-BTmTA4aT.js                               0.32 kB │ gzip:   0.20 kB
.output/public/assets/p-input-group-11-jCgxeKi9.js                            0.33 kB │ gzip:   0.25 kB
.output/public/assets/p-badge-11-BvsOpnJ5.js                                  0.33 kB │ gzip:   0.27 kB
.output/public/assets/p-button-29-DL3lsR3X.js                                 0.33 kB │ gzip:   0.23 kB
.output/public/assets/house-C74YhMqf.js                                       0.33 kB │ gzip:   0.25 kB
.output/public/assets/p-textarea-10-ZhqcZ9_i.js                               0.33 kB │ gzip:   0.25 kB
.output/public/assets/p-calendar-3-txEyM_rf.js                                0.34 kB │ gzip:   0.25 kB
.output/public/assets/p-input-17-tNYOXe11.js                                  0.34 kB │ gzip:   0.26 kB
.output/public/assets/p-button-41-B21iOOF-.js                                 0.34 kB │ gzip:   0.26 kB
.output/public/assets/p-number-field-11-w9sodvno.js                           0.34 kB │ gzip:   0.25 kB
.output/public/assets/p-otp-field-2-9Bb02lEE.js                               0.34 kB │ gzip:   0.26 kB
.output/public/assets/p-alert-1-lJOCHiqY.js                                   0.34 kB │ gzip:   0.21 kB
.output/public/assets/p-number-field-8-Dfo5yLAo.js                            0.34 kB │ gzip:   0.25 kB
.output/public/assets/p-input-group-4-DcgBU4mi.js                             0.35 kB │ gzip:   0.25 kB
.output/public/assets/p-calendar-4-1vd6BcmE.js                                0.35 kB │ gzip:   0.26 kB
.output/public/assets/p-toggle-3-CoOm1gT0.js                                  0.35 kB │ gzip:   0.26 kB
.output/public/assets/p-tooltip-1-CNL_LZJ4.js                                 0.35 kB │ gzip:   0.24 kB
.output/public/assets/Separator-BgBp83e6.js                                   0.35 kB │ gzip:   0.26 kB
.output/public/assets/p-button-16-BbTZMZB7.js                                 0.35 kB │ gzip:   0.27 kB
.output/public/assets/p-field-16-6KpdqQrA.js                                  0.35 kB │ gzip:   0.25 kB
.output/public/assets/p-input-group-10-DOQfC1hh.js                            0.35 kB │ gzip:   0.26 kB
.output/public/assets/p-calendar-8-DJSJBVJx.js                                0.36 kB │ gzip:   0.27 kB
.output/public/assets/p-button-34-B4KgmwgQ.js                                 0.36 kB │ gzip:   0.28 kB
.output/public/assets/p-otp-field-1-eTACx87d.js                               0.36 kB │ gzip:   0.26 kB
.output/public/assets/save-CU-SYigJ.js                                        0.36 kB │ gzip:   0.25 kB
.output/public/assets/useId-DNP0Yxe1.js                                       0.36 kB │ gzip:   0.27 kB
.output/public/assets/p-button-13-DOUP4pps.js                                 0.36 kB │ gzip:   0.27 kB
.output/public/assets/p-button-14-Cx0U_A-n.js                                 0.37 kB │ gzip:   0.28 kB
.output/public/assets/p-button-15-RAY7h6dt.js                                 0.37 kB │ gzip:   0.28 kB
.output/public/assets/p-button-20-CemoLFYZ.js                                 0.37 kB │ gzip:   0.28 kB
.output/public/assets/p-calendar-11-BXfeX0PA.js                               0.37 kB │ gzip:   0.28 kB
.output/public/assets/p-progress-2-BrEMhile.js                                0.37 kB │ gzip:   0.25 kB
.output/public/assets/p-button-18-Dwcnu8Qi.js                                 0.37 kB │ gzip:   0.28 kB
.output/public/assets/p-field-1-CqYQx8nr.js                                   0.37 kB │ gzip:   0.25 kB
.output/public/assets/useStableCallback-Dsgt6u_g.js                           0.37 kB │ gzip:   0.26 kB
.output/public/assets/p-toast-1-CWR97Q_1.js                                   0.38 kB │ gzip:   0.28 kB
.output/public/assets/trash-DTlqvzpH.js                                       0.38 kB │ gzip:   0.25 kB
.output/public/assets/usePopupHandleStore-CXFBFJG6.js                         0.39 kB │ gzip:   0.27 kB
.output/public/assets/CompositeItem-D3QtT6kk.js                               0.39 kB │ gzip:   0.27 kB
.output/public/assets/p-avatar-1-CvZW-g0U.js                                  0.39 kB │ gzip:   0.27 kB
.output/public/assets/p-meter-3-B9uESi4e.js                                   0.39 kB │ gzip:   0.27 kB
.output/public/assets/p-field-4-CgI3pwHk.js                                   0.39 kB │ gzip:   0.26 kB
.output/public/assets/p-switch-6-DYFJ4nx8.js                                  0.39 kB │ gzip:   0.26 kB
.output/public/assets/p-field-10-DvkoAJUM.js                                  0.40 kB │ gzip:   0.28 kB
.output/public/assets/square-pen-BwA0pSkV.js                                  0.40 kB │ gzip:   0.28 kB
.output/public/assets/p-alert-2-CPpc89P2.js                                   0.40 kB │ gzip:   0.28 kB
.output/public/assets/p-meter-1-y0WJwy9p.js                                   0.40 kB │ gzip:   0.27 kB
.output/public/assets/p-toast-3-5gH6ynmC.js                                   0.40 kB │ gzip:   0.29 kB
.output/public/assets/p-input-group-9-BQEwW7cL.js                             0.40 kB │ gzip:   0.28 kB
.output/public/assets/p-progress-3-DDkral0j.js                                0.40 kB │ gzip:   0.28 kB
.output/public/assets/p-textarea-14-DIceAmGz.js                               0.40 kB │ gzip:   0.28 kB
.output/public/assets/p-textarea-15-Dban1UY9.js                               0.40 kB │ gzip:   0.28 kB
.output/public/assets/p-progress-1-CAbFObnB.js                                0.40 kB │ gzip:   0.30 kB
.output/public/assets/p-meter-4-Bv5vp5-d.js                                   0.40 kB │ gzip:   0.28 kB
.output/public/assets/p-calendar-9-Ck3ogmsm.js                                0.41 kB │ gzip:   0.27 kB
.output/public/assets/p-tooltip-1-BiKaqAvz.js                                 0.41 kB │ gzip:   0.23 kB
.output/public/assets/p-field-1-BCxOA05Z.js                                   0.41 kB │ gzip:   0.24 kB
.output/public/assets/p-input-group-1-BklYTgZB.js                             0.41 kB │ gzip:   0.30 kB
.output/public/assets/p-input-group-20-CoezAZTc.js                            0.41 kB │ gzip:   0.30 kB
.output/public/assets/p-button-30-Cw29ekP1.js                                 0.41 kB │ gzip:   0.30 kB
.output/public/assets/p-field-3-CX7Ugxaj.js                                   0.41 kB │ gzip:   0.27 kB
.output/public/assets/p-field-4-DtYPjMVy.js                                   0.41 kB │ gzip:   0.24 kB
.output/public/assets/p-alert-4-B-UXJQ-K.js                                   0.41 kB │ gzip:   0.29 kB
.output/public/assets/shadowDom-BPxlg_JC.js                                   0.41 kB │ gzip:   0.27 kB
.output/public/assets/p-alert-7-ZVGXkSqC.js                                   0.41 kB │ gzip:   0.29 kB
.output/public/assets/p-alert-6-Cl6PlIbg.js                                   0.42 kB │ gzip:   0.30 kB
.output/public/assets/p-textarea-13-DP2dnxud.js                               0.42 kB │ gzip:   0.27 kB
.output/public/assets/p-alert-5-CV-_jZ3O.js                                   0.42 kB │ gzip:   0.30 kB
.output/public/assets/p-input-group-13-DLf0x-xs.js                            0.42 kB │ gzip:   0.30 kB
.output/public/assets/p-input-group-14-BuHt-6cQ.js                            0.42 kB │ gzip:   0.30 kB
.output/public/assets/p-input-group-2-DnG8d5W7.js                             0.42 kB │ gzip:   0.31 kB
.output/public/assets/p-slider-2-CcbB84PS.js                                  0.42 kB │ gzip:   0.29 kB
.output/public/assets/p-input-group-11-dpUxpkEs.js                            0.42 kB │ gzip:   0.25 kB
.output/public/assets/p-input-group-16-xx6Duh3G.js                            0.43 kB │ gzip:   0.32 kB
.output/public/assets/p-menu-2-r0cTjg1i.js                                    0.43 kB │ gzip:   0.26 kB
.output/public/assets/p-slider-20-Br5ua11b.js                                 0.43 kB │ gzip:   0.30 kB
.output/public/assets/useAnchoredPopupScrollLock-CRgROqdR.js                  0.43 kB │ gzip:   0.31 kB
.output/public/assets/plane-takeoff-D8a8CjqX.js                               0.44 kB │ gzip:   0.31 kB
.output/public/assets/_name-KS0OgWc0.js                                       0.44 kB │ gzip:   0.27 kB
.output/public/assets/p-field-3-BLIAEKLF.js                                   0.44 kB │ gzip:   0.25 kB
.output/public/assets/p-menu-3-DuY6PqmA.js                                    0.44 kB │ gzip:   0.27 kB
.output/public/assets/p-button-41-CFZhAZQk.js                                 0.45 kB │ gzip:   0.27 kB
.output/public/assets/p-calendar-4-B_SiZOVc.js                                0.45 kB │ gzip:   0.29 kB
.output/public/assets/p-badge-15-BNcYm1fF.js                                  0.45 kB │ gzip:   0.30 kB
.output/public/assets/p-toast-10-CeQcPqTs.js                                  0.45 kB │ gzip:   0.32 kB
.output/public/assets/skeleton-C6tleSJr.js                                    0.45 kB │ gzip:   0.36 kB
.output/public/assets/p-toast-1-DHw77Grh.js                                   0.45 kB │ gzip:   0.28 kB
.output/public/assets/p-textarea-12-BYlFUKNP.js                               0.46 kB │ gzip:   0.30 kB
.output/public/assets/p-input-group-10-DjzPu_kW.js                            0.46 kB │ gzip:   0.26 kB
.output/public/assets/p-field-2-Dd2uTyk6.js                                   0.46 kB │ gzip:   0.30 kB
.output/public/assets/p-number-field-1-C9huZcUu.js                            0.46 kB │ gzip:   0.23 kB
.output/public/assets/p-context-menu-4-CeKes1yy.js                            0.46 kB │ gzip:   0.32 kB
.output/public/assets/p-button-33-Bd0D9xgq.js                                 0.46 kB │ gzip:   0.29 kB
.output/public/assets/p-calendar-3-CSm4I0eA.js                                0.46 kB │ gzip:   0.28 kB
.output/public/assets/p-input-group-6-DqYygrrU.js                             0.46 kB │ gzip:   0.29 kB
.output/public/assets/p-slider-6-DSqHJobb.js                                  0.46 kB │ gzip:   0.32 kB
.output/public/assets/scrollEdges-7QMuZ3Dv.js                                 0.46 kB │ gzip:   0.33 kB
.output/public/assets/useTimeout-RJr0Dd77.js                                  0.46 kB │ gzip:   0.28 kB
.output/public/assets/p-field-10-qjmhJWG9.js                                  0.46 kB │ gzip:   0.27 kB
.output/public/assets/p-toast-11-CPe4OZbE.js                                  0.46 kB │ gzip:   0.33 kB
.output/public/assets/p-radio-group-2-BRbi7zk2.js                             0.47 kB │ gzip:   0.26 kB
.output/public/assets/p-input-7-DJJIzmR5.js                                   0.47 kB │ gzip:   0.31 kB
.output/public/assets/p-otp-field-3-BXUqps1I.js                               0.47 kB │ gzip:   0.30 kB
.output/public/assets/DialogHandle-ke674y54.js                                0.47 kB │ gzip:   0.32 kB
.output/public/assets/p-number-field-2-7DwAfXD8.js                            0.47 kB │ gzip:   0.23 kB
.output/public/assets/p-number-field-3-5OwCqyBf.js                            0.47 kB │ gzip:   0.23 kB
.output/public/assets/p-number-field-4-Dgl5kSPN.js                            0.47 kB │ gzip:   0.23 kB
.output/public/assets/p-calendar-8-6iXQ-5Ee.js                                0.47 kB │ gzip:   0.28 kB
.output/public/assets/p-calendar-11-DrYLERFV.js                               0.47 kB │ gzip:   0.31 kB
.output/public/assets/p-calendar-12-Dkrfr6Ko.js                               0.47 kB │ gzip:   0.34 kB
.output/public/assets/p-menu-2-CpHefU5K.js                                    0.47 kB │ gzip:   0.25 kB
.output/public/assets/p-input-19-EjgzPK_P.js                                  0.48 kB │ gzip:   0.28 kB
.output/public/assets/p-number-field-7-C1PGkYB4.js                            0.48 kB │ gzip:   0.24 kB
.output/public/assets/p-button-28-DHEA2YyS.js                                 0.48 kB │ gzip:   0.34 kB
.output/public/assets/p-radio-group-2-58-NNM-u.js                             0.48 kB │ gzip:   0.24 kB
.output/public/assets/p-slider-18-IISvKOQP.js                                 0.48 kB │ gzip:   0.31 kB
.output/public/assets/p-toast-3-CbmhfSom.js                                   0.48 kB │ gzip:   0.29 kB
.output/public/assets/p-textarea-5-DG4YWOvo.js                                0.48 kB │ gzip:   0.33 kB
.output/public/assets/p-context-menu-1-Cz-FTRs8.js                            0.48 kB │ gzip:   0.31 kB
.output/public/assets/p-input-group-3-DRdEzjjP.js                             0.48 kB │ gzip:   0.36 kB
.output/public/assets/p-context-menu-8-BHbBlym1.js                            0.49 kB │ gzip:   0.33 kB
.output/public/assets/p-input-group-4-B_zWymUt.js                             0.49 kB │ gzip:   0.26 kB
.output/public/assets/p-select-2-CSf0ngMC.js                                  0.49 kB │ gzip:   0.31 kB
.output/public/assets/p-select-21-DYmJCieH.js                                 0.49 kB │ gzip:   0.31 kB
.output/public/assets/p-select-3-CED64RdM.js                                  0.49 kB │ gzip:   0.31 kB
.output/public/assets/p-select-4-BbnabgZu.js                                  0.49 kB │ gzip:   0.31 kB
.output/public/assets/label-ndLd49oE.js                                       0.49 kB │ gzip:   0.37 kB
.output/public/assets/p-button-32-BpAWs4jT.js                                 0.50 kB │ gzip:   0.29 kB
.output/public/assets/p-field-17-B7ZZDe12.js                                  0.50 kB │ gzip:   0.29 kB
.output/public/assets/p-input-group-9-BtjEbmu0.js                             0.50 kB │ gzip:   0.28 kB
.output/public/assets/p-menu-8-CE4cPKDe.js                                    0.50 kB │ gzip:   0.28 kB
.output/public/assets/p-select-23-D-HLLhs-.js                                 0.50 kB │ gzip:   0.30 kB
.output/public/assets/p-input-6-Bkar90NG.js                                   0.50 kB │ gzip:   0.34 kB
.output/public/assets/p-select-5-C2O1sAue.js                                  0.50 kB │ gzip:   0.32 kB
.output/public/assets/p-avatar-6-IJuh49_a.js                                  0.51 kB │ gzip:   0.28 kB
.output/public/assets/p-menu-3-B4lj3Jaf.js                                    0.51 kB │ gzip:   0.26 kB
.output/public/assets/p-avatar-7-DSbNL4Vn.js                                  0.51 kB │ gzip:   0.37 kB
.output/public/assets/star-C5iOotj5.js                                        0.51 kB │ gzip:   0.32 kB
.output/public/assets/p-avatar-8-B30NqKXP.js                                  0.51 kB │ gzip:   0.37 kB
.output/public/assets/p-number-field-6-EXswiadJ.js                            0.51 kB │ gzip:   0.24 kB
.output/public/assets/p-group-20-B4Jbsws8.js                                  0.51 kB │ gzip:   0.32 kB
.output/public/assets/p-otp-field-4-Cw3NiRB0.js                               0.52 kB │ gzip:   0.34 kB
.output/public/assets/p-progress-1-hjJZlNPQ.js                                0.52 kB │ gzip:   0.31 kB
.output/public/assets/p-avatar-10-C1ZvOeyW.js                                 0.52 kB │ gzip:   0.36 kB
.output/public/assets/p-checkbox-group-1-B2MZd0rR.js                          0.52 kB │ gzip:   0.29 kB
.output/public/assets/p-menu-8-Dq2z5WcS.js                                    0.52 kB │ gzip:   0.26 kB
.output/public/assets/p-select-15-BYm-P1am.js                                 0.52 kB │ gzip:   0.32 kB
.output/public/assets/p-number-field-8-C_oYvkN9.js                            0.52 kB │ gzip:   0.26 kB
.output/public/assets/p-slider-4-SQTIat3m.js                                  0.52 kB │ gzip:   0.33 kB
.output/public/assets/p-input-12-BLq_b8cv.js                                  0.52 kB │ gzip:   0.38 kB
.output/public/assets/p-select-22-Djf6zvsl.js                                 0.52 kB │ gzip:   0.34 kB
.output/public/assets/settings-B6Q-HYGL.js                                    0.52 kB │ gzip:   0.28 kB
.output/public/assets/spinner-CWNKktxH.js                                     0.53 kB │ gzip:   0.40 kB
.output/public/assets/PrehydrationScript-DgCF5lWM.js                          0.53 kB │ gzip:   0.34 kB
.output/public/assets/p-textarea-10-BXnZ3ccD.js                               0.53 kB │ gzip:   0.31 kB
.output/public/assets/p-checkbox-group-2-B6X6oH4_.js                          0.53 kB │ gzip:   0.30 kB
.output/public/assets/p-input-13-BwNolAP_.js                                  0.53 kB │ gzip:   0.34 kB
.output/public/assets/p-radio-group-1-DyxAlQc1.js                             0.53 kB │ gzip:   0.27 kB
.output/public/assets/p-date-picker-8-BI3PbI3l.js                             0.53 kB │ gzip:   0.35 kB
.output/public/assets/p-badge-16-VWwxunOu.js                                  0.54 kB │ gzip:   0.34 kB
.output/public/assets/p-input-17-ChyevCVq.js                                  0.54 kB │ gzip:   0.32 kB
.output/public/assets/separator-p3E0nDeA.js                                   0.54 kB │ gzip:   0.35 kB
.output/public/assets/p-menu-4-DKt4MHl5.js                                    0.54 kB │ gzip:   0.29 kB
.output/public/assets/p-badge-17-CgnO4zXF.js                                  0.54 kB │ gzip:   0.34 kB
.output/public/assets/p-badge-18-NU361qqI.js                                  0.54 kB │ gzip:   0.34 kB
.output/public/assets/p-menu-5-3MpzAGMS.js                                    0.54 kB │ gzip:   0.29 kB
.output/public/assets/p-radio-group-1-LIHykMlG.js                             0.54 kB │ gzip:   0.25 kB
.output/public/assets/p-input-16-BR1FIDIT.js                                  0.54 kB │ gzip:   0.39 kB
.output/public/assets/p-scroll-area-2-LO63u91q.js                             0.54 kB │ gzip:   0.36 kB
.output/public/assets/p-textarea-7-DE1ExO1e.js                                0.54 kB │ gzip:   0.35 kB
.output/public/assets/p-avatar-9-DEtCiAAV.js                                  0.55 kB │ gzip:   0.37 kB
.output/public/assets/p-menu-9-BytDLZun.js                                    0.55 kB │ gzip:   0.30 kB
.output/public/assets/p-toast-4-B6pf_B-w.js                                   0.55 kB │ gzip:   0.34 kB
.output/public/assets/p-input-18-DyvLZbUQ.js                                  0.55 kB │ gzip:   0.37 kB
.output/public/assets/p-number-field-5--xRhaWnm.js                            0.55 kB │ gzip:   0.34 kB
.output/public/assets/p-otp-field-2-DXc2X_b3.js                               0.55 kB │ gzip:   0.34 kB
.output/public/assets/p-input-11-DjqL044d.js                                  0.55 kB │ gzip:   0.38 kB
.output/public/assets/p-input-group-5-WHlxvRZp.js                             0.55 kB │ gzip:   0.37 kB
.output/public/assets/p-context-menu-7-B1lFavkj.js                            0.55 kB │ gzip:   0.34 kB
.output/public/assets/p-number-field-9-CGHyXiPN.js                            0.55 kB │ gzip:   0.28 kB
.output/public/assets/p-context-menu-2-BHge20FX.js                            0.56 kB │ gzip:   0.34 kB
.output/public/assets/p-avatar-11-gIKSLkT4.js                                 0.56 kB │ gzip:   0.36 kB
.output/public/assets/p-textarea-11-DfQnKxTU.js                               0.56 kB │ gzip:   0.37 kB
.output/public/assets/p-group-7-DRsCYW-1.js                                   0.56 kB │ gzip:   0.33 kB
.output/public/assets/p-scroll-area-5-C7jnCyVS.js                             0.56 kB │ gzip:   0.38 kB
.output/public/assets/p-select-1-yRcBB6ep.js                                  0.57 kB │ gzip:   0.32 kB
.output/public/assets/p-calendar-7-_D5WQa7f.js                                0.57 kB │ gzip:   0.29 kB
.output/public/assets/p-calendar-16-CeQtHSll.js                               0.57 kB │ gzip:   0.39 kB
.output/public/assets/p-calendar-15-BLn6AbWF.js                               0.57 kB │ gzip:   0.39 kB
.output/public/assets/p-group-8-BjEhdtko.js                                   0.57 kB │ gzip:   0.34 kB
.output/public/assets/p-breadcrumb-2-B5gh47yL.js                              0.58 kB │ gzip:   0.27 kB
.output/public/assets/p-scroll-area-4-7c7jd_YZ.js                             0.58 kB │ gzip:   0.36 kB
.output/public/assets/p-otp-field-9-CSC-L3Vj.js                               0.58 kB │ gzip:   0.39 kB
.output/public/assets/p-otp-field-1-Bd3U_eCo.js                               0.58 kB │ gzip:   0.35 kB
.output/public/assets/p-calendar-22-CTUikOJm.js                               0.58 kB │ gzip:   0.39 kB
.output/public/assets/p-toast-10-QX0_tL4h.js                                  0.58 kB │ gzip:   0.33 kB
.output/public/assets/p-otp-field-10-BULK5zmC.js                              0.58 kB │ gzip:   0.38 kB
.output/public/assets/p-checkbox-group-1-Chc09HJ-.js                          0.59 kB │ gzip:   0.26 kB
.output/public/assets/p-scroll-area-1-Df6TCSAQ.js                             0.59 kB │ gzip:   0.37 kB
.output/public/assets/p-menu-7-Bgv5jJVA.js                                    0.59 kB │ gzip:   0.30 kB
.output/public/assets/p-pagination-1-DqX1yCXz.js                              0.59 kB │ gzip:   0.26 kB
.output/public/assets/p-textarea-9-6z21mKLi.js                                0.59 kB │ gzip:   0.35 kB
.output/public/assets/stylex-DeZlQAc-.js                                      0.59 kB │ gzip:   0.35 kB
.output/public/assets/p-input-group-24-CLP3zuVf.js                            0.60 kB │ gzip:   0.42 kB
.output/public/assets/p-alert-3-Bs53uelz.js                                   0.60 kB │ gzip:   0.36 kB
.output/public/assets/p-checkbox-group-2-Cy6GaGPJ.js                          0.60 kB │ gzip:   0.27 kB
.output/public/assets/useAriaLabelledBy-CNW6axfl.js                           0.60 kB │ gzip:   0.40 kB
.output/public/assets/p-group-20-C99zR_91.js                                  0.60 kB │ gzip:   0.29 kB
.output/public/assets/p-calendar-23-BYeE3LwV.js                               0.60 kB │ gzip:   0.40 kB
.output/public/assets/p-calendar-2-BjT5DX0x.js                                0.60 kB │ gzip:   0.36 kB
.output/public/assets/p-input-15-BlRo-ymp.js                                  0.61 kB │ gzip:   0.32 kB
.output/public/assets/p-skeleton-2-8S5Re6P5.js                                0.61 kB │ gzip:   0.30 kB
.output/public/assets/p-toast-11-DdnjNJQt.js                                  0.61 kB │ gzip:   0.35 kB
.output/public/assets/useCompositeItem-BmWOwJvw.js                            0.61 kB │ gzip:   0.41 kB
.output/public/assets/p-textarea-14-BbYZSGIc.js                               0.61 kB │ gzip:   0.34 kB
.output/public/assets/p-textarea-15-C-mJZes_.js                               0.62 kB │ gzip:   0.34 kB
.output/public/assets/p-field-16-DJ2Kdm5w.js                                  0.62 kB │ gzip:   0.34 kB
.output/public/assets/p-otp-field-8-B9fAPf3_.js                               0.62 kB │ gzip:   0.41 kB
.output/public/assets/p-toggle-3-CGKtgbuq.js                                  0.62 kB │ gzip:   0.36 kB
.output/public/assets/p-switch-3-DNzNRs4a.js                                  0.62 kB │ gzip:   0.38 kB
.output/public/assets/p-checkbox-4-B1eHaxAF.js                                0.63 kB │ gzip:   0.39 kB
.output/public/assets/p-field-2-DQnaVKQK.js                                   0.63 kB │ gzip:   0.35 kB
.output/public/assets/p-textarea-12-DDkd52rZ.js                               0.63 kB │ gzip:   0.35 kB
.output/public/assets/p-frame-1-Bx1I34Yi.js                                   0.63 kB │ gzip:   0.31 kB
.output/public/assets/p-group-17-D0BbP4Ju.js                                  0.63 kB │ gzip:   0.39 kB
.output/public/assets/p-textarea-5-C2wcytln.js                                0.63 kB │ gzip:   0.36 kB
.output/public/assets/p-menu-6-Qv3boq7D.js                                    0.63 kB │ gzip:   0.31 kB
.output/public/assets/p-badge-11-ANQls_g1.js                                  0.63 kB │ gzip:   0.36 kB
.output/public/assets/p-input-14-Ddyzp-bN.js                                  0.64 kB │ gzip:   0.38 kB
.output/public/assets/p-select-12-ANCiR6WU.js                                 0.64 kB │ gzip:   0.34 kB
.output/public/assets/p-menu-5-CGH5MLg1.js                                    0.64 kB │ gzip:   0.30 kB
.output/public/assets/p-checkbox-3-D7OfQFpJ.js                                0.64 kB │ gzip:   0.39 kB
.output/public/assets/p-slider-15-BsylbJPA.js                                 0.64 kB │ gzip:   0.43 kB
.output/public/assets/p-group-7-C8Bw93EY.js                                   0.64 kB │ gzip:   0.31 kB
.output/public/assets/p-button-21-o3DXhvIa.js                                 0.65 kB │ gzip:   0.42 kB
.output/public/assets/p-menu-4-BDjjYEUe.js                                    0.65 kB │ gzip:   0.30 kB
.output/public/assets/p-textarea-8-BAouHWJ-.js                                0.65 kB │ gzip:   0.39 kB
.output/public/assets/p-button-16-jM5z_NIa.js                                 0.65 kB │ gzip:   0.36 kB
.output/public/assets/p-button-18-mAYjUZpY.js                                 0.65 kB │ gzip:   0.35 kB
.output/public/assets/p-input-group-15--WxxN4yx.js                            0.65 kB │ gzip:   0.41 kB
.output/public/assets/p-breadcrumb-3-CNOobiDs.js                              0.65 kB │ gzip:   0.32 kB
.output/public/assets/p-context-menu-5-D0AGKBYg.js                            0.66 kB │ gzip:   0.35 kB
.output/public/assets/p-slider-12-C8jsQj-_.js                                 0.66 kB │ gzip:   0.41 kB
.output/public/assets/p-toast-5-D7tIf96v.js                                   0.66 kB │ gzip:   0.43 kB
.output/public/assets/p-button-13-BCowtLTJ.js                                 0.66 kB │ gzip:   0.38 kB
.output/public/assets/p-field-11-Dx30Eoqd.js                                  0.66 kB │ gzip:   0.36 kB
.output/public/assets/p-badge-20-D0SbiwY9.js                                  0.66 kB │ gzip:   0.46 kB
.output/public/assets/p-button-14-DEAVZUFp.js                                 0.66 kB │ gzip:   0.38 kB
.output/public/assets/p-button-15-C4kRDCYG.js                                 0.66 kB │ gzip:   0.38 kB
.output/public/assets/p-drawer-2-DsEK_sc0.js                                  0.67 kB │ gzip:   0.35 kB
.output/public/assets/p-select-16-W0Puj346.js                                 0.67 kB │ gzip:   0.38 kB
.output/public/assets/p-context-menu-3-Dvi-PxHA.js                            0.67 kB │ gzip:   0.35 kB
.output/public/assets/p-menu-9-BhwARb6U.js                                    0.67 kB │ gzip:   0.29 kB
.output/public/assets/p-group-8-tL-tD1W1.js                                   0.67 kB │ gzip:   0.32 kB
.output/public/assets/getPseudoElementBounds-DeV-KvU9.js                      0.67 kB │ gzip:   0.38 kB
.output/public/assets/p-alert-2-BlqFcrdz.js                                   0.68 kB │ gzip:   0.37 kB
.output/public/assets/p-drawer-1-Du0mWgOO.js                                  0.68 kB │ gzip:   0.36 kB
.output/public/assets/p-input-6-C6RLTzoR.js                                   0.68 kB │ gzip:   0.37 kB
.output/public/assets/p-alert-4-BB5DSO7w.js                                   0.68 kB │ gzip:   0.37 kB
.output/public/assets/p-meter-1-CAO7KNEc.js                                   0.68 kB │ gzip:   0.37 kB
.output/public/assets/p-group-16-CuYj4Sdg.js                                  0.68 kB │ gzip:   0.42 kB
.output/public/assets/p-slider-19-CNAbgijL.js                                 0.68 kB │ gzip:   0.43 kB
.output/public/assets/p-breadcrumb-6-CTYn9MEZ.js                              0.68 kB │ gzip:   0.33 kB
.output/public/assets/eye-gwSEQaWo.js                                         0.69 kB │ gzip:   0.37 kB
.output/public/assets/p-button-20-PSsNtlBR.js                                 0.69 kB │ gzip:   0.39 kB
.output/public/assets/p-progress-2-DeEd9o3E.js                                0.69 kB │ gzip:   0.36 kB
.output/public/assets/use-copy-to-clipboard-Cjab75Wj.js                       0.69 kB │ gzip:   0.42 kB
.output/public/assets/p-calendar-10-Cl1oLC2M.js                               0.69 kB │ gzip:   0.40 kB
.output/public/assets/p-select-7-CH8RUT2_.js                                  0.70 kB │ gzip:   0.45 kB
.output/public/assets/p-number-field-11-Bf3lhg-1.js                           0.70 kB │ gzip:   0.34 kB
.output/public/assets/p-alert-5-CKdzzUgU.js                                   0.70 kB │ gzip:   0.38 kB
.output/public/assets/p-select-4-CFP_moQu.js                                  0.70 kB │ gzip:   0.34 kB
.output/public/assets/p-select-2-PypTFLHN.js                                  0.70 kB │ gzip:   0.34 kB
.output/public/assets/p-select-3-BhmXU1_5.js                                  0.70 kB │ gzip:   0.34 kB
.output/public/assets/p-alert-7-Btw24KnZ.js                                   0.70 kB │ gzip:   0.38 kB
.output/public/assets/p-alert-6-y7FxUuJb.js                                   0.70 kB │ gzip:   0.38 kB
.output/public/assets/kbd-h-kCwH8K.js                                         0.71 kB │ gzip:   0.45 kB
.output/public/assets/p-input-group-21-BFr21KbN.js                            0.71 kB │ gzip:   0.42 kB
.output/public/assets/p-input-7-Dckztlbv.js                                   0.71 kB │ gzip:   0.36 kB
.output/public/assets/p-menu-7-BkHYTt9l.js                                    0.71 kB │ gzip:   0.30 kB
.output/public/assets/event-B9z4KXAD.js                                       0.72 kB │ gzip:   0.38 kB
.output/public/assets/p-button-37-CUoGsakg.js                                 0.72 kB │ gzip:   0.44 kB
.output/public/assets/p-field-5-Cr7gilBb.js                                   0.72 kB │ gzip:   0.42 kB
.output/public/assets/p-input-13-IQbO0d6e.js                                  0.72 kB │ gzip:   0.39 kB
.output/public/assets/p-frame-3-DQa9a9PO.js                                   0.72 kB │ gzip:   0.30 kB
.output/public/assets/p-select-5-CH5FPk2W.js                                  0.72 kB │ gzip:   0.35 kB
.output/public/assets/p-meter-3-DyzhceLJ.js                                   0.72 kB │ gzip:   0.40 kB
.output/public/assets/p-accordion-1-NdrUaN6p.js                               0.73 kB │ gzip:   0.46 kB
.output/public/assets/p-pagination-2-kwfzWc_H.js                              0.73 kB │ gzip:   0.38 kB
.output/public/assets/p-textarea-7-DGtdfU-J.js                                0.73 kB │ gzip:   0.40 kB
.output/public/assets/p-button-26-Cm-MWV1S.js                                 0.73 kB │ gzip:   0.44 kB
.output/public/assets/p-checkbox-group-3-BzANIuHN.js                          0.73 kB │ gzip:   0.42 kB
.output/public/assets/p-meter-4-CXcfQYdn.js                                   0.73 kB │ gzip:   0.41 kB
.output/public/assets/p-switch-4-DoSbs7kY.js                                  0.73 kB │ gzip:   0.45 kB
.output/public/assets/p-select-23-BmxUYqt1.js                                 0.74 kB │ gzip:   0.35 kB
.output/public/assets/p-button-35-DWi2JHNM.js                                 0.74 kB │ gzip:   0.44 kB
.output/public/assets/p-date-picker-1-BP-OHdBo.js                             0.74 kB │ gzip:   0.46 kB
.output/public/assets/p-combobox-1-B_YNuQZi.js                                0.75 kB │ gzip:   0.38 kB
.output/public/assets/p-slider-5-fMWPHwYt.js                                  0.75 kB │ gzip:   0.45 kB
.output/public/assets/p-button-19-ClrP93Hm.js                                 0.75 kB │ gzip:   0.43 kB
.output/public/assets/useTransitionStatus-CorVweak.js                         0.75 kB │ gzip:   0.39 kB
.output/public/assets/p-group-22-Ys3cAa46.js                                  0.75 kB │ gzip:   0.40 kB
.output/public/assets/p-tabs-1-B9FItJZe.js                                    0.75 kB │ gzip:   0.29 kB
.output/public/assets/p-combobox-7-BEzgGwIj.js                                0.76 kB │ gzip:   0.39 kB
.output/public/assets/p-fieldset-1-Bh4XzRys.js                                0.76 kB │ gzip:   0.40 kB
.output/public/assets/p-combobox-3-BT7mhTpM.js                                0.76 kB │ gzip:   0.39 kB
.output/public/assets/p-combobox-4-C6z5UC9l.js                                0.76 kB │ gzip:   0.39 kB
.output/public/assets/p-field-6-BroYTEH3.js                                   0.76 kB │ gzip:   0.45 kB
.output/public/assets/p-tabs-14-BaFmu1yJ.js                                   0.76 kB │ gzip:   0.30 kB
.output/public/assets/p-tabs-15-BK2dHxie.js                                   0.76 kB │ gzip:   0.30 kB
.output/public/assets/p-combobox-6-DZDxWeeD.js                                0.77 kB │ gzip:   0.39 kB
.output/public/assets/p-date-picker-6-BlKUseeo.js                             0.77 kB │ gzip:   0.47 kB
.output/public/assets/p-input-group-22-DKyHTSa-.js                            0.77 kB │ gzip:   0.49 kB
.output/public/assets/p-button-36-zx5DerZ_.js                                 0.77 kB │ gzip:   0.44 kB
.output/public/assets/p-progress-3-B92mByPi.js                                0.77 kB │ gzip:   0.42 kB
.output/public/assets/p-toggle-group-1-AlDK7fOY.js                            0.77 kB │ gzip:   0.35 kB
.output/public/assets/p-field-17-Df1Ei0-i.js                                  0.77 kB │ gzip:   0.32 kB
.output/public/assets/p-field-13-Hn-bDJ_s.js                                  0.77 kB │ gzip:   0.37 kB
.output/public/assets/p-avatar-3-Bj18CeRk.js                                  0.77 kB │ gzip:   0.35 kB
.output/public/assets/p-avatar-5-CqvVMFEG.js                                  0.78 kB │ gzip:   0.36 kB
.output/public/assets/p-combobox-2-D7j7DeLG.js                                0.78 kB │ gzip:   0.40 kB
.output/public/assets/p-menu-6-Cq45wLG8.js                                    0.78 kB │ gzip:   0.32 kB
.output/public/assets/p-avatar-4-XGfVa-2o.js                                  0.78 kB │ gzip:   0.32 kB
.output/public/assets/p-drawer-6-Bz4g-N9i.js                                  0.78 kB │ gzip:   0.42 kB
.output/public/assets/p-toggle-group-2-GnXM7Tl2.js                            0.78 kB │ gzip:   0.35 kB
.output/public/assets/p-toggle-group-3-N08TWNnJ.js                            0.78 kB │ gzip:   0.35 kB
.output/public/assets/p-combobox-15-CnD3vR9f.js                               0.78 kB │ gzip:   0.41 kB
.output/public/assets/p-tabs-5-NaDDg66J.js                                    0.78 kB │ gzip:   0.30 kB
.output/public/assets/p-toggle-group-6-dMP_AoL6.js                            0.78 kB │ gzip:   0.35 kB
.output/public/assets/p-toggle-group-7-rSvqAzk3.js                            0.78 kB │ gzip:   0.36 kB
.output/public/assets/p-toggle-group-8-B0aQBtSz.js                            0.78 kB │ gzip:   0.35 kB
.output/public/assets/p-alert-dialog-1-DS8gBDhG.js                            0.79 kB │ gzip:   0.39 kB
.output/public/assets/p-toggle-group-9-CCcQZNfA.js                            0.79 kB │ gzip:   0.45 kB
.output/public/assets/p-accordion-2-BVtl-Lys.js                               0.79 kB │ gzip:   0.42 kB
.output/public/assets/p-input-group-1-BjtZBBDl.js                             0.79 kB │ gzip:   0.41 kB
.output/public/assets/p-input-group-20-DACOJ9JR.js                            0.79 kB │ gzip:   0.41 kB
.output/public/assets/p-autocomplete-3-CuLxUYXV.js                            0.79 kB │ gzip:   0.40 kB
.output/public/assets/p-autocomplete-4-C5hHI-Mz.js                            0.79 kB │ gzip:   0.40 kB
.output/public/assets/p-autocomplete-2-CTmvWyDU.js                            0.79 kB │ gzip:   0.40 kB
.output/public/assets/p-autocomplete-6-D_prZjNL.js                            0.79 kB │ gzip:   0.40 kB
.output/public/assets/p-autocomplete-8-B-gX2AXA.js                            0.80 kB │ gzip:   0.40 kB
.output/public/assets/p-tabs-3-CQ-ndyn4.js                                    0.80 kB │ gzip:   0.31 kB
.output/public/assets/p-input-group-16-BJiEmWK9.js                            0.80 kB │ gzip:   0.41 kB
.output/public/assets/p-autocomplete-7-Bm1-QAd8.js                            0.80 kB │ gzip:   0.41 kB
.output/public/assets/p-input-group-7-CeF0hmDx.js                             0.80 kB │ gzip:   0.47 kB
.output/public/assets/p-alert-dialog-2-BKkNWoER.js                            0.80 kB │ gzip:   0.40 kB
.output/public/assets/p-accordion-3-CuAx3Qeg.js                               0.80 kB │ gzip:   0.43 kB
.output/public/assets/p-field-14-C5KA1I2Y.js                                  0.80 kB │ gzip:   0.39 kB
.output/public/assets/p-input-group-2-CgXOGNqB.js                             0.80 kB │ gzip:   0.42 kB
.output/public/assets/p-checkbox-5-DD84-BMe.js                                0.81 kB │ gzip:   0.51 kB
.output/public/assets/p-autocomplete-9-DKLaH9FO.js                            0.81 kB │ gzip:   0.41 kB
.output/public/assets/p-button-31-D9tImcuu.js                                 0.81 kB │ gzip:   0.50 kB
.output/public/assets/p-toggle-7-It8SWPtG.js                                  0.81 kB │ gzip:   0.35 kB
.output/public/assets/p-group-17-_kBrpFLZ.js                                  0.81 kB │ gzip:   0.39 kB
.output/public/assets/p-group-19-x2_XmoC_.js                                  0.82 kB │ gzip:   0.46 kB
.output/public/assets/p-autocomplete-1-QR_gDHH0.js                            0.82 kB │ gzip:   0.40 kB
.output/public/assets/p-slider-6-BqFwMNCN.js                                  0.82 kB │ gzip:   0.46 kB
.output/public/assets/p-button-23-CVkS6A4P.js                                 0.82 kB │ gzip:   0.54 kB
.output/public/assets/p-autocomplete-15-CxEkPefz.js                           0.82 kB │ gzip:   0.42 kB
.output/public/assets/p-collapsible-1-6JGsr_Vs.js                             0.82 kB │ gzip:   0.43 kB
.output/public/assets/p-avatar-13-J6C5o8VP.js                                 0.82 kB │ gzip:   0.37 kB
.output/public/assets/p-date-picker-8-iooeB5fN.js                             0.82 kB │ gzip:   0.38 kB
.output/public/assets/p-slider-20-tO24cqy2.js                                 0.83 kB │ gzip:   0.42 kB
.output/public/assets/p-avatar-14-C7qWIry-.js                                 0.83 kB │ gzip:   0.37 kB
.output/public/assets/p-select-1-Bu589Cae.js                                  0.83 kB │ gzip:   0.38 kB
.output/public/assets/p-toggle-group-4-CgTeVrpb.js                            0.83 kB │ gzip:   0.37 kB
.output/public/assets/p-input-group-6-BjNk3soF.js                             0.83 kB │ gzip:   0.37 kB
.output/public/assets/p-tabs-2-QOoUl8Fn.js                                    0.83 kB │ gzip:   0.32 kB
.output/public/assets/p-drawer-3-0Ug3ojiJ.js                                  0.84 kB │ gzip:   0.48 kB
.output/public/assets/p-input-group-13-Ca4ce8cJ.js                            0.84 kB │ gzip:   0.42 kB
.output/public/assets/p-input-group-14-DMW-W4oh.js                            0.84 kB │ gzip:   0.42 kB
.output/public/assets/p-toast-4-CXElWwan.js                                   0.84 kB │ gzip:   0.38 kB
.output/public/assets/useCompositeListItem-BEpenFZ2.js                        0.84 kB │ gzip:   0.46 kB
.output/public/assets/p-calendar-22-QmIXBuvc.js                               0.84 kB │ gzip:   0.45 kB
.output/public/assets/p-slider-2-_hG6KJHT.js                                  0.85 kB │ gzip:   0.43 kB
.output/public/assets/useLabel-DShMoeU7.js                                    0.85 kB │ gzip:   0.52 kB
.output/public/assets/shim-N3g_Pphv.js                                        0.85 kB │ gzip:   0.46 kB
.output/public/assets/p-switch-5-BEDr3aKl.js                                  0.85 kB │ gzip:   0.50 kB
.output/public/assets/p-otp-field-7-c4pKVqAk.js                               0.86 kB │ gzip:   0.51 kB
.output/public/assets/p-select-21-CGI7yol2.js                                 0.86 kB │ gzip:   0.42 kB
.output/public/assets/p-group-18-DubY7psZ.js                                  0.86 kB │ gzip:   0.47 kB
.output/public/assets/p-calendar-23--4OqO7jz.js                               0.87 kB │ gzip:   0.47 kB
.output/public/assets/p-separator-1-Do3Eattp.js                               0.87 kB │ gzip:   0.39 kB
.output/public/assets/p-radio-group-3-CatHFu0X.js                             0.87 kB │ gzip:   0.37 kB
.output/public/assets/p-toast-6-CiwmS0j-.js                                   0.88 kB │ gzip:   0.54 kB
.output/public/assets/useTriggerFocusGuards-DdZwknl5.js                       0.88 kB │ gzip:   0.49 kB
.output/public/assets/p-combobox-13-DIF7AuNV.js                               0.88 kB │ gzip:   0.47 kB
.output/public/assets/p-slider-16-Dqq5-6bQ.js                                 0.88 kB │ gzip:   0.51 kB
.output/public/assets/p-calendar-5-C4Wa5_Lz.js                                0.88 kB │ gzip:   0.51 kB
.output/public/assets/p-tabs-4-DJAXrLa6.js                                    0.88 kB │ gzip:   0.35 kB
.output/public/assets/p-input-18-DzoYG-AG.js                                  0.88 kB │ gzip:   0.45 kB
.output/public/assets/p-number-field-5-BPMfBy32.js                            0.88 kB │ gzip:   0.41 kB
.output/public/assets/p-popover-2-CcnMyiBN.js                                 0.88 kB │ gzip:   0.47 kB
.output/public/assets/p-date-picker-2-CQI3aOWv.js                             0.89 kB │ gzip:   0.51 kB
.output/public/assets/p-textarea-11-BXVAvl-h.js                               0.89 kB │ gzip:   0.45 kB
.output/public/assets/p-button-28-wKBx3cZn.js                                 0.89 kB │ gzip:   0.46 kB
.output/public/assets/p-select-12-Cgm_Bbqo.js                                 0.89 kB │ gzip:   0.39 kB
.output/public/assets/p-slider-4-DidPfQa3.js                                  0.90 kB │ gzip:   0.48 kB
.output/public/assets/p-frame-4-CuNsdIqq.js                                   0.90 kB │ gzip:   0.36 kB
.output/public/assets/p-field-8-CadMNeS_.js                                   0.90 kB │ gzip:   0.42 kB
.output/public/assets/p-toggle-group-5-BVOMUzj3.js                            0.90 kB │ gzip:   0.40 kB
.output/public/assets/p-form-1-kyEaDwin.js                                    0.90 kB │ gzip:   0.55 kB
.output/public/assets/p-alert-3-BuKJlkqe.js                                   0.90 kB │ gzip:   0.44 kB
.output/public/assets/p-textarea-6-E1QcUZow.js                                0.90 kB │ gzip:   0.54 kB
.output/public/assets/p-date-picker-9-l3qqW4Tg.js                             0.91 kB │ gzip:   0.52 kB
.output/public/assets/p-otp-field-3-D4ts-VVX.js                               0.91 kB │ gzip:   0.41 kB
.output/public/assets/p-button-31-CPfiRJAz.js                                 0.91 kB │ gzip:   0.45 kB
.output/public/assets/p-radio-group-7-dPEx81Mc.js                             0.91 kB │ gzip:   0.46 kB
.output/public/assets/p-select-6-BEgNjtyP.js                                  0.91 kB │ gzip:   0.42 kB
.output/public/assets/p-radio-group-9-B_c-uTGq.js                             0.91 kB │ gzip:   0.46 kB
.output/public/assets/p-breadcrumb-2-B2f33SUH.js                              0.92 kB │ gzip:   0.30 kB
.output/public/assets/p-radio-group-8-DoVZ45q0.js                             0.92 kB │ gzip:   0.46 kB
.output/public/assets/p-autocomplete-14-BXqEnl3x.js                           0.92 kB │ gzip:   0.48 kB
.output/public/assets/p-toast-13-eRzCrsDP.js                                  0.92 kB │ gzip:   0.56 kB
.output/public/assets/p-dialog-2-DEl7UjzW.js                                  0.93 kB │ gzip:   0.47 kB
.output/public/assets/p-field-7-CTPpY7m3.js                                   0.93 kB │ gzip:   0.44 kB
.output/public/assets/p-toast-12-0g-Jwxtv.js                                  0.93 kB │ gzip:   0.56 kB
.output/public/assets/useLabelableId-S_rG5Cwo.js                              0.93 kB │ gzip:   0.54 kB
.output/public/assets/p-badge-19-Bk3V7xBV.js                                  0.93 kB │ gzip:   0.54 kB
.output/public/assets/p-select-15-ReX0HInK.js                                 0.93 kB │ gzip:   0.44 kB
.output/public/assets/p-button-34-XGXJ3qAq.js                                 0.93 kB │ gzip:   0.52 kB
.output/public/assets/p-tabs-11-DG7s3I5o.js                                   0.93 kB │ gzip:   0.53 kB
.output/public/assets/with-selector-DjN54KPr.js                               0.93 kB │ gzip:   0.53 kB
.output/public/assets/p-calendar-10-BYgSP4JU.js                               0.94 kB │ gzip:   0.46 kB
.output/public/assets/p-slider-13-COuYkI61.js                                 0.94 kB │ gzip:   0.51 kB
.output/public/assets/p-button-30-Cu8Txshy.js                                 0.95 kB │ gzip:   0.49 kB
.output/public/assets/p-popover-1-Dtd0KSKX.js                                 0.95 kB │ gzip:   0.49 kB
.output/public/assets/p-select-18-_pHAQsqR.js                                 0.95 kB │ gzip:   0.48 kB
.output/public/assets/p-button-38-eZrksgEv.js                                 0.95 kB │ gzip:   0.36 kB
.output/public/assets/p-input-group-18-DRx3zMhc.js                            0.96 kB │ gzip:   0.53 kB
.output/public/assets/p-toast-2-CMOp6mZG.js                                   0.96 kB │ gzip:   0.48 kB
.output/public/assets/p-input-group-12-C70AWVXx.js                            0.97 kB │ gzip:   0.54 kB
.output/public/assets/p-combobox-9-CDQf7Dlo.js                                0.97 kB │ gzip:   0.47 kB
.output/public/assets/p-drawer-9-DZAgh_f_.js                                  0.97 kB │ gzip:   0.57 kB
.output/public/assets/p-field-11-C-lMLcKv.js                                  0.97 kB │ gzip:   0.41 kB
.output/public/assets/p-otp-field-4-BUoNS8hf.js                               0.98 kB │ gzip:   0.50 kB
.output/public/assets/p-select-13-BxirOz_2.js                                 0.98 kB │ gzip:   0.59 kB
.output/public/assets/p-toast-8-D-5So2a5.js                                   0.98 kB │ gzip:   0.62 kB
.output/public/assets/p-combobox-16-B2gHzOxc.js                               0.99 kB │ gzip:   0.59 kB
.output/public/assets/p-switch-3-C0Pjr5oQ.js                                  0.99 kB │ gzip:   0.47 kB
.output/public/assets/p-toast-6-CQB9ScbE.js                                   0.99 kB │ gzip:   0.54 kB
.output/public/assets/p-calendar-12-BzBSe7ZZ.js                               0.99 kB │ gzip:   0.49 kB
.output/public/assets/p-input-14-BSvN5Isk.js                                  0.99 kB │ gzip:   0.48 kB
.output/public/assets/p-avatar-10-B96E-Gz5.js                                 1.00 kB │ gzip:   0.51 kB
.output/public/assets/p-calendar-14-BI6aLLRc.js                               1.00 kB │ gzip:   0.57 kB
.output/public/assets/p-pagination-1-Do8Z7cPB.js                              1.00 kB │ gzip:   0.28 kB
.output/public/assets/p-kbd-1-DmHqAAIJ.js                                     1.00 kB │ gzip:   0.34 kB
.output/public/assets/film-B1b8cfgG.js                                        1.00 kB │ gzip:   0.45 kB
.output/public/assets/p-calendar-15-B1YtlFz7.js                               1.01 kB │ gzip:   0.51 kB
.output/public/assets/p-tabs-1-DCvNxp4b.js                                    1.01 kB │ gzip:   0.41 kB
.output/public/assets/_example-BJfBqtNQ.js                                    1.01 kB │ gzip:   0.63 kB
.output/public/assets/p-checkbox-3-C0kqhLCr.js                                1.01 kB │ gzip:   0.48 kB
.output/public/assets/p-input-8-ukf2oj4f.js                                   1.01 kB │ gzip:   0.59 kB
.output/public/assets/p-combobox-5-DOnwMpkF.js                                1.01 kB │ gzip:   0.52 kB
.output/public/assets/p-tabs-14-frSErgNy.js                                   1.02 kB │ gzip:   0.41 kB
.output/public/assets/p-tabs-15-Cz1JUkMF.js                                   1.02 kB │ gzip:   0.41 kB
.output/public/assets/p-textarea-8-B2okh0Ri.js                                1.02 kB │ gzip:   0.49 kB
.output/public/assets/p-radio-group-4-DNktvP4F.js                             1.03 kB │ gzip:   0.41 kB
.output/public/assets/p-avatar-8-D1jM_C1I.js                                  1.03 kB │ gzip:   0.52 kB
.output/public/assets/p-avatar-7-DIl9AGye.js                                  1.03 kB │ gzip:   0.53 kB
.output/public/assets/p-select-22-CjYwbHq4.js                                 1.04 kB │ gzip:   0.49 kB
.output/public/assets/p-autocomplete-5-z4M7DMdO.js                            1.04 kB │ gzip:   0.52 kB
.output/public/assets/p-date-picker-7-D5WLcwKn.js                             1.05 kB │ gzip:   0.58 kB
.output/public/assets/p-number-field-9-SDun4MRu.js                            1.06 kB │ gzip:   0.39 kB
.output/public/assets/DialogTitle-AsxT6E1K.js                                 1.06 kB │ gzip:   0.54 kB
.output/public/assets/useAnimationFrame-DEIoLWPj.js                           1.06 kB │ gzip:   0.49 kB
.output/public/assets/p-context-menu-4-BIkxL1dW.js                            1.07 kB │ gzip:   0.50 kB
.output/public/assets/p-calendar-6-DRforiAb.js                                1.07 kB │ gzip:   0.60 kB
.output/public/assets/p-toggle-group-1-DmSmadKd.js                            1.07 kB │ gzip:   0.44 kB
.output/public/assets/p-calendar-16-JTiDkNff.js                               1.08 kB │ gzip:   0.52 kB
.output/public/assets/p-combobox-1-BuVyRdKp.js                                1.08 kB │ gzip:   0.44 kB
.output/public/assets/p-toast-7-BYvvgtVE.js                                   1.08 kB │ gzip:   0.60 kB
.output/public/assets/p-button-24-CUXPVnFv.js                                 1.08 kB │ gzip:   0.39 kB
.output/public/assets/jsx-runtime-Cx0BB4qO.js                                 1.08 kB │ gzip:   0.61 kB
.output/public/assets/p-toggle-7-4QYUDyeU.js                                  1.08 kB │ gzip:   0.45 kB
.output/public/assets/p-toggle-group-6-C_a28Bl-.js                            1.08 kB │ gzip:   0.45 kB
.output/public/assets/p-toggle-group-8-BI9BCx07.js                            1.08 kB │ gzip:   0.45 kB
.output/public/assets/p-context-menu-1-CyI3sxgT.js                            1.08 kB │ gzip:   0.49 kB
.output/public/assets/p-toggle-group-2-BaP2xcdV.js                            1.08 kB │ gzip:   0.45 kB
.output/public/assets/p-toggle-group-3-Bp5Ps2LR.js                            1.08 kB │ gzip:   0.45 kB
.output/public/assets/p-toggle-group-7-Dd8-bZTm.js                            1.09 kB │ gzip:   0.45 kB
.output/public/assets/use-media-query-BiObONf7.js                             1.09 kB │ gzip:   0.57 kB
.output/public/assets/radio-group-CVeEoEtc.js                                 1.09 kB │ gzip:   0.69 kB
.output/public/assets/p-breadcrumb-7-DPAhB82a.js                              1.10 kB │ gzip:   0.59 kB
.output/public/assets/p-card-2-Bdr2I8Fi.js                                    1.10 kB │ gzip:   0.51 kB
.output/public/assets/p-frame-1-DbQ1w-KT.js                                   1.10 kB │ gzip:   0.44 kB
.output/public/assets/p-combobox-14-CuEpgbAF.js                               1.10 kB │ gzip:   0.55 kB
.output/public/assets/p-frame-2-BIXTd-HW.js                                   1.10 kB │ gzip:   0.56 kB
.output/public/assets/p-calendar-13-Bb4PaQis.js                               1.10 kB │ gzip:   0.61 kB
.output/public/assets/p-input-group-8-DyCSm0JR.js                             1.10 kB │ gzip:   0.59 kB
.output/public/assets/p-select-8-DQ-bKdK8.js                                  1.11 kB │ gzip:   0.61 kB
.output/public/assets/p-input-group-15-fY_VWCTG.js                            1.11 kB │ gzip:   0.53 kB
.output/public/assets/p-context-menu-8-sHDiRYKU.js                            1.12 kB │ gzip:   0.51 kB
.output/public/assets/p-combobox-6-BupxrZd-.js                                1.12 kB │ gzip:   0.45 kB
.output/public/assets/p-combobox-7-mVXiQksf.js                                1.12 kB │ gzip:   0.45 kB
.output/public/assets/p-tooltip-2-te7JgKoc.js                                 1.12 kB │ gzip:   0.43 kB
.output/public/assets/p-breadcrumb-1-CzbKSLbX.js                              1.12 kB │ gzip:   0.45 kB
.output/public/assets/createBaseUIEventDetails-gY_8ta4S.js                    1.12 kB │ gzip:   0.61 kB
.output/public/assets/p-combobox-3-D2rf1Po4.js                                1.12 kB │ gzip:   0.45 kB
.output/public/assets/p-combobox-4-SMGQuOa-.js                                1.12 kB │ gzip:   0.45 kB
.output/public/assets/p-button-36-CNjU318o.js                                 1.12 kB │ gzip:   0.54 kB
.output/public/assets/p-fieldset-1-BPlYd1pw.js                                1.12 kB │ gzip:   0.48 kB
.output/public/assets/p-input-group-29-Dssm7zDT.js                            1.12 kB │ gzip:   0.53 kB
.output/public/assets/p-group-16-C9_7UqRt.js                                  1.12 kB │ gzip:   0.52 kB
.output/public/assets/p-input-group-19-tpFk_LT8.js                            1.13 kB │ gzip:   0.53 kB
.output/public/assets/p-slider-23-DNGHcXzI.js                                 1.13 kB │ gzip:   0.62 kB
.output/public/assets/p-tabs-5-C2xGEAuH.js                                    1.13 kB │ gzip:   0.45 kB
.output/public/assets/p-button-35-mOF-Qz6p.js                                 1.13 kB │ gzip:   0.55 kB
.output/public/assets/p-combobox-2-xobDJ3kC.js                                1.13 kB │ gzip:   0.46 kB
.output/public/assets/p-combobox-18-Cs7n1E6o.js                               1.14 kB │ gzip:   0.58 kB
.output/public/assets/p-field-9-ReF176OJ.js                                   1.14 kB │ gzip:   0.52 kB
.output/public/assets/p-tabs-3-CItnuIHl.js                                    1.14 kB │ gzip:   0.45 kB
.output/public/assets/p-button-39-Afek_HYG.js                                 1.14 kB │ gzip:   0.59 kB
.output/public/assets/p-tabs-10-DpRkWdDR.js                                   1.15 kB │ gzip:   0.38 kB
.output/public/assets/p-button-27-BTr2ZhYu.js                                 1.15 kB │ gzip:   0.54 kB
.output/public/assets/p-navigation-2-CaZ7GqC3.js                              1.15 kB │ gzip:   0.45 kB
.output/public/assets/fieldset-7SzT_AqF.js                                    1.15 kB │ gzip:   0.61 kB
.output/public/assets/p-input-group-24-COgbpjEQ.js                            1.16 kB │ gzip:   0.60 kB
.output/public/assets/p-navigation-3-KEX3fXM7.js                              1.16 kB │ gzip:   0.45 kB
.output/public/assets/p-toast-5-BWULWRZK.js                                   1.16 kB │ gzip:   0.51 kB
.output/public/assets/p-avatar-11-JBs33boZ.js                                 1.16 kB │ gzip:   0.53 kB
.output/public/assets/p-sheet-1-CZjY7Pwd.js                                   1.16 kB │ gzip:   0.56 kB
.output/public/assets/p-select-10-zCb9JzXd.js                                 1.16 kB │ gzip:   0.47 kB
.output/public/assets/p-drawer-2-3l3jTge8.js                                  1.16 kB │ gzip:   0.48 kB
.output/public/assets/p-select-8-t9TDIMti.js                                  1.16 kB │ gzip:   0.55 kB
.output/public/assets/p-checkbox-group-3-_15lhvQh.js                          1.17 kB │ gzip:   0.53 kB
.output/public/assets/p-drawer-1-DWHaCLxw.js                                  1.17 kB │ gzip:   0.48 kB
.output/public/assets/p-frame-3-Cc3TesB-.js                                   1.17 kB │ gzip:   0.44 kB
.output/public/assets/p-calendar-18-C9T2kuZz.js                               1.17 kB │ gzip:   0.68 kB
.output/public/assets/p-select-16-B77lBjHw.js                                 1.18 kB │ gzip:   0.52 kB
.output/public/assets/p-autocomplete-2-BU4v_LQi.js                            1.18 kB │ gzip:   0.45 kB
.output/public/assets/p-context-menu-6-BWJeRevX.js                            1.18 kB │ gzip:   0.51 kB
.output/public/assets/p-toggle-group-4-Dds0Dh3o.js                            1.18 kB │ gzip:   0.47 kB
.output/public/assets/element-OOHQ9u1G.js                                     1.18 kB │ gzip:   0.61 kB
.output/public/assets/p-autocomplete-6-CuljfUgp.js                            1.18 kB │ gzip:   0.45 kB
.output/public/assets/p-dialog-1-BPbkMTY_.js                                  1.18 kB │ gzip:   0.57 kB
.output/public/assets/p-sheet-2-7meGnHPd.js                                   1.18 kB │ gzip:   0.53 kB
.output/public/assets/p-autocomplete-7-D0al-Kaq.js                            1.18 kB │ gzip:   0.45 kB
.output/public/assets/p-input-9-BYDS8Ijt.js                                   1.18 kB │ gzip:   0.64 kB
.output/public/assets/p-group-9-CRNDFsB5.js                                   1.18 kB │ gzip:   0.50 kB
.output/public/assets/p-button-27-wnff0run.js                                 1.19 kB │ gzip:   0.60 kB
.output/public/assets/p-autocomplete-3-Bf3ojHhv.js                            1.19 kB │ gzip:   0.45 kB
.output/public/assets/p-autocomplete-4-BR57trL8.js                            1.19 kB │ gzip:   0.45 kB
.output/public/assets/p-autocomplete-8-DisOazqX.js                            1.19 kB │ gzip:   0.45 kB
.output/public/assets/p-tabs-2-AFWBuMTC.js                                    1.19 kB │ gzip:   0.47 kB
.output/public/assets/p-context-menu-2-CQ5ke9G1.js                            1.19 kB │ gzip:   0.54 kB
.output/public/assets/p-dialog-2-aEPV3_ZF.js                                  1.19 kB │ gzip:   0.48 kB
.output/public/assets/p-group-2-hZ1gf799.js                                   1.20 kB │ gzip:   0.62 kB
.output/public/assets/p-alert-dialog-1-DnkfyJG1.js                            1.20 kB │ gzip:   0.43 kB
.output/public/assets/p-dialog-6-BYyQIeOu.js                                  1.20 kB │ gzip:   0.54 kB
.output/public/assets/p-accordion-1-DueOSQma.js                               1.20 kB │ gzip:   0.58 kB
.output/public/assets/p-autocomplete-9-BhWhKwpR.js                            1.21 kB │ gzip:   0.46 kB
.output/public/assets/p-empty-1-CO_PTdXo.js                                   1.21 kB │ gzip:   0.63 kB
.output/public/assets/p-avatar-9-B9C_EEyU.js                                  1.21 kB │ gzip:   0.56 kB
.output/public/assets/p-otp-field-10-DPSy5L5X.js                              1.21 kB │ gzip:   0.61 kB
.output/public/assets/p-card-11-BjDzNs1Z.js                                   1.22 kB │ gzip:   0.61 kB
.output/public/assets/p-alert-dialog-2-DmWuPMJ0.js                            1.22 kB │ gzip:   0.43 kB
.output/public/assets/p-slider-14-Cc0fFXoz.js                                 1.22 kB │ gzip:   0.60 kB
.output/public/assets/p-context-menu-7-E4kgjRJr.js                            1.22 kB │ gzip:   0.52 kB
.output/public/assets/p-drawer-11-Bc98QLKD.js                                 1.22 kB │ gzip:   0.43 kB
.output/public/assets/p-radio-group-5-DYXXQ728.js                             1.23 kB │ gzip:   0.62 kB
.output/public/assets/p-tabs-6-awKDucVW.js                                    1.23 kB │ gzip:   0.44 kB
.output/public/assets/p-select-11-DFFhn7h6.js                                 1.23 kB │ gzip:   0.67 kB
.output/public/assets/p-autocomplete-1-xRO0Uzm3.js                            1.23 kB │ gzip:   0.46 kB
.output/public/assets/p-scroll-area-3-C4znzzdb.js                             1.23 kB │ gzip:   0.70 kB
.output/public/assets/p-otp-field-9-CbiRaVUj.js                               1.23 kB │ gzip:   0.59 kB
.output/public/assets/p-toggle-8-C6eGXJXW.js                                  1.23 kB │ gzip:   0.70 kB
.output/public/assets/p-navigation-1-Dsba8pzQ.js                              1.23 kB │ gzip:   0.47 kB
.output/public/assets/p-accordion-2-XRqV0g5K.js                               1.24 kB │ gzip:   0.50 kB
.output/public/assets/p-group-9-BGrLA8vm.js                                   1.24 kB │ gzip:   0.53 kB
.output/public/assets/p-group-22-BRpt-hRb.js                                  1.24 kB │ gzip:   0.48 kB
.output/public/assets/p-breadcrumb-3-CA1CyV5p.js                              1.24 kB │ gzip:   0.45 kB
.output/public/assets/p-accordion-3-Bn6TYY39.js                               1.25 kB │ gzip:   0.51 kB
.output/public/assets/p-button-23-BjS9gbDj.js                                 1.25 kB │ gzip:   0.59 kB
.output/public/assets/p-field-6-Cr9XFosD.js                                   1.25 kB │ gzip:   0.58 kB
.output/public/assets/checkbox-kPpq780D.js                                    1.25 kB │ gzip:   0.82 kB
.output/public/assets/p-input-group-3-B-ORFMOM.js                             1.26 kB │ gzip:   0.61 kB
.output/public/assets/p-otp-field-8-C8qn292I.js                               1.26 kB │ gzip:   0.65 kB
.output/public/assets/p-select-7-vytoMizP.js                                  1.26 kB │ gzip:   0.59 kB
.output/public/assets/p-slider-12-B90am_Qs.js                                 1.27 kB │ gzip:   0.54 kB
.output/public/assets/p-scroll-area-2-DIkddTyI.js                             1.27 kB │ gzip:   0.57 kB
.output/public/assets/p-checkbox-group-5-wEgfsu0h.js                          1.27 kB │ gzip:   0.65 kB
.output/public/assets/p-group-19-DJt5qhl3.js                                  1.27 kB │ gzip:   0.52 kB
.output/public/assets/p-toggle-group-5-DTgS85Hy.js                            1.27 kB │ gzip:   0.50 kB
.output/public/assets/p-drawer-3-CEmrqswj.js                                  1.28 kB │ gzip:   0.59 kB
.output/public/assets/p-tabs-8-DR0P5GU_.js                                    1.28 kB │ gzip:   0.46 kB
.output/public/assets/p-group-12-qHCLKUi-.js                                  1.28 kB │ gzip:   0.59 kB
.output/public/assets/p-slider-15-BhWgqMSv.js                                 1.28 kB │ gzip:   0.61 kB
.output/public/assets/p-slider-19-BievH07k.js                                 1.28 kB │ gzip:   0.57 kB
.output/public/assets/p-scroll-area-5-CUxOdEil.js                             1.29 kB │ gzip:   0.58 kB
.output/public/assets/p-breadcrumb-6-BmcvvADS.js                              1.29 kB │ gzip:   0.46 kB
.output/public/assets/p-checkbox-5-wvsMB_Mc.js                                1.30 kB │ gzip:   0.62 kB
.output/public/assets/p-number-field-10-BNGfUzw5.js                           1.30 kB │ gzip:   0.73 kB
.output/public/assets/p-tabs-7-CB_etzJ7.js                                    1.30 kB │ gzip:   0.47 kB
.output/public/assets/p-scroll-area-4-CVBEuZDf.js                             1.31 kB │ gzip:   0.55 kB
.output/public/assets/p-combobox-17-CHKW9qjj.js                               1.32 kB │ gzip:   0.77 kB
.output/public/assets/p-calendar-17-DGfusMgq.js                               1.32 kB │ gzip:   0.75 kB
.output/public/assets/p-radio-group-3-DLYZE59j.js                             1.32 kB │ gzip:   0.50 kB
.output/public/assets/p-accordion-4-BQIld5cp.js                               1.33 kB │ gzip:   0.66 kB
.output/public/assets/p-input-group-22-s13TdxFN.js                            1.33 kB │ gzip:   0.62 kB
.output/public/assets/popupHandle-B-kdc49d.js                                 1.33 kB │ gzip:   0.57 kB
.output/public/assets/p-group-18-CstWnaLW.js                                  1.33 kB │ gzip:   0.54 kB
.output/public/assets/p-switch-5-6_F1PyQ4.js                                  1.33 kB │ gzip:   0.61 kB
.output/public/assets/p-scroll-area-1-aSJt7XZX.js                             1.34 kB │ gzip:   0.57 kB
.output/public/assets/p-input-group-21-DEgkUItn.js                            1.34 kB │ gzip:   0.57 kB
.output/public/assets/p-field-8-DbjpcmTD.js                                   1.35 kB │ gzip:   0.50 kB
.output/public/assets/p-combobox-15-cl4ZdhX1.js                               1.35 kB │ gzip:   0.54 kB
.output/public/assets/components-B4gKdkBE.js                                  1.35 kB │ gzip:   0.71 kB
.output/public/assets/p-tabs-4-BjZsoD8W.js                                    1.35 kB │ gzip:   0.53 kB
.output/public/assets/p-group-10-DXFD1TWz.js                                  1.35 kB │ gzip:   0.48 kB
.output/public/assets/p-avatar-3-Cq1uIkVo.js                                  1.36 kB │ gzip:   0.46 kB
.output/public/assets/p-card-5-CG_5dAYo.js                                    1.36 kB │ gzip:   0.63 kB
.output/public/assets/p-form-1-Cgo9tDFP.js                                    1.36 kB │ gzip:   0.65 kB
.output/public/assets/p-field-13-Dc1dcY36.js                                  1.36 kB │ gzip:   0.50 kB
.output/public/assets/p-group-13-0HrmAgL8.js                                  1.36 kB │ gzip:   0.58 kB
.output/public/assets/p-input-12-CKDU6hRF.js                                  1.37 kB │ gzip:   0.59 kB
.output/public/assets/p-input-group-5-CrCwxbLc.js                             1.37 kB │ gzip:   0.62 kB
.output/public/assets/p-otp-field-6-BQPcz18k.js                               1.38 kB │ gzip:   0.76 kB
.output/public/assets/p-input-16-BBpuHaYb.js                                  1.38 kB │ gzip:   0.60 kB
.output/public/assets/p-field-14-CwenIYhT.js                                  1.39 kB │ gzip:   0.53 kB
.output/public/assets/p-calendar-20-l-k6FBUc.js                               1.40 kB │ gzip:   0.60 kB
.output/public/assets/p-card-9-BOZnZaw1.js                                    1.40 kB │ gzip:   0.65 kB
.output/public/assets/p-kbd-1-Bga2V5zH.js                                     1.40 kB │ gzip:   0.49 kB
.output/public/assets/p-drawer-6-C-dSGv8j.js                                  1.40 kB │ gzip:   0.61 kB
.output/public/assets/p-input-group-17-CSLFp-K1.js                            1.40 kB │ gzip:   0.61 kB
.output/public/assets/p-toggle-group-9-DsmHgTMq.js                            1.41 kB │ gzip:   0.60 kB
.output/public/assets/p-textarea-6-Bpa28x9f.js                                1.41 kB │ gzip:   0.65 kB
.output/public/assets/p-avatar-4-CUccxUm0.js                                  1.41 kB │ gzip:   0.46 kB
.output/public/assets/p-field-7-D5IxyLqr.js                                   1.41 kB │ gzip:   0.51 kB
.output/public/assets/p-input-group-28-ByZsyr5Z.js                            1.41 kB │ gzip:   0.68 kB
.output/public/assets/textarea-B6iKrwRU.js                                    1.41 kB │ gzip:   0.86 kB
.output/public/assets/p-autocomplete-15-DmKSwV5h.js                           1.42 kB │ gzip:   0.54 kB
.output/public/assets/p-date-picker-5-C6yeZaqS.js                             1.43 kB │ gzip:   0.80 kB
.output/public/assets/p-context-menu-5-CoKb8GAX.js                            1.43 kB │ gzip:   0.54 kB
.output/public/assets/p-select-6-B7kvTSTA.js                                  1.43 kB │ gzip:   0.48 kB
.output/public/assets/p-date-picker-1-Dlob2eFu.js                             1.43 kB │ gzip:   0.63 kB
.output/public/assets/p-context-menu-3-DLA_Gbmy.js                            1.43 kB │ gzip:   0.54 kB
.output/public/assets/stylex-CiFZl61Z.js                                      1.44 kB │ gzip:   0.80 kB
.output/public/assets/p-avatar-12-CMRKJs_d.js                                 1.44 kB │ gzip:   0.72 kB
.output/public/assets/useOpenChangeComplete-DXIhk-UI.js                       1.44 kB │ gzip:   0.77 kB
.output/public/assets/p-combobox-11-z3W5JYB9.js                               1.45 kB │ gzip:   0.74 kB
.output/public/assets/p-input-group-23-DpEAsk0I.js                            1.45 kB │ gzip:   0.70 kB
.output/public/assets/p-input-group-7-CuToRLnW.js                             1.45 kB │ gzip:   0.61 kB
.output/public/assets/p-button-19-UJBXUVlY.js                                 1.45 kB │ gzip:   0.63 kB
.output/public/assets/frame-BK3fxU98.js                                       1.46 kB │ gzip:   0.60 kB
.output/public/assets/p-slider-11-CMkjFG60.js                                 1.46 kB │ gzip:   0.71 kB
.output/public/assets/p-button-38-Be7dA9ry.js                                 1.48 kB │ gzip:   0.52 kB
.output/public/assets/p-form-2-BMPkee2J.js                                    1.48 kB │ gzip:   0.76 kB
.output/public/assets/p-autocomplete-13-Cnhzpje3.js                           1.48 kB │ gzip:   0.76 kB
.output/public/assets/p-checkbox-4-BeH-o-Zi.js                                1.48 kB │ gzip:   0.62 kB
.output/public/assets/p-select-17-nPeUukRG.js                                 1.48 kB │ gzip:   0.64 kB
.output/public/assets/p-breadcrumb-5-B8NeActb.js                              1.49 kB │ gzip:   0.56 kB
.output/public/assets/p-button-21-CL6f_hXD.js                                 1.49 kB │ gzip:   0.71 kB
.output/public/assets/p-select-14-CmIqrIhO.js                                 1.49 kB │ gzip:   0.65 kB
.output/public/assets/p-empty-1-Suf-Kbh7.js                                   1.50 kB │ gzip:   0.60 kB
.output/public/assets/p-frame-4-BXNItE-n.js                                   1.50 kB │ gzip:   0.51 kB
.output/public/assets/p-button-37-BC_Jj8mA.js                                 1.50 kB │ gzip:   0.69 kB
.output/public/assets/p-group-15-DGRZr649.js                                  1.51 kB │ gzip:   0.67 kB
.output/public/assets/p-calendar-24-CbQCv-53.js                               1.51 kB │ gzip:   0.85 kB
.output/public/assets/p-date-picker-6-BeG0Pyl2.js                             1.51 kB │ gzip:   0.66 kB
.output/public/assets/p-autocomplete-11-BMyNn_o5.js                           1.51 kB │ gzip:   0.69 kB
.output/public/assets/p-group-14-BlCAFgDk.js                                  1.52 kB │ gzip:   0.76 kB
.output/public/assets/p-select-19-Cx6lTypO.js                                 1.53 kB │ gzip:   0.64 kB
.output/public/assets/p-combobox-13-BnoQeSH-.js                               1.53 kB │ gzip:   0.64 kB
.output/public/assets/p-input-group-18-CTSnpAZO.js                            1.53 kB │ gzip:   0.66 kB
.output/public/assets/p-separator-1-T904AL4h.js                               1.54 kB │ gzip:   0.55 kB
.output/public/assets/p-button-26-LcUwscfk.js                                 1.55 kB │ gzip:   0.71 kB
.output/public/assets/p-breadcrumb-4-Bp18oGdq.js                              1.55 kB │ gzip:   0.68 kB
.output/public/assets/p-input-11-BMxMd52m.js                                  1.56 kB │ gzip:   0.67 kB
.output/public/assets/p-combobox-5-928gBYwN.js                                1.56 kB │ gzip:   0.64 kB
.output/public/assets/p-button-22-DjEzXwTE.js                                 1.56 kB │ gzip:   0.56 kB
.output/public/assets/p-button-24-CUFeQLot.js                                 1.56 kB │ gzip:   0.53 kB
.output/public/assets/p-date-picker-4-B5-eIS7d.js                             1.56 kB │ gzip:   0.69 kB
.output/public/assets/p-checkbox-group-4-CGkACTAQ.js                          1.57 kB │ gzip:   0.66 kB
.output/public/assets/p-group-11-EDPrqcmU.js                                  1.57 kB │ gzip:   0.78 kB
.output/public/assets/p-group-5-D2v6MOvb.js                                   1.57 kB │ gzip:   0.65 kB
.output/public/assets/p-drawer-4-Dpm6ywCt.js                                  1.58 kB │ gzip:   0.41 kB
.output/public/assets/p-drawer-14-DpmOW5lz.js                                 1.58 kB │ gzip:   0.67 kB
.output/public/assets/p-group-3-CbmjyhX8.js                                   1.58 kB │ gzip:   0.64 kB
.output/public/assets/p-group-4-BtFA4F04.js                                   1.58 kB │ gzip:   0.64 kB
.output/public/assets/p-drawer-5-dn6NMRfb.js                                  1.59 kB │ gzip:   0.41 kB
.output/public/assets/p-group-6-xz2B4cDI.js                                   1.59 kB │ gzip:   0.68 kB
.output/public/assets/p-card-1-B3NS6h_9.js                                    1.60 kB │ gzip:   0.72 kB
.output/public/assets/p-tooltip-3-D4V56lo1.js                                 1.60 kB │ gzip:   0.62 kB
.output/public/assets/p-autocomplete-14-A-hJn1aB.js                           1.60 kB │ gzip:   0.64 kB
.output/public/assets/p-card-7-cOUcN8RZ.js                                    1.61 kB │ gzip:   0.75 kB
.output/public/assets/p-skeleton-2-pPJJmWzQ.js                                1.61 kB │ gzip:   0.47 kB
.output/public/assets/p-group-1-DakCQH1B.js                                   1.61 kB │ gzip:   0.63 kB
.output/public/assets/p-breadcrumb-5-B-vyUpmE.js                              1.61 kB │ gzip:   0.51 kB
.output/public/assets/p-card-6-hNmxvUPC.js                                    1.61 kB │ gzip:   0.74 kB
.output/public/assets/p-card-8-CaAmTEJA.js                                    1.62 kB │ gzip:   0.75 kB
.output/public/assets/p-tabs-13-Cg-j3QVr.js                                   1.62 kB │ gzip:   0.53 kB
.output/public/assets/p-toast-2-C17yUo68.js                                   1.62 kB │ gzip:   0.54 kB
.output/public/assets/p-autocomplete-5-BsWRB-hN.js                            1.62 kB │ gzip:   0.64 kB
.output/public/assets/p-date-picker-3-BQvFK5Pm.js                             1.63 kB │ gzip:   0.85 kB
.output/public/assets/p-pagination-2-CLDkB7IQ.js                              1.63 kB │ gzip:   0.56 kB
.output/public/assets/p-input-group-27-CQDYDQHv.js                            1.64 kB │ gzip:   0.84 kB
.output/public/assets/p-otp-field-7-B-lcXWtH.js                               1.65 kB │ gzip:   0.73 kB
.output/public/assets/p-slider-11-dKpb0mt7.js                                 1.65 kB │ gzip:   0.65 kB
.output/public/assets/p-card-10-Cpa9sblB.js                                   1.66 kB │ gzip:   0.74 kB
.output/public/assets/p-field-5-eoqAwPTC.js                                   1.66 kB │ gzip:   0.71 kB
.output/public/assets/p-input-10-oUR3qR6S.js                                  1.66 kB │ gzip:   0.84 kB
.output/public/assets/p-combobox-9-CCHDl4Tq.js                                1.66 kB │ gzip:   0.58 kB
.output/public/assets/p-slider-21-ChKGNjGC.js                                 1.66 kB │ gzip:   0.89 kB
.output/public/assets/alert-ZOqQQWUO.js                                       1.67 kB │ gzip:   0.84 kB
.output/public/assets/p-card-4-2Ie9gbor.js                                    1.67 kB │ gzip:   0.73 kB
.output/public/assets/p-dialog-4-CM9gieJ4.js                                  1.67 kB │ gzip:   0.74 kB
.output/public/assets/p-card-3-BT210BXA.js                                    1.68 kB │ gzip:   0.80 kB
.output/public/assets/p-popover-1-B5ZVuMAH.js                                 1.68 kB │ gzip:   0.63 kB
.output/public/assets/p-combobox-12-BNSiWPwc.js                               1.69 kB │ gzip:   0.85 kB
.output/public/assets/p-scroll-area-3-JjizIMhR.js                             1.69 kB │ gzip:   0.83 kB
.output/public/assets/p-breadcrumb-7-B7Iw-0SQ.js                              1.69 kB │ gzip:   0.65 kB
.output/public/assets/p-tabs-9-Dj7pOR77.js                                    1.70 kB │ gzip:   0.66 kB
.output/public/assets/p-toast-13-CXjHKGEK.js                                  1.73 kB │ gzip:   0.76 kB
.output/public/assets/p-toast-9-D-qVx6vv.js                                   1.73 kB │ gzip:   0.93 kB
.output/public/assets/p-switch-4-CsfwkDbf.js                                  1.73 kB │ gzip:   0.71 kB
.output/public/assets/p-tabs-6-DTFuPhtW.js                                    1.73 kB │ gzip:   0.61 kB
.output/public/assets/p-date-picker-2-zgJ6Jcke.js                             1.73 kB │ gzip:   0.71 kB
.output/public/assets/p-sheet-2-CxPIoqTs.js                                   1.74 kB │ gzip:   0.64 kB
.output/public/assets/p-tabs-10--sB0c0Zs.js                                   1.75 kB │ gzip:   0.55 kB
.output/public/assets/p-toast-12-QSLSbGdJ.js                                  1.75 kB │ gzip:   0.75 kB
.output/public/assets/store-Bs7Rv4US.js                                       1.76 kB │ gzip:   0.61 kB
.output/public/assets/p-date-picker-9-B7ORdPl_.js                             1.76 kB │ gzip:   0.73 kB
.output/public/assets/p-tabs-12-DRAmcgB3.js                                   1.78 kB │ gzip:   0.73 kB
.output/public/assets/useRegisterFieldControl-Bg3V4N78.js                     1.78 kB │ gzip:   0.88 kB
.output/public/assets/p-tooltip-2-BZm2ErO0.js                                 1.78 kB │ gzip:   0.56 kB
.output/public/assets/p-tabs-11-DzzgHUaF.js                                   1.79 kB │ gzip:   0.77 kB
.output/public/assets/p-sheet-1-BAD0TXvh.js                                   1.80 kB │ gzip:   0.70 kB
.output/public/assets/p-slider-16-gTBwx6Pb.js                                 1.81 kB │ gzip:   0.75 kB
.output/public/assets/p-table-5-Dd8w05t7.js                                   1.82 kB │ gzip:   0.75 kB
.output/public/assets/p-input-group-12-8jM9qqRq.js                            1.82 kB │ gzip:   0.73 kB
.output/public/assets/p-select-18-BxVo1CDx.js                                 1.82 kB │ gzip:   0.70 kB
.output/public/assets/p-tabs-8-Cxq2Ef3B.js                                    1.82 kB │ gzip:   0.63 kB
.output/public/assets/p-drawer-9-DeeHChrG.js                                  1.83 kB │ gzip:   0.80 kB
.output/public/assets/p-slider-5-Da40JV9y.js                                  1.83 kB │ gzip:   0.74 kB
.output/public/assets/FieldControl-DgncSqUf.js                                1.83 kB │ gzip:   1.00 kB
.output/public/assets/p-calendar-19-BpIgSygQ.js                               1.84 kB │ gzip:   0.80 kB
.output/public/assets/p-card-2-D-iSLZdP.js                                    1.85 kB │ gzip:   0.69 kB
.output/public/assets/p-drawer-12-CXIV8xm0.js                                 1.85 kB │ gzip:   0.71 kB
.output/public/assets/p-combobox-16-DV2ib4wv.js                               1.85 kB │ gzip:   0.81 kB
.output/public/assets/p-popover-2-DuETVoPr.js                                 1.86 kB │ gzip:   0.70 kB
.output/public/assets/p-drawer-7-BB40PqV2.js                                  1.86 kB │ gzip:   0.58 kB
.output/public/assets/p-dialog-3-Ckfhoemo.js                                  1.86 kB │ gzip:   0.62 kB
.output/public/assets/p-select-20-CFDEuehV.js                                 1.86 kB │ gzip:   0.69 kB
.output/public/assets/p-toast-8-DQQ7Mral.js                                   1.88 kB │ gzip:   0.82 kB
.output/public/assets/p-card-11-B6fCCvqt.js                                   1.89 kB │ gzip:   0.66 kB
.output/public/assets/p-collapsible-1-89SdSBOj.js                             1.90 kB │ gzip:   0.74 kB
.output/public/assets/p-calendar-5-Vh4BnkAR.js                                1.90 kB │ gzip:   0.79 kB
.output/public/assets/p-drawer-8-PvJexG22.js                                  1.90 kB │ gzip:   0.63 kB
.output/public/assets/p-navigation-2-Cp9UJ6WG.js                              1.91 kB │ gzip:   0.77 kB
.output/public/assets/p-navigation-3-DY5wVZoF.js                              1.91 kB │ gzip:   0.77 kB
.output/public/assets/breadcrumb-ChCG25np.js                                  1.91 kB │ gzip:   0.83 kB
.output/public/assets/form-CqrWb1RA.js                                        1.93 kB │ gzip:   1.05 kB
.output/public/assets/p-input-group-8-DdyF8VAE.js                             1.93 kB │ gzip:   0.75 kB
.output/public/assets/p-pagination-3-DhxT-me6.js                              1.93 kB │ gzip:   0.87 kB
.output/public/assets/p-field-9-CCW3uqQH.js                                   1.93 kB │ gzip:   0.65 kB
.output/public/assets/p-dialog-6-mDBB74C1.js                                  1.95 kB │ gzip:   0.71 kB
.output/public/assets/p-calendar-21-BnFC2vNd.js                               1.95 kB │ gzip:   0.70 kB
.output/public/assets/p-navigation-1-BISo8-tv.js                              1.95 kB │ gzip:   0.78 kB
.output/public/assets/p-group-2-Snp340CU.js                                   1.97 kB │ gzip:   0.77 kB
.output/public/assets/p-tabs-7-GC4GTOFV.js                                    1.98 kB │ gzip:   0.67 kB
.output/public/assets/p-group-11-BJvRt2Mp.js                                  2.00 kB │ gzip:   0.76 kB
.output/public/assets/p-select-13-CKulT2Fv.js                                 2.00 kB │ gzip:   0.88 kB
.output/public/assets/p-date-picker-7-z7cuOd9p.js                             2.01 kB │ gzip:   0.79 kB
.output/public/assets/p-toast-7-D8JaqOm7.js                                   2.01 kB │ gzip:   0.79 kB
.output/public/assets/DialogPopup-D5ScU-oA.js                                 2.01 kB │ gzip:   0.97 kB
.output/public/assets/p-select-9-B7z5TDZi.js                                  2.01 kB │ gzip:   0.72 kB
.output/public/assets/p-dialog-1-Cn48dX3H.js                                  2.01 kB │ gzip:   0.76 kB
.output/public/assets/p-toggle-8-Cp79kg_9.js                                  2.02 kB │ gzip:   0.78 kB
.output/public/assets/p-breadcrumb-1-DZQJelKn.js                              2.04 kB │ gzip:   0.62 kB
.output/public/assets/p-avatar-5-D2N8GV8o.js                                  2.04 kB │ gzip:   0.58 kB
.output/public/assets/p-slider-13-Da0bJdYY.js                                 2.05 kB │ gzip:   0.75 kB
.output/public/assets/p-badge-19-DHCT0gFI.js                                  2.06 kB │ gzip:   0.83 kB
.output/public/assets/p-select-11-D30WFY_j.js                                 2.06 kB │ gzip:   0.87 kB
.output/public/assets/p-drawer-10-Foc2il6I.js                                 2.06 kB │ gzip:   0.59 kB
.output/public/assets/p-tooltip-4-cCZrhhO4.js                                 2.07 kB │ gzip:   0.83 kB
.output/public/assets/p-radio-group-7-DyfzoGtg.js                             2.07 kB │ gzip:   0.81 kB
.output/public/assets/p-radio-group-9-CwCm0Sg1.js                             2.08 kB │ gzip:   0.81 kB
.output/public/assets/p-slider-23-DeZ6_3cf.js                                 2.08 kB │ gzip:   0.84 kB
.output/public/assets/p-context-menu-6-BuRcE0C-.js                            2.08 kB │ gzip:   0.72 kB
.output/public/assets/p-radio-group-8-CajafgKu.js                             2.08 kB │ gzip:   0.81 kB
.output/public/assets/p-combobox-14-cRYHOZzi.js                               2.08 kB │ gzip:   0.77 kB
.output/public/assets/badge-oPVPR2B1.js                                       2.09 kB │ gzip:   1.14 kB
.output/public/assets/p-badge-20-NmTJ1evR.js                                  2.09 kB │ gzip:   0.85 kB
.output/public/assets/p-table-2-BHrtv2b2.js                                   2.09 kB │ gzip:   0.87 kB
.output/public/assets/p-slider-14-DBjOCNF2.js                                 2.10 kB │ gzip:   0.80 kB
.output/public/assets/p-input-group-19-BZIhMZYU.js                            2.10 kB │ gzip:   0.77 kB
.output/public/assets/p-group-12-BRcQYAno.js                                  2.11 kB │ gzip:   0.74 kB
.output/public/assets/p-table-7-CEWVvVez.js                                   2.11 kB │ gzip:   0.88 kB
.output/public/assets/p-select-9-BsgUozU2.js                                  2.13 kB │ gzip:   0.92 kB
.output/public/assets/p-select-10-DPD-wgka.js                                 2.15 kB │ gzip:   0.70 kB
.output/public/assets/composite-CY6TMZr3.js                                   2.15 kB │ gzip:   0.78 kB
.output/public/assets/p-radio-group-5-DXLudrfM.js                             2.15 kB │ gzip:   0.81 kB
.output/public/assets/p-input-group-29-Byq2QRzP.js                            2.15 kB │ gzip:   0.74 kB
.output/public/assets/p-checkbox-group-5-BKy3Q9RX.js                          2.21 kB │ gzip:   0.83 kB
.output/public/assets/p-input-group-28-DxIQzint.js                            2.21 kB │ gzip:   0.73 kB
.output/public/assets/p-combobox-18-0-i8xY1X.js                               2.22 kB │ gzip:   0.85 kB
.output/public/assets/pagination-pOxxqza3.js                                  2.23 kB │ gzip:   0.94 kB
.output/public/assets/p-popover-3-DgHvTRYg.js                                 2.23 kB │ gzip:   1.04 kB
.output/public/assets/p-group-13-WR9bjuId.js                                  2.26 kB │ gzip:   0.77 kB
.output/public/assets/p-avatar-13-DCOQJnVO.js                                 2.26 kB │ gzip:   0.61 kB
.output/public/assets/p-avatar-14-DJZ1v5c9.js                                 2.27 kB │ gzip:   0.61 kB
.output/public/assets/p-avatar-12-DzxoNYK_.js                                 2.29 kB │ gzip:   0.93 kB
.output/public/assets/p-calendar-6-C9vmuPXA.js                                2.29 kB │ gzip:   0.94 kB
.output/public/assets/p-accordion-4-C0fR_wG5.js                               2.30 kB │ gzip:   0.86 kB
.output/public/assets/floating-ui.utils.dom-Bga_OvHD.js                       2.30 kB │ gzip:   1.05 kB
.output/public/assets/useFocus-DNJgIDIb.js                                    2.30 kB │ gzip:   1.10 kB
.output/public/assets/p-group-10-C08yq1Ss.js                                  2.31 kB │ gzip:   0.59 kB
.output/public/assets/table-sbpnRvx3.js                                       2.31 kB │ gzip:   0.99 kB
.output/public/assets/p-field-18-BWEn1Dxq.js                                  2.32 kB │ gzip:   0.96 kB
.output/public/assets/p-number-field-10-uaTJdNV1.js                           2.32 kB │ gzip:   0.97 kB
.output/public/assets/p-button-22-bgDGDROY.js                                 2.32 kB │ gzip:   0.69 kB
.output/public/assets/p-group-1-B3gPqymc.js                                   2.35 kB │ gzip:   0.79 kB
.output/public/assets/p-popover-4-DCC2dixO.js                                 2.37 kB │ gzip:   1.00 kB
.output/public/assets/p-card-9-DFNLnbvL.js                                    2.37 kB │ gzip:   0.83 kB
.output/public/assets/p-card-5-Cp9CXkpC.js                                    2.38 kB │ gzip:   0.83 kB
.output/public/assets/p-input-8-B9t8pqL9.js                                   2.39 kB │ gzip:   0.92 kB
.output/public/assets/p-combobox-11-C2X8GfdD.js                               2.40 kB │ gzip:   0.95 kB
.output/public/assets/p-card-3-BwnZN40k.js                                    2.41 kB │ gzip:   0.82 kB
.output/public/assets/p-breadcrumb-4-BNYG4K39.js                              2.42 kB │ gzip:   0.77 kB
.output/public/assets/p-autocomplete-12-D_diT0Hs.js                           2.42 kB │ gzip:   1.19 kB
.output/public/assets/p-form-2-dZEEqzWD.js                                    2.43 kB │ gzip:   0.98 kB
.output/public/assets/p-calendar-13-Da1PrYr8.js                               2.44 kB │ gzip:   0.97 kB
.output/public/assets/p-autocomplete-11-CTdi7Taj.js                           2.46 kB │ gzip:   0.87 kB
.output/public/assets/p-drawer-4-i8W1gfW6.js                                  2.47 kB │ gzip:   0.56 kB
.output/public/assets/p-drawer-5-odh6Mewp.js                                  2.48 kB │ gzip:   0.56 kB
.output/public/assets/empty-DPwkAnis.js                                       2.48 kB │ gzip:   1.01 kB
.output/public/assets/p-drawer-11-DwwmEjen.js                                 2.48 kB │ gzip:   0.62 kB
.output/public/assets/p-group-5-DKyPx5LJ.js                                   2.49 kB │ gzip:   0.85 kB
.output/public/assets/CompositeList-BpbBqKT8.js                               2.49 kB │ gzip:   1.20 kB
.output/public/assets/p-group-3-Dz9FT86O.js                                   2.50 kB │ gzip:   0.85 kB
.output/public/assets/p-group-4-4LSaJynt.js                                   2.50 kB │ gzip:   0.85 kB
.output/public/assets/p-radio-group-4-B-o-IhZo.js                             2.51 kB │ gzip:   0.67 kB
.output/public/assets/input-group-CO0kR4YD.js                                 2.52 kB │ gzip:   1.21 kB
.output/public/assets/p-calendar-14-Ch8cULqh.js                               2.52 kB │ gzip:   0.95 kB
.output/public/assets/p-tabs-9-DmUN-hUl.js                                    2.52 kB │ gzip:   0.74 kB
.output/public/assets/p-tabs-12-CwtIuvWI.js                                   2.53 kB │ gzip:   0.83 kB
.output/public/assets/toggle-group-D1c59iyf.js                                2.57 kB │ gzip:   1.24 kB
.output/public/assets/p-tabs-13-DOIKyiKV.js                                   2.57 kB │ gzip:   0.73 kB
.output/public/assets/p-autocomplete-13-Dw4gpgP6.js                           2.57 kB │ gzip:   1.02 kB
.output/public/assets/p-frame-2-8mEpueKV.js                                   2.59 kB │ gzip:   0.89 kB
.output/public/assets/p-input-group-17-cGkhf-u0.js                            2.59 kB │ gzip:   0.84 kB
.output/public/assets/p-group-15-CQ4ex-fG.js                                  2.60 kB │ gzip:   0.82 kB
.output/public/assets/useButton-xPWr4VhE.js                                   2.61 kB │ gzip:   1.20 kB
.output/public/assets/p-button-40-C5yZ8ejK.js                                 2.62 kB │ gzip:   1.25 kB
.output/public/assets/p-button-39-BvjCGv84.js                                 2.67 kB │ gzip:   0.85 kB
.output/public/assets/p-select-14-C1NSjekW.js                                 2.67 kB │ gzip:   0.91 kB
.output/public/assets/p-group-6-CAGAbqOe.js                                   2.68 kB │ gzip:   0.92 kB
.output/public/assets/toggle-Bvuo2PwP.js                                      2.68 kB │ gzip:   1.57 kB
.output/public/assets/p-tooltip-3-D1C8VQ2s.js                                 2.69 kB │ gzip:   0.84 kB
.output/public/assets/p-preview-card-1-KH7B_Tkm.js                            2.70 kB │ gzip:   0.79 kB
.output/public/assets/p-card-1-BCa0i5FO.js                                    2.72 kB │ gzip:   0.95 kB
.output/public/assets/p-table-1-BHNHcyqm.js                                   2.75 kB │ gzip:   0.62 kB
.output/public/assets/p-input-9-ByK-8aVj.js                                   2.82 kB │ gzip:   0.99 kB
.output/public/assets/p-combobox-17-BqtqnGlM.js                               2.82 kB │ gzip:   1.17 kB
.output/public/assets/checkbox-group-B5ilXqO8.js                              2.82 kB │ gzip:   1.48 kB
.output/public/assets/p-card-10-cNTAJ580.js                                   2.83 kB │ gzip:   0.96 kB
.output/public/assets/p-select-17-CQl7P1AJ.js                                 2.83 kB │ gzip:   0.92 kB
.output/public/assets/p-combobox-8-BmI26LK2.js                                2.83 kB │ gzip:   0.97 kB
.output/public/assets/collapsible-DRT8WHJU.js                                 2.84 kB │ gzip:   1.29 kB
.output/public/assets/p-command-1-BeazsC0A.js                                 2.84 kB │ gzip:   1.10 kB
.output/public/assets/p-group-14-CRCBQ4dc.js                                  2.86 kB │ gzip:   0.99 kB
.output/public/assets/p-card-4-DFujMe6M.js                                    2.86 kB │ gzip:   0.97 kB
.output/public/assets/p-autocomplete-10-Cr0EMlUG.js                           2.87 kB │ gzip:   0.98 kB
.output/public/assets/ListboxSeparator-CngvAkCz.js                            2.89 kB │ gzip:   1.26 kB
.output/public/assets/p-select-19-Dk3vWMix.js                                 2.90 kB │ gzip:   0.90 kB
.output/public/assets/p-card-8-cE8HcI7_.js                                    2.93 kB │ gzip:   1.00 kB
.output/public/assets/p-calendar-25-CfHe-n3E.js                               2.95 kB │ gzip:   1.43 kB
.output/public/assets/p-card-6-2PY8ab6P.js                                    2.95 kB │ gzip:   1.01 kB
.output/public/assets/p-combobox-19-p2W-PNc1.js                               2.95 kB │ gzip:   1.32 kB
.output/public/assets/p-checkbox-group-4-3ELFO_gH.js                          2.96 kB │ gzip:   0.90 kB
.output/public/assets/p-input-group-26-VCP9H_hr.js                            2.97 kB │ gzip:   1.40 kB
.output/public/assets/useFieldValidation-C9WpLvi2.js                          2.98 kB │ gzip:   1.42 kB
.output/public/assets/avatar-D15hwkbu.js                                      2.99 kB │ gzip:   1.41 kB
.output/public/assets/meter-BA4v8Xfd.js                                       2.99 kB │ gzip:   1.31 kB
.output/public/assets/p-input-group-23-ByzfUmhe.js                            3.00 kB │ gzip:   1.04 kB
.output/public/assets/p-dialog-3-BZAxkrEP.js                                  3.03 kB │ gzip:   0.84 kB
.output/public/assets/p-tooltip-4-CS3pjlUd.js                                 3.03 kB │ gzip:   0.88 kB
.output/public/assets/p-combobox-20-BY2bDuMt.js                               3.04 kB │ gzip:   1.37 kB
.output/public/assets/p-drawer-8-BZ4ZoRBd.js                                  3.05 kB │ gzip:   0.85 kB
.output/public/assets/p-card-7-3Q4Q0_CF.js                                    3.08 kB │ gzip:   1.04 kB
.output/public/assets/p-combobox-12-DCA-i0gK.js                               3.08 kB │ gzip:   1.12 kB
.output/public/assets/p-calendar-18-CFQyYRrs.js                               3.10 kB │ gzip:   1.14 kB
.output/public/assets/createLucideIcon-DwLDfIaa.js                            3.12 kB │ gzip:   1.51 kB
.output/public/assets/p-skeleton-1-BpF-Kkze.js                                3.16 kB │ gzip:   1.31 kB
.output/public/assets/examples-BT5uncv1.js                                    3.17 kB │ gzip:   1.56 kB
.output/public/assets/react-xU9WBtlp.js                                       3.19 kB │ gzip:   1.25 kB
.output/public/assets/p-dialog-4-bCbT9ULe.js                                  3.22 kB │ gzip:   0.95 kB
.output/public/assets/p-drawer-10-B5I4XGKL.js                                 3.23 kB │ gzip:   0.72 kB
.output/public/assets/group-q2Cql_QM.js                                       3.25 kB │ gzip:   1.80 kB
.output/public/assets/p-otp-field-6-DxA3M9D9.js                               3.26 kB │ gzip:   1.21 kB
.output/public/assets/p-drawer-12-GhaHA5Lb.js                                 3.30 kB │ gzip:   1.04 kB
.output/public/assets/p-date-picker-5-l066byMe.js                             3.31 kB │ gzip:   1.21 kB
.output/public/assets/p-menu-1-CF8uHysL.js                                    3.31 kB │ gzip:   1.08 kB
.output/public/assets/p-sheet-3-CuJaMMgx.js                                   3.36 kB │ gzip:   0.69 kB
.output/public/assets/p-input-group-27-BMuTv8wp.js                            3.39 kB │ gzip:   1.28 kB
.output/public/assets/p-radio-group-6-BVNCY6nd.js                             3.40 kB │ gzip:   1.03 kB
.output/public/assets/p-slider-21-BEfZmQTU.js                                 3.41 kB │ gzip:   1.13 kB
.output/public/assets/p-calendar-17-PshxhLmk.js                               3.41 kB │ gzip:   1.22 kB
.output/public/assets/alert-dialog-CcYQ_wcw.js                                3.43 kB │ gzip:   1.59 kB
.output/public/assets/p-toast-9-CcYcqY_w.js                                   3.44 kB │ gzip:   1.29 kB
.output/public/assets/p-table-3-tYIngoaP.js                                   3.46 kB │ gzip:   1.46 kB
.output/public/assets/p-table-6-CVviXM3M.js                                   3.48 kB │ gzip:   1.48 kB
.output/public/assets/progress-FwwYj9L7.js                                    3.49 kB │ gzip:   1.49 kB
.output/public/assets/code-block-rveDNK9p.js                                  3.50 kB │ gzip:   1.68 kB
.output/public/assets/p-table-5-DAugpPlD.js                                   3.53 kB │ gzip:   1.08 kB
.output/public/assets/p-field-18-C3i29dwx.js                                  3.53 kB │ gzip:   1.16 kB
.output/public/assets/react-dom-C6PBTCug.js                                   3.57 kB │ gzip:   1.36 kB
.output/public/assets/p-date-picker-3-CdWvxSKP.js                             3.58 kB │ gzip:   1.32 kB
.output/public/assets/switch-B-7d4mrK.js                                      3.63 kB │ gzip:   1.94 kB
.output/public/assets/p-select-20-DqElLpN4.js                                 3.65 kB │ gzip:   1.01 kB
.output/public/assets/p-drawer-14-CcQtuA70.js                                 3.66 kB │ gzip:   1.06 kB
.output/public/assets/p-calendar-24-Bouk5riq.js                               3.73 kB │ gzip:   1.38 kB
.output/public/assets/p-drawer-7-DndLJtBB.js                                  3.75 kB │ gzip:   0.92 kB
.output/public/assets/p-menu-1-C0hyfUkM.js                                    3.77 kB │ gzip:   0.97 kB
.output/public/assets/CompositeRoot-DQYarIjX.js                               3.81 kB │ gzip:   1.73 kB
.output/public/assets/p-popover-3-B8UGrJOk.js                                 3.84 kB │ gzip:   1.25 kB
.output/public/assets/p-calendar-20-DI-952J5.js                               3.86 kB │ gzip:   0.89 kB
.output/public/assets/p-group-23-CAYzN0B-.js                                  3.99 kB │ gzip:   1.77 kB
.output/public/assets/p-table-2-VO1aRmJN.js                                   4.15 kB │ gzip:   1.18 kB
.output/public/assets/p-autocomplete-16-BWhUsx19.js                           4.19 kB │ gzip:   2.11 kB
.output/public/assets/p-table-7-Ba62baBA.js                                   4.20 kB │ gzip:   1.21 kB
.output/public/assets/p-dialog-5-BYo51_0F.js                                  4.21 kB │ gzip:   1.35 kB
.output/public/assets/routes-DebIcmbY.js                                      4.25 kB │ gzip:   1.42 kB
.output/public/assets/useRenderElement-DXSMtn_m.js                            4.26 kB │ gzip:   1.87 kB
.output/public/assets/p-slider-22-D4_Q3Cag.js                                 4.39 kB │ gzip:   1.64 kB
.output/public/assets/card-LTvJsQ_3.js                                        4.42 kB │ gzip:   1.27 kB
.output/public/assets/p-date-picker-4-DgmOOALr.js                             4.47 kB │ gzip:   1.09 kB
.output/public/assets/p-combobox-8-vpBdcnJ_.js                                4.48 kB │ gzip:   1.34 kB
.output/public/assets/p-input-10-iMnns9OQ.js                                  4.51 kB │ gzip:   1.40 kB
.output/public/assets/p-sheet-3-BTOkEE1u.js                                   4.52 kB │ gzip:   0.81 kB
.output/public/assets/p-pagination-3-Dz-VFIdS.js                              4.60 kB │ gzip:   1.36 kB
.output/public/assets/p-autocomplete-10-Dy59dAb7.js                           4.63 kB │ gzip:   1.35 kB
.output/public/assets/getting-started-C_F3y4On.js                             4.67 kB │ gzip:   1.68 kB
.output/public/assets/composite-BDmUUVvh.js                                   4.76 kB │ gzip:   2.05 kB
.output/public/assets/command-CQdVJcRh.js                                     4.96 kB │ gzip:   2.03 kB
.output/public/assets/useCollapsiblePanel-BpumN460.js                         4.98 kB │ gzip:   2.15 kB
.output/public/assets/sheet-DOUNaZuX.js                                       5.00 kB │ gzip:   2.12 kB
.output/public/assets/p-button-40-CjrDmlqM.js                                 5.03 kB │ gzip:   1.74 kB
.output/public/assets/p-calendar-19-C7iCgUAi.js                               5.08 kB │ gzip:   1.23 kB
.output/public/assets/button-BxQx94r5.js                                      5.09 kB │ gzip:   2.13 kB
.output/public/assets/p-command-1-VryWMf86.js                                 5.14 kB │ gzip:   1.52 kB
.output/public/assets/CheckboxIndicator-Db99XvyE.js                           5.21 kB │ gzip:   2.50 kB
.output/public/assets/p-toolbar-1-CvajA0Fe.js                                 5.32 kB │ gzip:   1.10 kB
.output/public/assets/p-drawer-13-KsjKfyKt.js                                 5.33 kB │ gzip:   1.13 kB
.output/public/assets/p-table-1-DTxY_Izt.js                                   5.39 kB │ gzip:   0.92 kB
.output/public/assets/p-calendar-21-CYhlN6FA.js                               5.40 kB │ gzip:   1.08 kB
.output/public/assets/p-popover-4-Ckp9Pfog.js                                 5.45 kB │ gzip:   1.51 kB
.output/public/assets/p-autocomplete-12-BRHwGAZl.js                           5.59 kB │ gzip:   1.81 kB
.output/public/assets/theming-Bw_Ao2F2.js                                     5.59 kB │ gzip:   2.23 kB
.output/public/assets/p-skeleton-1-BkHUgkpP.js                                5.74 kB │ gzip:   1.60 kB
.output/public/assets/p-switch-7-BOu0rkoy.js                                  5.77 kB │ gzip:   2.23 kB
.output/public/assets/RadioGroup-ZjvUV5Fm.js                                  5.86 kB │ gzip:   2.67 kB
.output/public/assets/p-switch-8-DBofpoYB.js                                  5.96 kB │ gzip:   2.29 kB
.output/public/assets/usePopupViewport-CwiJT_Bk.js                            6.12 kB │ gzip:   2.55 kB
.output/public/assets/p-switch-9-iEF9BrCt.js                                  6.16 kB │ gzip:   2.34 kB
.output/public/assets/accordion-CuOnjw93.js                                   6.17 kB │ gzip:   2.66 kB
.output/public/assets/p-combobox-19-BK5tWn9l.js                               6.21 kB │ gzip:   1.91 kB
.output/public/assets/p-input-group-26-CYKSP2sF.js                            6.22 kB │ gzip:   1.91 kB
.output/public/assets/p-combobox-20-PzlIuVid.js                               6.37 kB │ gzip:   1.97 kB
.output/public/assets/p-dialog-5-DbVMTe-i.js                                  6.40 kB │ gzip:   1.64 kB
.output/public/assets/DialogTrigger-BmIzrliI.js                               6.45 kB │ gzip:   2.68 kB
.output/public/assets/p-toolbar-1-CYnrIqen.js                                 6.58 kB │ gzip:   2.27 kB
.output/public/assets/p-group-23-j68WLb1M.js                                  6.60 kB │ gzip:   2.14 kB
.output/public/assets/p-table-3-DV5o7g5G.js                                   6.69 kB │ gzip:   2.13 kB
.output/public/assets/p-table-6-Bel4w6u7.js                                   6.75 kB │ gzip:   2.15 kB
.output/public/assets/p-radio-group-6-DeCICclR.js                             6.91 kB │ gzip:   1.62 kB
.output/public/assets/autocomplete-DPipKP-y.js                                7.28 kB │ gzip:   2.89 kB
.output/public/assets/p-calendar-25-CpQmUUBc.js                               7.45 kB │ gzip:   2.41 kB
.output/public/assets/react-3BKWdGy3.js                                       7.52 kB │ gzip:   2.88 kB
.output/public/assets/field-DGHZoaiH.js                                       7.72 kB │ gzip:   3.11 kB
.output/public/assets/p-slider-22-rSPjTzRl.js                                 8.20 kB │ gzip:   2.18 kB
.output/public/assets/useTypeahead-DyGWhqaK.js                                8.28 kB │ gzip:   3.44 kB
.output/public/assets/context-menu-vZDk_RuR.js                                9.17 kB │ gzip:   3.51 kB
.output/public/assets/p-autocomplete-16-BG0vytN1.js                           9.39 kB │ gzip:   3.04 kB
.output/public/assets/FloatingPortal-GrQfEIvu.js                              9.53 kB │ gzip:   3.86 kB
.output/public/assets/p-drawer-13-DwpyqN1S.js                                 9.71 kB │ gzip:   1.61 kB
.output/public/assets/otp-field-CFQ9ZksC.js                                  10.25 kB │ gzip:   4.52 kB
.output/public/assets/menu-DotIWwGZ.js                                       10.56 kB │ gzip:   4.23 kB
.output/public/assets/p-preview-card-1-D16jc3uw.js                           10.76 kB │ gzip:   4.43 kB
.output/public/assets/tabs-D_Xz88qx.js                                       11.00 kB │ gzip:   4.62 kB
.output/public/assets/safePolygon-BaqOxbzw.js                                11.28 kB │ gzip:   4.09 kB
.output/public/assets/p-table-8-CsztkXS4.js                                  11.66 kB │ gzip:   3.59 kB
.output/public/assets/p-table-4-CsmjRYs6.js                                  11.78 kB │ gzip:   3.60 kB
.output/public/assets/p-command-2-DnLAHJ2T.js                                12.44 kB │ gzip:   4.14 kB
.output/public/assets/installation-C5u20vXW.js                               12.46 kB │ gzip:   3.57 kB
.output/public/assets/combobox-CIf6CKDj.js                                   12.73 kB │ gzip:   4.82 kB
.output/public/assets/p-combobox-10-CWyasQHx.js                              13.42 kB │ gzip:   3.10 kB
.output/public/assets/popover-ChJCd8Ue.js                                    13.59 kB │ gzip:   5.29 kB
.output/public/assets/scroll-area-DHcjlpRP.js                                14.20 kB │ gzip:   5.38 kB
.output/public/assets/_name-BC-3McZ8.js                                      14.30 kB │ gzip:   4.42 kB
.output/public/assets/popupStateMapping-ckgHbusv.js                          14.39 kB │ gzip:   5.24 kB
.output/public/assets/tooltip-CJx6rLuU.js                                    14.88 kB │ gzip:   5.83 kB
.output/public/assets/p-switch-7-BZUxuWSp.js                                 15.06 kB │ gzip:   3.63 kB
.output/public/assets/useOpenInteractionType-jO1juNDC.js                     15.71 kB │ gzip:   6.07 kB
.output/public/assets/p-switch-8-7ihOzPr5.js                                 16.01 kB │ gzip:   3.72 kB
.output/public/assets/p-switch-9-5WN9Echb.js                                 16.27 kB │ gzip:   3.82 kB
.output/public/assets/slider-OvDrUovk.js                                     17.86 kB │ gzip:   7.62 kB
.output/public/assets/p-combobox-10-DkVaveK3.js                              18.06 kB │ gzip:   3.71 kB
.output/public/assets/parse-SIpoX_J1.js                                      20.05 kB │ gzip:   4.33 kB
.output/public/assets/preload-helper-Cf8d-KVu.js                             21.67 kB │ gzip:   8.44 kB
.output/public/assets/number-field-DUkqnazW.js                               21.96 kB │ gzip:   9.40 kB
.output/public/assets/p-table-4-Bfcpqz1X.js                                  22.23 kB │ gzip:   4.89 kB
.output/public/assets/p-table-8-NgCRumvY.js                                  23.22 kB │ gzip:   4.91 kB
.output/public/assets/MenuSubmenuTrigger-BYY4hTVw.js                         24.52 kB │ gzip:   8.03 kB
.output/public/assets/usePositioner-Dg_GCY4y.js                              25.13 kB │ gzip:   9.85 kB
.output/public/assets/p-command-2-ByCxxh_3.js                                25.73 kB │ gzip:   5.78 kB
.output/public/assets/select-CJ6TK1zQ.js                                     30.69 kB │ gzip:  11.64 kB
.output/public/assets/ComboboxEmpty-RTXT_2P-.js                              35.63 kB │ gzip:  12.73 kB
.output/public/assets/drawer-CgcioCLR.js                                     38.97 kB │ gzip:  13.75 kB
.output/public/assets/lib-Bd9vksy3.js                                        47.65 kB │ gzip:  12.43 kB
.output/public/assets/coerce-AJO9mCSd.js                                     64.10 kB │ gzip:  17.27 kB
.output/public/assets/calendar-BJ8qIrbu.js                                   70.42 kB │ gzip:  21.12 kB
.output/public/assets/index-BBaK3oX0.js                                     675.92 kB │ gzip: 158.74 kB
.output/public/assets/highlighted-code-B7Y9pZk2.js                          839.27 kB │ gzip: 132.13 kB

[plugin builtin:vite-reporter] 
(!) Some chunks are larger than 500 kB after minification. Consider:
- Using dynamic import() to code-split the application
- Use build.rolldownOptions.output.codeSplitting to improve chunking: https://rolldown.rs/reference/OutputOptions.codeSplitting
- Adjust chunk size limit for this warning via build.chunkSizeWarningLimit.
✓ built in 1m 44s
[33m[PLUGIN_TIMINGS] [0mYour build spent 97% of 103.7s inside plugin hooks (100.3s).
Measured inside the callback, so queue time is excluded and time the callback itself awaited is not:
  - @rolldown/plugin-babel transform (46%, 47.8s, 1173 calls)
Those rows are 46% of the build; the rest of the 97% is below.
Not measurable — 4 hooks whose calls overlap, so elapsed time covers work other calls were doing. Profile with `node --cpu-prof`:
  - tanstack-start-core:import-protection resolveId (15599 calls)
  - vite:asset load (510 calls)
  - vite:css transform (3 calls)
  … and 1 more
See https://rolldown.rs/reference/InputOptions.checks#plugintimings for more details.

vite v8.2.2 building ssr environment for production...
transforming...

[@tanstack/devtools-vite] Removed devtools code from: /src/routes/__root.tsx

✓ 1379 modules transformed.
rendering chunks...
computing gzip size...
node_modules/.nitro/vite/services/ssr/assets/jetbrains-mono-vietnamese-wght-normal-Bt-aOZkq.woff2      7.50 kB
node_modules/.nitro/vite/services/ssr/assets/jetbrains-mono-greek-wght-normal-Bw9x6K1M.woff2           9.00 kB
node_modules/.nitro/vite/services/ssr/assets/figtree-latin-ext-wght-normal-DCwSJGxG.woff2             10.28 kB
node_modules/.nitro/vite/services/ssr/assets/jetbrains-mono-cyrillic-wght-normal-D73BlboJ.woff2       12.10 kB
node_modules/.nitro/vite/services/ssr/assets/jetbrains-mono-latin-ext-wght-normal-DBQx-q_a.woff2      15.19 kB
node_modules/.nitro/vite/services/ssr/assets/figtree-latin-wght-normal-D_ZTVpCC.woff2                 20.15 kB
node_modules/.nitro/vite/services/ssr/assets/Figtree_400Regular-q6CWd6s5.ttf                          40.14 kB
node_modules/.nitro/vite/services/ssr/assets/Figtree_700Bold-54LQ8w3B.ttf                             40.32 kB
node_modules/.nitro/vite/services/ssr/assets/jetbrains-mono-latin-wght-normal-B9CIFXIH.woff2          40.40 kB
node_modules/.nitro/vite/services/ssr/assets/style-MWbA5aHX.css                                      131.18 kB │ gzip:  28.60 kB
node_modules/.nitro/vite/services/ssr/assets/input-h05CNF7Q.js                                         0.04 kB │ gzip:   0.05 kB
node_modules/.nitro/vite/services/ssr/assets/label-Btfw9BPO.js                                         0.04 kB │ gzip:   0.05 kB
node_modules/.nitro/vite/services/ssr/assets/button-QEL5MKeW.js                                        0.04 kB │ gzip:   0.05 kB
node_modules/.nitro/vite/services/ssr/assets/dialog-Un7jwNl6.js                                        0.04 kB │ gzip:   0.05 kB
node_modules/.nitro/vite/services/ssr/assets/toast-ChxINW18.js                                         0.04 kB │ gzip:   0.05 kB
node_modules/.nitro/vite/services/ssr/assets/toggle-DO7hyD8C.js                                        0.04 kB │ gzip:   0.05 kB
node_modules/.nitro/vite/services/ssr/assets/spinner-CqDKbrCI.js                                       0.04 kB │ gzip:   0.06 kB
node_modules/.nitro/vite/services/ssr/assets/textarea-DMuBXNGx.js                                      0.04 kB │ gzip:   0.06 kB
node_modules/.nitro/vite/services/ssr/assets/separator-bJKqrx2Y.js                                     0.04 kB │ gzip:   0.06 kB
node_modules/.nitro/vite/services/ssr/assets/scroll-area-CVjHCDQS.js                                   0.04 kB │ gzip:   0.06 kB
node_modules/.nitro/vite/services/ssr/assets/autocomplete-DqGZU99e.js                                  0.04 kB │ gzip:   0.06 kB
node_modules/.nitro/vite/services/ssr/assets/_name-DPfNVKwG.js                                         0.11 kB │ gzip:   0.10 kB
node_modules/.nitro/vite/services/ssr/assets/start-BTyy-vbT.js                                         0.21 kB │ gzip:   0.17 kB
node_modules/.nitro/vite/services/ssr/assets/table-wrapper-Tvm0LwDS.js                                 0.24 kB │ gzip:   0.15 kB
node_modules/.nitro/vite/services/ssr/assets/p-badge-1-uvFrE4uv.js                                     0.27 kB │ gzip:   0.19 kB
node_modules/.nitro/vite/services/ssr/assets/p-spinner-1-zs4gW55S.js                                   0.27 kB │ gzip:   0.18 kB
node_modules/.nitro/vite/services/ssr/assets/p-badge-1-CEgTvb3g.js                                     0.27 kB │ gzip:   0.22 kB
node_modules/.nitro/vite/services/ssr/assets/p-button-1-CKxQbKQP.js                                    0.27 kB │ gzip:   0.19 kB
node_modules/.nitro/vite/services/ssr/assets/p-toggle-1-CVD_Zg06.js                                    0.27 kB │ gzip:   0.19 kB
node_modules/.nitro/vite/services/ssr/assets/p-slider-7-B9hqJdE_.js                                    0.28 kB │ gzip:   0.22 kB
node_modules/.nitro/vite/services/ssr/assets/p-badge-9-BTkO1aV_.js                                     0.28 kB │ gzip:   0.20 kB
node_modules/.nitro/vite/services/ssr/assets/p-badge-10-CoRayqMc.js                                    0.28 kB │ gzip:   0.20 kB
node_modules/.nitro/vite/services/ssr/assets/p-badge-5-BDIWnPEF.js                                     0.28 kB │ gzip:   0.20 kB
node_modules/.nitro/vite/services/ssr/assets/p-badge-8-BRqGsVMU.js                                     0.28 kB │ gzip:   0.20 kB
node_modules/.nitro/vite/services/ssr/assets/p-switch-6-Dl-gRvoq.js                                    0.28 kB │ gzip:   0.23 kB
node_modules/.nitro/vite/services/ssr/assets/p-badge-9-61uQHgwZ.js                                     0.28 kB │ gzip:   0.23 kB
node_modules/.nitro/vite/services/ssr/assets/p-slider-7-DrbrwOy7.js                                    0.28 kB │ gzip:   0.21 kB
node_modules/.nitro/vite/services/ssr/assets/p-badge-10-B-rdx4H3.js                                    0.29 kB │ gzip:   0.23 kB
node_modules/.nitro/vite/services/ssr/assets/p-badge-2-YIzAu7vr.js                                     0.29 kB │ gzip:   0.20 kB
node_modules/.nitro/vite/services/ssr/assets/p-badge-6-C6O4j3u7.js                                     0.29 kB │ gzip:   0.20 kB
node_modules/.nitro/vite/services/ssr/assets/p-badge-7-DCMf32Cp.js                                     0.29 kB │ gzip:   0.20 kB
node_modules/.nitro/vite/services/ssr/assets/p-button-12-Cua-w7ti.js                                   0.29 kB │ gzip:   0.20 kB
node_modules/.nitro/vite/services/ssr/assets/p-button-8-DCmuHuTE.js                                    0.29 kB │ gzip:   0.20 kB
node_modules/.nitro/vite/services/ssr/assets/p-button-9-BIaKnmsc.js                                    0.29 kB │ gzip:   0.20 kB
node_modules/.nitro/vite/services/ssr/assets/p-badge-3-CEMJdQo8.js                                     0.29 kB │ gzip:   0.20 kB
node_modules/.nitro/vite/services/ssr/assets/p-slider-3-DCv4V7Uy.js                                    0.29 kB │ gzip:   0.21 kB
node_modules/.nitro/vite/services/ssr/assets/p-button-10-B76qE7Zq.js                                   0.29 kB │ gzip:   0.20 kB
node_modules/.nitro/vite/services/ssr/assets/p-button-11-C8qP8O_l.js                                   0.29 kB │ gzip:   0.20 kB
node_modules/.nitro/vite/services/ssr/assets/p-button-7-Ceom3uwZ.js                                    0.29 kB │ gzip:   0.21 kB
node_modules/.nitro/vite/services/ssr/assets/p-input-5-BsWhgEON.js                                     0.29 kB │ gzip:   0.21 kB
node_modules/.nitro/vite/services/ssr/assets/p-slider-8-DcLNAhZK.js                                    0.29 kB │ gzip:   0.21 kB
node_modules/.nitro/vite/services/ssr/assets/p-spinner-1-CGuOl-nu.js                                   0.29 kB │ gzip:   0.22 kB
node_modules/.nitro/vite/services/ssr/assets/p-badge-4-OhprOQvi.js                                     0.29 kB │ gzip:   0.21 kB
node_modules/.nitro/vite/services/ssr/assets/p-badge-5-RBjL-JJo.js                                     0.29 kB │ gzip:   0.23 kB
node_modules/.nitro/vite/services/ssr/assets/p-slider-8-Dc0DoQ6N.js                                    0.29 kB │ gzip:   0.23 kB
node_modules/.nitro/vite/services/ssr/assets/p-badge-8-BgUgOnV8.js                                     0.29 kB │ gzip:   0.23 kB
node_modules/.nitro/vite/services/ssr/assets/p-button-6-CesrR2r3.js                                    0.29 kB │ gzip:   0.21 kB
node_modules/.nitro/vite/services/ssr/assets/p-badge-13-DsDemuM2.js                                    0.29 kB │ gzip:   0.24 kB
node_modules/.nitro/vite/services/ssr/assets/p-meter-2-BStLuUgx.js                                     0.29 kB │ gzip:   0.21 kB
node_modules/.nitro/vite/services/ssr/assets/p-slider-3-CK7bPz2l.js                                    0.29 kB │ gzip:   0.23 kB
node_modules/.nitro/vite/services/ssr/assets/p-badge-2-Cgkheidz.js                                     0.29 kB │ gzip:   0.23 kB
node_modules/.nitro/vite/services/ssr/assets/p-badge-6-CGDig42F.js                                     0.29 kB │ gzip:   0.23 kB
node_modules/.nitro/vite/services/ssr/assets/p-badge-7-BLeuhYS4.js                                     0.29 kB │ gzip:   0.23 kB
node_modules/.nitro/vite/services/ssr/assets/p-meter-2-7-FueocV.js                                     0.29 kB │ gzip:   0.23 kB
node_modules/.nitro/vite/services/ssr/assets/p-badge-3-DVQw-vaz.js                                     0.29 kB │ gzip:   0.23 kB
node_modules/.nitro/vite/services/ssr/assets/p-button-2-BJJC4wNz.js                                    0.29 kB │ gzip:   0.21 kB
node_modules/.nitro/vite/services/ssr/assets/p-badge-14-m1T4rmFp.js                                    0.30 kB │ gzip:   0.24 kB
node_modules/.nitro/vite/services/ssr/assets/p-badge-4-oPLVB4d5.js                                     0.30 kB │ gzip:   0.24 kB
node_modules/.nitro/vite/services/ssr/assets/p-button-4-DT3nF7H5.js                                    0.30 kB │ gzip:   0.21 kB
node_modules/.nitro/vite/services/ssr/assets/p-button-3-Cmm3_bdx.js                                    0.30 kB │ gzip:   0.21 kB
node_modules/.nitro/vite/services/ssr/assets/empty-plugin-adapters-D6d9Kvnb.js                         0.30 kB │ gzip:   0.20 kB
node_modules/.nitro/vite/services/ssr/assets/p-slider-1-bsjEn9vv.js                                    0.30 kB │ gzip:   0.23 kB
node_modules/.nitro/vite/services/ssr/assets/p-slider-1-DQMwoRig.js                                    0.30 kB │ gzip:   0.21 kB
node_modules/.nitro/vite/services/ssr/assets/p-slider-17-BempqbaD.js                                   0.30 kB │ gzip:   0.23 kB
node_modules/.nitro/vite/services/ssr/assets/p-toggle-2-B8hWNAXC.js                                    0.30 kB │ gzip:   0.21 kB
node_modules/.nitro/vite/services/ssr/assets/p-button-1-0UBnhqjo.js                                    0.30 kB │ gzip:   0.23 kB
node_modules/.nitro/vite/services/ssr/assets/p-toggle-1-Bw9ysABj.js                                    0.30 kB │ gzip:   0.23 kB
node_modules/.nitro/vite/services/ssr/assets/p-button-5-DmwSzzbX.js                                    0.31 kB │ gzip:   0.21 kB
node_modules/.nitro/vite/services/ssr/assets/p-slider-17-BYOayPzG.js                                   0.31 kB │ gzip:   0.22 kB
node_modules/.nitro/vite/services/ssr/assets/p-textarea-1-D_yOa5od.js                                  0.31 kB │ gzip:   0.21 kB
node_modules/.nitro/vite/services/ssr/assets/p-textarea-4-C11P6dEA.js                                  0.31 kB │ gzip:   0.22 kB
node_modules/.nitro/vite/services/ssr/assets/p-input-5-B7JxJcAj.js                                     0.32 kB │ gzip:   0.25 kB
node_modules/.nitro/vite/services/ssr/assets/p-button-8-BQNm9STx.js                                    0.32 kB │ gzip:   0.24 kB
node_modules/.nitro/vite/services/ssr/assets/p-button-9-DKm0Gegm.js                                    0.32 kB │ gzip:   0.24 kB
node_modules/.nitro/vite/services/ssr/assets/p-button-10-BtDAKr36.js                                   0.32 kB │ gzip:   0.24 kB
node_modules/.nitro/vite/services/ssr/assets/p-button-11-CrDeG1qM.js                                   0.32 kB │ gzip:   0.24 kB
node_modules/.nitro/vite/services/ssr/assets/p-input-1-B4bUZP1u.js                                     0.32 kB │ gzip:   0.22 kB
node_modules/.nitro/vite/services/ssr/assets/p-button-7-DCwzDFPR.js                                    0.32 kB │ gzip:   0.25 kB
node_modules/.nitro/vite/services/ssr/assets/p-textarea-2-BhytFOUb.js                                  0.32 kB │ gzip:   0.22 kB
node_modules/.nitro/vite/services/ssr/assets/p-textarea-3-CJ7Uhvem.js                                  0.32 kB │ gzip:   0.22 kB
node_modules/.nitro/vite/services/ssr/assets/p-button-12-BQtHy8RM.js                                   0.33 kB │ gzip:   0.24 kB
node_modules/.nitro/vite/services/ssr/assets/p-button-6-D6SSiA3p.js                                    0.33 kB │ gzip:   0.25 kB
node_modules/.nitro/vite/services/ssr/assets/p-button-2-2JjUNNnP.js                                    0.33 kB │ gzip:   0.25 kB
node_modules/.nitro/vite/services/ssr/assets/p-toggle-4-XykDybeS.js                                    0.33 kB │ gzip:   0.22 kB
node_modules/.nitro/vite/services/ssr/assets/p-toggle-5-Bax3OONW.js                                    0.33 kB │ gzip:   0.22 kB
node_modules/.nitro/vite/services/ssr/assets/p-toggle-6-DTaLqcxG.js                                    0.33 kB │ gzip:   0.22 kB
node_modules/.nitro/vite/services/ssr/assets/p-button-4-CSwQxbIh.js                                    0.33 kB │ gzip:   0.25 kB
node_modules/.nitro/vite/services/ssr/assets/p-textarea-1-ryBllP0p.js                                  0.33 kB │ gzip:   0.25 kB
node_modules/.nitro/vite/services/ssr/assets/p-button-3-mLJXta_C.js                                    0.33 kB │ gzip:   0.25 kB
node_modules/.nitro/vite/services/ssr/assets/p-button-29-DroDqO2R.js                                   0.34 kB │ gzip:   0.25 kB
node_modules/.nitro/vite/services/ssr/assets/p-toggle-2-B0W-pB8J.js                                    0.34 kB │ gzip:   0.25 kB
node_modules/.nitro/vite/services/ssr/assets/p-input-4-CkKDVQ79.js                                     0.34 kB │ gzip:   0.23 kB
node_modules/.nitro/vite/services/ssr/assets/p-avatar-2-CLsuL7a5.js                                    0.34 kB │ gzip:   0.24 kB
node_modules/.nitro/vite/services/ssr/assets/p-button-5-DWnKDnyx.js                                    0.34 kB │ gzip:   0.26 kB
node_modules/.nitro/vite/services/ssr/assets/p-toggle-4--nlrJuRk.js                                    0.34 kB │ gzip:   0.26 kB
node_modules/.nitro/vite/services/ssr/assets/p-toggle-5-CkIgdorC.js                                    0.34 kB │ gzip:   0.26 kB
node_modules/.nitro/vite/services/ssr/assets/p-avatar-2-DfsYvxdt.js                                    0.34 kB │ gzip:   0.22 kB
node_modules/.nitro/vite/services/ssr/assets/p-textarea-4-CRjz-cd9.js                                  0.35 kB │ gzip:   0.26 kB
node_modules/.nitro/vite/services/ssr/assets/p-badge-12-C2Uw9oKp.js                                    0.35 kB │ gzip:   0.24 kB
node_modules/.nitro/vite/services/ssr/assets/p-toggle-6-CSIIVbeK.js                                    0.35 kB │ gzip:   0.26 kB
node_modules/.nitro/vite/services/ssr/assets/p-textarea-2-Dbw45MwT.js                                  0.35 kB │ gzip:   0.26 kB
node_modules/.nitro/vite/services/ssr/assets/p-textarea-3-DkpHqLkE.js                                  0.35 kB │ gzip:   0.26 kB
node_modules/.nitro/vite/services/ssr/assets/p-badge-12-DYo3lnwI.js                                    0.35 kB │ gzip:   0.26 kB
node_modules/.nitro/vite/services/ssr/assets/p-button-17-D_Xd-uZG.js                                   0.35 kB │ gzip:   0.25 kB
node_modules/.nitro/vite/services/ssr/assets/p-input-1-Ch_ZJvqA.js                                     0.35 kB │ gzip:   0.26 kB
node_modules/.nitro/vite/services/ssr/assets/p-input-2-Bz5Wrnra.js                                     0.37 kB │ gzip:   0.26 kB
node_modules/.nitro/vite/services/ssr/assets/p-input-3-C6r2qpdq.js                                     0.37 kB │ gzip:   0.26 kB
node_modules/.nitro/vite/services/ssr/assets/p-input-4-Cm90hp0X.js                                     0.37 kB │ gzip:   0.27 kB
node_modules/.nitro/vite/services/ssr/assets/p-input-2-DnLP1K5R.js                                     0.38 kB │ gzip:   0.24 kB
node_modules/.nitro/vite/services/ssr/assets/p-input-3-FjontvGv.js                                     0.38 kB │ gzip:   0.24 kB
node_modules/.nitro/vite/services/ssr/assets/p-slider-9-D8r-AFIL.js                                    0.38 kB │ gzip:   0.28 kB
node_modules/.nitro/vite/services/ssr/assets/p-textarea-13-Dyc-1mL7.js                                 0.38 kB │ gzip:   0.28 kB
node_modules/.nitro/vite/services/ssr/assets/p-slider-10-BOPOOizi.js                                   0.38 kB │ gzip:   0.28 kB
node_modules/.nitro/vite/services/ssr/assets/p-button-17-DKkEm2Vz.js                                   0.39 kB │ gzip:   0.27 kB
node_modules/.nitro/vite/services/ssr/assets/p-switch-2-DMen7Ukx.js                                    0.39 kB │ gzip:   0.24 kB
node_modules/.nitro/vite/services/ssr/assets/p-input-15-B6-q0ZyR.js                                    0.40 kB │ gzip:   0.29 kB
node_modules/.nitro/vite/services/ssr/assets/p-input-19-B2LOOh9O.js                                    0.40 kB │ gzip:   0.29 kB
node_modules/.nitro/vite/services/ssr/assets/p-slider-18-Bw5t-SeZ.js                                   0.40 kB │ gzip:   0.30 kB
node_modules/.nitro/vite/services/ssr/assets/p-badge-15-CpToCyGi.js                                    0.41 kB │ gzip:   0.30 kB
node_modules/.nitro/vite/services/ssr/assets/p-badge-16-BGozXUUm.js                                    0.41 kB │ gzip:   0.31 kB
node_modules/.nitro/vite/services/ssr/assets/p-switch-1-DYzJhDXp.js                                    0.41 kB │ gzip:   0.24 kB
node_modules/.nitro/vite/services/ssr/assets/p-badge-18-DkpM7rD4.js                                    0.41 kB │ gzip:   0.31 kB
node_modules/.nitro/vite/services/ssr/assets/p-badge-17-Cf4JtPdf.js                                    0.42 kB │ gzip:   0.31 kB
node_modules/.nitro/vite/services/ssr/assets/p-slider-9-Cvnvcinx.js                                    0.42 kB │ gzip:   0.27 kB
node_modules/.nitro/vite/services/ssr/assets/p-calendar-1-Bn6SsRhb.js                                  0.42 kB │ gzip:   0.29 kB
node_modules/.nitro/vite/services/ssr/assets/p-slider-10-COJMDPr4.js                                   0.42 kB │ gzip:   0.27 kB
node_modules/.nitro/vite/services/ssr/assets/p-switch-2-BfewkwjZ.js                                    0.42 kB │ gzip:   0.29 kB
node_modules/.nitro/vite/services/ssr/assets/p-textarea-9-D971Mjbx.js                                  0.42 kB │ gzip:   0.31 kB
node_modules/.nitro/vite/services/ssr/assets/form-D9_-gEGk.js                                          0.42 kB │ gzip:   0.28 kB
node_modules/.nitro/vite/services/ssr/assets/items-CIcMsjNj.js                                         0.42 kB │ gzip:   0.22 kB
node_modules/.nitro/vite/services/ssr/assets/p-checkbox-2-D0iReNs7.js                                  0.43 kB │ gzip:   0.24 kB
node_modules/.nitro/vite/services/ssr/assets/p-switch-1-CSQmMrMG.js                                    0.44 kB │ gzip:   0.29 kB
node_modules/.nitro/vite/services/ssr/assets/p-avatar-6-DRpEXlJb.js                                    0.44 kB │ gzip:   0.27 kB
node_modules/.nitro/vite/services/ssr/assets/p-field-15-CHJ_iF0g.js                                    0.44 kB │ gzip:   0.29 kB
node_modules/.nitro/vite/services/ssr/assets/p-field-15-7Ei8yUMz.js                                    0.44 kB │ gzip:   0.25 kB
node_modules/.nitro/vite/services/ssr/assets/p-input-17-CATY8hIp.js                                    0.44 kB │ gzip:   0.31 kB
node_modules/.nitro/vite/services/ssr/assets/p-textarea-10-Bqy35PmF.js                                 0.44 kB │ gzip:   0.30 kB
node_modules/.nitro/vite/services/ssr/assets/types-CbBTRx5L.js                                         0.45 kB │ gzip:   0.26 kB
node_modules/.nitro/vite/services/ssr/assets/p-checkbox-1-mk693eo7.js                                  0.45 kB │ gzip:   0.25 kB
node_modules/.nitro/vite/services/ssr/assets/p-badge-13-C_vUC8vP.js                                    0.45 kB │ gzip:   0.28 kB
node_modules/.nitro/vite/services/ssr/assets/p-calendar-1-75OZWfns.js                                  0.45 kB │ gzip:   0.29 kB
node_modules/.nitro/vite/services/ssr/assets/p-badge-14-BYc7tGA0.js                                    0.45 kB │ gzip:   0.28 kB
node_modules/.nitro/vite/services/ssr/assets/p-calendar-2-CQ7FpBXp.js                                  0.45 kB │ gzip:   0.31 kB
node_modules/.nitro/vite/services/ssr/assets/p-field-12-CnTWQi3y.js                                    0.45 kB │ gzip:   0.29 kB
node_modules/.nitro/vite/services/ssr/assets/p-field-12-CuBEKdR2.js                                    0.46 kB │ gzip:   0.25 kB
node_modules/.nitro/vite/services/ssr/assets/p-calendar-9-D_wFciWa.js                                  0.46 kB │ gzip:   0.31 kB
node_modules/.nitro/vite/services/ssr/assets/p-button-29-Dvv3iOUh.js                                   0.47 kB │ gzip:   0.29 kB
node_modules/.nitro/vite/services/ssr/assets/p-checkbox-2-B3RIeDcr.js                                  0.47 kB │ gzip:   0.30 kB
node_modules/.nitro/vite/services/ssr/assets/p-checkbox-1-C_dtL6Z-.js                                  0.47 kB │ gzip:   0.30 kB
node_modules/.nitro/vite/services/ssr/assets/p-alert-1-NW_kwopu.js                                     0.47 kB │ gzip:   0.27 kB
node_modules/.nitro/vite/services/ssr/assets/p-button-33-CPc2_hTe.js                                   0.48 kB │ gzip:   0.32 kB
node_modules/.nitro/vite/services/ssr/assets/p-badge-11-CHDRgaRa.js                                    0.49 kB │ gzip:   0.35 kB
node_modules/.nitro/vite/services/ssr/assets/p-button-32-CgQlhM7R.js                                   0.49 kB │ gzip:   0.32 kB
node_modules/.nitro/vite/services/ssr/assets/p-toggle-3-DxmzQhSQ.js                                    0.50 kB │ gzip:   0.34 kB
node_modules/.nitro/vite/services/ssr/assets/p-alert-1-Ci724oBd.js                                     0.50 kB │ gzip:   0.30 kB
node_modules/.nitro/vite/services/ssr/assets/p-button-16-BUrQbHxy.js                                   0.51 kB │ gzip:   0.35 kB
node_modules/.nitro/vite/services/ssr/assets/stylex-1HZPKRx_.js                                        0.51 kB │ gzip:   0.28 kB
node_modules/.nitro/vite/services/ssr/assets/p-button-34-CTfPr4_q.js                                   0.51 kB │ gzip:   0.37 kB
node_modules/.nitro/vite/services/ssr/assets/p-calendar-4-QSEF7nfW.js                                  0.51 kB │ gzip:   0.34 kB
node_modules/.nitro/vite/services/ssr/assets/p-avatar-1-DvbWmclt.js                                    0.52 kB │ gzip:   0.35 kB
node_modules/.nitro/vite/services/ssr/assets/p-button-13-Dbpo3EEF.js                                   0.52 kB │ gzip:   0.36 kB
node_modules/.nitro/vite/services/ssr/assets/p-avatar-1-W5RNcj7U.js                                    0.52 kB │ gzip:   0.32 kB
node_modules/.nitro/vite/services/ssr/assets/p-button-14-De7G6a5-.js                                   0.53 kB │ gzip:   0.36 kB
node_modules/.nitro/vite/services/ssr/assets/p-button-15-nkuFSL_D.js                                   0.53 kB │ gzip:   0.36 kB
node_modules/.nitro/vite/services/ssr/assets/tokens.stylex-BfCxF2nb.js                                 0.53 kB │ gzip:   0.27 kB
node_modules/.nitro/vite/services/ssr/assets/p-calendar-11-DEQibuwn.js                                 0.53 kB │ gzip:   0.35 kB
node_modules/.nitro/vite/services/ssr/assets/p-button-20-C5coH5CZ.js                                   0.54 kB │ gzip:   0.37 kB
node_modules/.nitro/vite/services/ssr/assets/p-switch-6-BsIvE8dj.js                                    0.54 kB │ gzip:   0.32 kB
node_modules/.nitro/vite/services/ssr/assets/p-button-18-D-wJErEt.js                                   0.54 kB │ gzip:   0.36 kB
node_modules/.nitro/vite/services/ssr/assets/p-calendar-3-D4IbhaGt.js                                  0.54 kB │ gzip:   0.32 kB
node_modules/.nitro/vite/services/ssr/assets/p-field-1-BydCW8uI.js                                     0.54 kB │ gzip:   0.30 kB
node_modules/.nitro/vite/services/ssr/assets/p-field-4-B1Hlhxhu.js                                     0.54 kB │ gzip:   0.30 kB
node_modules/.nitro/vite/services/ssr/assets/p-tooltip-1-DBR_0Bud.js                                   0.55 kB │ gzip:   0.29 kB
node_modules/.nitro/vite/services/ssr/assets/p-calendar-9-iaJ9r_Mk.js                                  0.56 kB │ gzip:   0.33 kB
node_modules/.nitro/vite/services/ssr/assets/p-button-41-C6eKic1k.js                                   0.56 kB │ gzip:   0.35 kB
node_modules/.nitro/vite/services/ssr/assets/p-toast-1-BUI-s5Xa.js                                     0.56 kB │ gzip:   0.37 kB
node_modules/.nitro/vite/services/ssr/assets/p-textarea-13-NHyvXjLw.js                                 0.57 kB │ gzip:   0.33 kB
node_modules/.nitro/vite/services/ssr/assets/p-calendar-8-BVYj8_LA.js                                  0.57 kB │ gzip:   0.34 kB
node_modules/.nitro/vite/services/ssr/assets/p-field-3-hJSe06tV.js                                     0.57 kB │ gzip:   0.31 kB
node_modules/.nitro/vite/services/ssr/assets/p-button-30-BL_9LkjS.js                                   0.58 kB │ gzip:   0.39 kB
node_modules/.nitro/vite/services/ssr/assets/p-input-group-11-CI_ySkkl.js                              0.58 kB │ gzip:   0.32 kB
node_modules/.nitro/vite/services/ssr/assets/p-toast-3-BXrvDyCt.js                                     0.58 kB │ gzip:   0.38 kB
node_modules/.nitro/vite/services/ssr/assets/p-button-41-BYOErGEo.js                                   0.59 kB │ gzip:   0.33 kB
node_modules/.nitro/vite/services/ssr/assets/p-textarea-14-f6wLxHop.js                                 0.59 kB │ gzip:   0.37 kB
node_modules/.nitro/vite/services/ssr/assets/p-textarea-15-DGN4JVhh.js                                 0.59 kB │ gzip:   0.37 kB
node_modules/.nitro/vite/services/ssr/assets/p-progress-1-DG1jAzOH.js                                  0.59 kB │ gzip:   0.37 kB
node_modules/.nitro/vite/services/ssr/assets/p-tooltip-1-0hE1f0so.js                                   0.59 kB │ gzip:   0.35 kB
node_modules/.nitro/vite/services/ssr/assets/p-calendar-4-BIcCCAYw.js                                  0.59 kB │ gzip:   0.35 kB
node_modules/.nitro/vite/services/ssr/assets/form-BEbwlWnK.js                                          0.60 kB │ gzip:   0.31 kB
node_modules/.nitro/vite/services/ssr/assets/p-badge-15-BWPna6PU.js                                    0.60 kB │ gzip:   0.36 kB
node_modules/.nitro/vite/services/ssr/assets/p-input-group-11-C_2YWJ6S.js                              0.60 kB │ gzip:   0.36 kB
node_modules/.nitro/vite/services/ssr/assets/p-toast-1-yDb0OywU.js                                     0.60 kB │ gzip:   0.34 kB
node_modules/.nitro/vite/services/ssr/assets/spinner-CgxECgUK.js                                       0.60 kB │ gzip:   0.40 kB
node_modules/.nitro/vite/services/ssr/assets/checkbox-group-BbVsYu_w.js                                0.60 kB │ gzip:   0.37 kB
node_modules/.nitro/vite/services/ssr/assets/p-field-16-CDJb_zEb.js                                    0.60 kB │ gzip:   0.35 kB
node_modules/.nitro/vite/services/ssr/assets/p-field-10-8ejzOOOK.js                                    0.61 kB │ gzip:   0.33 kB
node_modules/.nitro/vite/services/ssr/assets/p-calendar-3-DzHF5Xt3.js                                  0.61 kB │ gzip:   0.34 kB
node_modules/.nitro/vite/services/ssr/assets/p-menu-2--FzBzSlW.js                                      0.61 kB │ gzip:   0.31 kB
node_modules/.nitro/vite/services/ssr/assets/p-button-33-DEMAcN7A.js                                   0.61 kB │ gzip:   0.35 kB
node_modules/.nitro/vite/services/ssr/assets/p-number-field-1-DDuX7Vd4.js                              0.61 kB │ gzip:   0.29 kB
node_modules/.nitro/vite/services/ssr/assets/p-otp-field-2-uknbXzAL.js                                 0.62 kB │ gzip:   0.40 kB
node_modules/.nitro/vite/services/ssr/assets/p-field-1-DROIE5yo.js                                     0.62 kB │ gzip:   0.36 kB
node_modules/.nitro/vite/services/ssr/assets/p-input-group-10-DTSSFw6_.js                              0.62 kB │ gzip:   0.32 kB
node_modules/.nitro/vite/services/ssr/assets/p-calendar-8-BmFqgopR.js                                  0.62 kB │ gzip:   0.34 kB
node_modules/.nitro/vite/services/ssr/assets/p-number-field-4-BU_NlmC9.js                              0.62 kB │ gzip:   0.29 kB
node_modules/.nitro/vite/services/ssr/assets/p-alert-2-B5GkWAks.js                                     0.62 kB │ gzip:   0.37 kB
node_modules/.nitro/vite/services/ssr/assets/p-number-field-2-Hd086DQT.js                              0.63 kB │ gzip:   0.29 kB
node_modules/.nitro/vite/services/ssr/assets/p-number-field-3-BmanBHx5.js                              0.63 kB │ gzip:   0.29 kB
node_modules/.nitro/vite/services/ssr/assets/p-toast-3-B6DYSE05.js                                     0.63 kB │ gzip:   0.35 kB
node_modules/.nitro/vite/services/ssr/assets/p-calendar-11-Dc96IuT4.js                                 0.63 kB │ gzip:   0.37 kB
node_modules/.nitro/vite/services/ssr/assets/p-input-group-4-BH5rdfNq.js                               0.63 kB │ gzip:   0.35 kB
node_modules/.nitro/vite/services/ssr/assets/p-number-field-7-CGFQ7ZBc.js                              0.63 kB │ gzip:   0.30 kB
node_modules/.nitro/vite/services/ssr/assets/p-input-19-DOfthNB2.js                                    0.63 kB │ gzip:   0.34 kB
node_modules/.nitro/vite/services/ssr/assets/p-slider-18-SeN89RdH.js                                   0.63 kB │ gzip:   0.37 kB
node_modules/.nitro/vite/services/ssr/assets/p-input-group-10-B9QR-SyG.js                              0.64 kB │ gzip:   0.37 kB
node_modules/.nitro/vite/services/ssr/assets/p-calendar-7-DbL2KbsP.js                                  0.64 kB │ gzip:   0.35 kB
node_modules/.nitro/vite/services/ssr/assets/p-field-10-C9VqMyRw.js                                    0.64 kB │ gzip:   0.37 kB
node_modules/.nitro/vite/services/ssr/assets/p-radio-group-2-BfeMepVQ.js                               0.64 kB │ gzip:   0.30 kB
node_modules/.nitro/vite/services/ssr/assets/p-menu-3-pU2vj2PN.js                                      0.64 kB │ gzip:   0.32 kB
node_modules/.nitro/vite/services/ssr/assets/p-number-field-1-D1FHAEGK.js                              0.64 kB │ gzip:   0.33 kB
node_modules/.nitro/vite/services/ssr/assets/p-button-32-Cw1BTlrf.js                                   0.65 kB │ gzip:   0.35 kB
node_modules/.nitro/vite/services/ssr/assets/p-input-group-4-DqXt6ysC.js                               0.65 kB │ gzip:   0.32 kB
node_modules/.nitro/vite/services/ssr/assets/p-field-4-COy73Fin.js                                     0.65 kB │ gzip:   0.37 kB
node_modules/.nitro/vite/services/ssr/assets/p-avatar-6-DTEgU0Yn.js                                    0.65 kB │ gzip:   0.34 kB
node_modules/.nitro/vite/services/ssr/assets/p-alert-4-1fpO5yjV.js                                     0.65 kB │ gzip:   0.39 kB
node_modules/.nitro/vite/services/ssr/assets/p-otp-field-1-NDzIsXVs.js                                 0.65 kB │ gzip:   0.40 kB
node_modules/.nitro/vite/services/ssr/assets/p-textarea-5-BUk9t2PM.js                                  0.65 kB │ gzip:   0.39 kB
node_modules/.nitro/vite/services/ssr/assets/p-menu-8-BzfsuFD0.js                                      0.65 kB │ gzip:   0.32 kB
node_modules/.nitro/vite/services/ssr/assets/p-input-group-9-J_W8-nqf.js                               0.66 kB │ gzip:   0.33 kB
node_modules/.nitro/vite/services/ssr/assets/p-number-field-2-CGrYYbkk.js                              0.66 kB │ gzip:   0.34 kB
node_modules/.nitro/vite/services/ssr/assets/p-number-field-3-D4agMsSK.js                              0.66 kB │ gzip:   0.34 kB
node_modules/.nitro/vite/services/ssr/assets/p-slider-6-DQcPCcjW.js                                    0.66 kB │ gzip:   0.40 kB
node_modules/.nitro/vite/services/ssr/assets/p-number-field-4-D0a7xN7V.js                              0.66 kB │ gzip:   0.34 kB
node_modules/.nitro/vite/services/ssr/assets/p-progress-1-ChuUNYOM.js                                  0.66 kB │ gzip:   0.37 kB
node_modules/.nitro/vite/services/ssr/assets/p-toast-10-CiDNxDDb.js                                    0.66 kB │ gzip:   0.42 kB
node_modules/.nitro/vite/services/ssr/assets/p-number-field-6-Cm49PsPR.js                              0.67 kB │ gzip:   0.30 kB
node_modules/.nitro/vite/services/ssr/assets/p-number-field-7-DHi5YdH2.js                              0.67 kB │ gzip:   0.34 kB
node_modules/.nitro/vite/services/ssr/assets/p-alert-7-DDllVThm.js                                     0.67 kB │ gzip:   0.39 kB
node_modules/.nitro/vite/services/ssr/assets/p-alert-5-B59YHn0P.js                                     0.67 kB │ gzip:   0.40 kB
node_modules/.nitro/vite/services/ssr/assets/p-alert-6-DqX61zeJ.js                                     0.67 kB │ gzip:   0.39 kB
node_modules/.nitro/vite/services/ssr/assets/p-slider-2-CTvH7lDy.js                                    0.67 kB │ gzip:   0.39 kB
node_modules/.nitro/vite/services/ssr/assets/p-input-6-rUEw7vCe.js                                     0.67 kB │ gzip:   0.41 kB
node_modules/.nitro/vite/services/ssr/assets/skeleton-CboOcQGi.js                                      0.68 kB │ gzip:   0.46 kB
node_modules/.nitro/vite/services/ssr/assets/p-input-group-1-BdJw1ur8.js                               0.68 kB │ gzip:   0.39 kB
node_modules/.nitro/vite/services/ssr/assets/p-input-group-20-Dzm_Xrhb.js                              0.68 kB │ gzip:   0.39 kB
node_modules/.nitro/vite/services/ssr/assets/p-meter-1-SSkdmTTl.js                                     0.68 kB │ gzip:   0.37 kB
node_modules/.nitro/vite/services/ssr/assets/p-field-3-BGgJE6TQ.js                                     0.68 kB │ gzip:   0.38 kB
node_modules/.nitro/vite/services/ssr/assets/p-progress-2-LyulRddO.js                                  0.68 kB │ gzip:   0.36 kB
node_modules/.nitro/vite/services/ssr/assets/p-input-7-DvpFz_lm.js                                     0.68 kB │ gzip:   0.41 kB
node_modules/.nitro/vite/services/ssr/assets/p-number-field-8-KZBwphzS.js                              0.68 kB │ gzip:   0.32 kB
node_modules/.nitro/vite/services/ssr/assets/p-slider-20-CrqmNrAR.js                                   0.68 kB │ gzip:   0.40 kB
node_modules/.nitro/vite/services/ssr/assets/source-files-CQNP89oL.js                                  0.68 kB │ gzip:   0.34 kB
node_modules/.nitro/vite/services/ssr/assets/p-badge-16-DI4qbVDu.js                                    0.69 kB │ gzip:   0.40 kB
node_modules/.nitro/vite/services/ssr/assets/p-badge-17-C0xWG33S.js                                    0.69 kB │ gzip:   0.40 kB
node_modules/.nitro/vite/services/ssr/assets/p-badge-18-DBYut3iL.js                                    0.69 kB │ gzip:   0.40 kB
node_modules/.nitro/vite/services/ssr/assets/p-input-17-au7pgDYI.js                                    0.69 kB │ gzip:   0.38 kB
node_modules/.nitro/vite/services/ssr/assets/p-input-group-9-Rc6R9nGX.js                               0.69 kB │ gzip:   0.40 kB
node_modules/.nitro/vite/services/ssr/assets/p-textarea-10-BQ-uk-36.js                                 0.69 kB │ gzip:   0.37 kB
node_modules/.nitro/vite/services/ssr/assets/p-otp-field-2-CMaX_Bdt.js                                 0.69 kB │ gzip:   0.40 kB
node_modules/.nitro/vite/services/ssr/assets/p-toast-11-2zQAVmQ1.js                                    0.69 kB │ gzip:   0.44 kB
node_modules/.nitro/vite/services/ssr/assets/p-input-group-13-BqM0UMPC.js                              0.69 kB │ gzip:   0.40 kB
node_modules/.nitro/vite/services/ssr/assets/p-input-group-14-CejXawM4.js                              0.69 kB │ gzip:   0.40 kB
node_modules/.nitro/vite/services/ssr/assets/p-meter-3-CvO06q3u.js                                     0.70 kB │ gzip:   0.39 kB
node_modules/.nitro/vite/services/ssr/assets/p-number-field-11-D0ifNiOI.js                             0.70 kB │ gzip:   0.36 kB
node_modules/.nitro/vite/services/ssr/assets/p-input-group-2-BbqPWobq.js                               0.70 kB │ gzip:   0.41 kB
node_modules/.nitro/vite/services/ssr/assets/p-number-field-8-D22NUoiT.js                              0.70 kB │ gzip:   0.36 kB
node_modules/.nitro/vite/services/ssr/assets/p-menu-2-IdcYOOvP.js                                      0.71 kB │ gzip:   0.37 kB
node_modules/.nitro/vite/services/ssr/assets/p-radio-group-1-C9QZyJJ7.js                               0.71 kB │ gzip:   0.31 kB
node_modules/.nitro/vite/services/ssr/assets/p-meter-4-VEWuYMaG.js                                     0.71 kB │ gzip:   0.39 kB
node_modules/.nitro/vite/services/ssr/assets/p-input-group-16-CNZDLfDw.js                              0.71 kB │ gzip:   0.43 kB
node_modules/.nitro/vite/services/ssr/assets/p-number-field-6-Z_z-LaIE.js                              0.71 kB │ gzip:   0.34 kB
node_modules/.nitro/vite/services/ssr/assets/p-field-2-Rbijn35N.js                                     0.72 kB │ gzip:   0.41 kB
node_modules/.nitro/vite/services/ssr/assets/p-textarea-12-Dxmz6U7w.js                                 0.72 kB │ gzip:   0.40 kB
node_modules/.nitro/vite/services/ssr/assets/p-otp-field-1-by02I0hp.js                                 0.72 kB │ gzip:   0.40 kB
node_modules/.nitro/vite/services/ssr/assets/p-calendar-12-Chy6CJJN.js                                 0.72 kB │ gzip:   0.43 kB
node_modules/.nitro/vite/services/ssr/assets/p-calendar-7-DnEQvLGQ.js                                  0.73 kB │ gzip:   0.35 kB
node_modules/.nitro/vite/services/ssr/assets/p-input-group-3-CrAHv9x_.js                               0.73 kB │ gzip:   0.46 kB
node_modules/.nitro/vite/services/ssr/assets/p-input-13-D6VxJ2C8.js                                    0.73 kB │ gzip:   0.42 kB
node_modules/.nitro/vite/services/ssr/assets/p-toast-10-MbvNgdT6.js                                    0.74 kB │ gzip:   0.40 kB
node_modules/.nitro/vite/services/ssr/assets/p-progress-3-DuCVDoOd.js                                  0.74 kB │ gzip:   0.39 kB
node_modules/.nitro/vite/services/ssr/assets/p-menu-3-c902ZzLI.js                                      0.74 kB │ gzip:   0.39 kB
node_modules/.nitro/vite/services/ssr/assets/p-button-28-BqrmITcx.js                                   0.75 kB │ gzip:   0.45 kB
node_modules/.nitro/vite/services/ssr/assets/_name-BxbF8amk.js                                         0.75 kB │ gzip:   0.39 kB
node_modules/.nitro/vite/services/ssr/assets/p-textarea-7-CjgfadcA.js                                  0.75 kB │ gzip:   0.42 kB
node_modules/.nitro/vite/services/ssr/assets/p-slider-4-DZ1_uKoR.js                                    0.75 kB │ gzip:   0.42 kB
node_modules/.nitro/vite/services/ssr/assets/p-button-23-C8f6lmwx.js                                   0.75 kB │ gzip:   0.48 kB
node_modules/.nitro/vite/services/ssr/assets/p-avatar-7-Bu2QFWVT.js                                    0.75 kB │ gzip:   0.47 kB
node_modules/.nitro/vite/services/ssr/assets/p-avatar-8-C-NETtAB.js                                    0.75 kB │ gzip:   0.47 kB
node_modules/.nitro/vite/services/ssr/assets/p-group-20-BA9YiHRy.js                                    0.76 kB │ gzip:   0.35 kB
node_modules/.nitro/vite/services/ssr/assets/p-textarea-9-DMW5YpW7.js                                  0.76 kB │ gzip:   0.41 kB
node_modules/.nitro/vite/services/ssr/assets/p-toast-11-zoLoKCKw.js                                    0.76 kB │ gzip:   0.41 kB
node_modules/.nitro/vite/services/ssr/assets/label-DfuZgx5i.js                                         0.77 kB │ gzip:   0.48 kB
node_modules/.nitro/vite/services/ssr/assets/p-checkbox-group-1-m6D5uAsf.js                            0.77 kB │ gzip:   0.32 kB
node_modules/.nitro/vite/services/ssr/assets/p-field-16-C6YHsZJy.js                                    0.77 kB │ gzip:   0.40 kB
node_modules/.nitro/vite/services/ssr/assets/p-radio-group-2-BRx_-Vfb.js                               0.77 kB │ gzip:   0.37 kB
node_modules/.nitro/vite/services/ssr/assets/p-calendar-2-DNxaBey_.js                                  0.77 kB │ gzip:   0.42 kB
node_modules/.nitro/vite/services/ssr/assets/p-field-2-BfnMhift.js                                     0.77 kB │ gzip:   0.41 kB
node_modules/.nitro/vite/services/ssr/assets/p-input-15-D8EbBhfS.js                                    0.77 kB │ gzip:   0.39 kB
node_modules/.nitro/vite/services/ssr/assets/p-scroll-area-2-WR0VTySM.js                               0.77 kB │ gzip:   0.46 kB
node_modules/.nitro/vite/services/ssr/assets/p-checkbox-group-2-4XmY-HLH.js                            0.78 kB │ gzip:   0.33 kB
node_modules/.nitro/vite/services/ssr/assets/p-textarea-14-CctbwDYM.js                                 0.78 kB │ gzip:   0.39 kB
node_modules/.nitro/vite/services/ssr/assets/p-textarea-15-BbpN154O.js                                 0.78 kB │ gzip:   0.40 kB
node_modules/.nitro/vite/services/ssr/assets/p-button-31-DoAOnutM.js                                   0.78 kB │ gzip:   0.45 kB
node_modules/.nitro/vite/services/ssr/assets/p-textarea-12-n1iOl-5O.js                                 0.78 kB │ gzip:   0.41 kB
node_modules/.nitro/vite/services/ssr/assets/p-toggle-3-HiKJ-5H1.js                                    0.78 kB │ gzip:   0.42 kB
node_modules/.nitro/vite/services/ssr/assets/p-avatar-10-BSeEWceV.js                                   0.78 kB │ gzip:   0.47 kB
node_modules/.nitro/vite/services/ssr/assets/p-menu-5-CRSdTUct.js                                      0.78 kB │ gzip:   0.36 kB
node_modules/.nitro/vite/services/ssr/assets/p-textarea-5-C6UE-xJe.js                                  0.79 kB │ gzip:   0.42 kB
node_modules/.nitro/vite/services/ssr/assets/p-menu-4-Xt65HBV_.js                                      0.79 kB │ gzip:   0.36 kB
node_modules/.nitro/vite/services/ssr/assets/p-badge-11-Ct2DdMve.js                                    0.80 kB │ gzip:   0.43 kB
node_modules/.nitro/vite/services/ssr/assets/p-scroll-area-5-D08raziq.js                               0.80 kB │ gzip:   0.48 kB
node_modules/.nitro/vite/services/ssr/assets/p-context-menu-4-Q7koRYTK.js                              0.80 kB │ gzip:   0.43 kB
node_modules/.nitro/vite/services/ssr/assets/p-group-7-B2r23QvL.js                                     0.80 kB │ gzip:   0.37 kB
node_modules/.nitro/vite/services/ssr/assets/p-input-12-CBjpcQRT.js                                    0.81 kB │ gzip:   0.49 kB
node_modules/.nitro/vite/services/ssr/assets/p-menu-9-U1rNwXYu.js                                      0.81 kB │ gzip:   0.34 kB
node_modules/.nitro/vite/services/ssr/assets/p-button-18-CnVfQgEL.js                                   0.81 kB │ gzip:   0.41 kB
node_modules/.nitro/vite/services/ssr/assets/p-button-16-CJmvsTdW.js                                   0.82 kB │ gzip:   0.42 kB
node_modules/.nitro/vite/services/ssr/assets/p-avatar-9-6cy1PjGu.js                                    0.82 kB │ gzip:   0.48 kB
node_modules/.nitro/vite/services/ssr/assets/fieldset-D21qyGBB.js                                      0.82 kB │ gzip:   0.41 kB
node_modules/.nitro/vite/services/ssr/assets/p-calendar-22-BGCTnWtA.js                                 0.82 kB │ gzip:   0.47 kB
node_modules/.nitro/vite/services/ssr/assets/p-button-13-BTNaf0C1.js                                   0.83 kB │ gzip:   0.44 kB
node_modules/.nitro/vite/services/ssr/assets/p-input-18-rqlhspXw.js                                    0.83 kB │ gzip:   0.47 kB
node_modules/.nitro/vite/services/ssr/assets/p-button-14-D8_5FMHE.js                                   0.83 kB │ gzip:   0.44 kB
node_modules/.nitro/vite/services/ssr/assets/p-button-15-DJj2Q8Nt.js                                   0.83 kB │ gzip:   0.44 kB
node_modules/.nitro/vite/services/ssr/assets/p-alert-2-BKwNvyzb.js                                     0.83 kB │ gzip:   0.43 kB
node_modules/.nitro/vite/services/ssr/assets/p-checkbox-group-1-Dzx6Hced.js                            0.83 kB │ gzip:   0.38 kB
node_modules/.nitro/vite/services/ssr/assets/p-group-8-wf4elOSG.js                                     0.83 kB │ gzip:   0.38 kB
node_modules/.nitro/vite/services/ssr/assets/p-select-2-DuHNsqya.js                                    0.83 kB │ gzip:   0.43 kB
node_modules/.nitro/vite/services/ssr/assets/p-select-3-BWUT8-qw.js                                    0.83 kB │ gzip:   0.43 kB
node_modules/.nitro/vite/services/ssr/assets/p-menu-8-Doa7d0lI.js                                      0.83 kB │ gzip:   0.40 kB
node_modules/.nitro/vite/services/ssr/assets/p-select-21-cra6jguc.js                                   0.83 kB │ gzip:   0.43 kB
node_modules/.nitro/vite/services/ssr/assets/p-alert-4--IPHpNq7.js                                     0.84 kB │ gzip:   0.43 kB
node_modules/.nitro/vite/services/ssr/assets/p-select-4-BAGAlOHl.js                                    0.84 kB │ gzip:   0.43 kB
node_modules/.nitro/vite/services/ssr/assets/p-input-16-r6GTtqNU.js                                    0.84 kB │ gzip:   0.50 kB
node_modules/.nitro/vite/services/ssr/assets/p-context-menu-8-BjE_HV3I.js                              0.84 kB │ gzip:   0.44 kB
node_modules/.nitro/vite/services/ssr/assets/p-meter-1-DtNSixSH.js                                     0.84 kB │ gzip:   0.43 kB
node_modules/.nitro/vite/services/ssr/assets/p-group-20-DbEFr_GM.js                                    0.84 kB │ gzip:   0.44 kB
node_modules/.nitro/vite/services/ssr/assets/p-input-6-Cx-9ezCp.js                                     0.84 kB │ gzip:   0.44 kB
node_modules/.nitro/vite/services/ssr/assets/p-switch-3-CCULV2eV.js                                    0.84 kB │ gzip:   0.46 kB
node_modules/.nitro/vite/services/ssr/assets/p-textarea-11-Dg9GKRY1.js                                 0.84 kB │ gzip:   0.48 kB
node_modules/.nitro/vite/services/ssr/assets/p-calendar-23-C8vlBOf4.js                                 0.85 kB │ gzip:   0.49 kB
node_modules/.nitro/vite/services/ssr/assets/p-toast-4-BUcTKPIi.js                                     0.85 kB │ gzip:   0.46 kB
node_modules/.nitro/vite/services/ssr/assets/p-avatar-11-CWhDSP-J.js                                   0.85 kB │ gzip:   0.48 kB
node_modules/.nitro/vite/services/ssr/assets/p-select-5-8iw6SluW.js                                    0.85 kB │ gzip:   0.44 kB
node_modules/.nitro/vite/services/ssr/assets/p-input-11-BVPLyB_v.js                                    0.85 kB │ gzip:   0.49 kB
node_modules/.nitro/vite/services/ssr/assets/p-alert-5-Bg3QpC-x.js                                     0.86 kB │ gzip:   0.44 kB
node_modules/.nitro/vite/services/ssr/assets/p-alert-7-DL8v8z3f.js                                     0.86 kB │ gzip:   0.44 kB
node_modules/.nitro/vite/services/ssr/assets/p-checkbox-group-2--GkJ0jSe.js                            0.86 kB │ gzip:   0.40 kB
node_modules/.nitro/vite/services/ssr/assets/p-menu-7-DxGLCcSq.js                                      0.86 kB │ gzip:   0.35 kB
node_modules/.nitro/vite/services/ssr/assets/p-progress-2-DOEKQFFn.js                                  0.86 kB │ gzip:   0.42 kB
node_modules/.nitro/vite/services/ssr/assets/separator-BfK31fak.js                                     0.86 kB │ gzip:   0.47 kB
node_modules/.nitro/vite/services/ssr/assets/p-alert-6-Dk6moCjy.js                                     0.86 kB │ gzip:   0.44 kB
node_modules/.nitro/vite/services/ssr/assets/p-input-group-6-Tc-6MR0D.js                               0.86 kB │ gzip:   0.42 kB
node_modules/.nitro/vite/services/ssr/assets/p-radio-group-1-DOmcfj7k.js                               0.86 kB │ gzip:   0.38 kB
node_modules/.nitro/vite/services/ssr/assets/p-select-4-AvYv0eiu.js                                    0.86 kB │ gzip:   0.40 kB
node_modules/.nitro/vite/services/ssr/assets/p-scroll-area-4-vMdodUIq.js                               0.86 kB │ gzip:   0.48 kB
node_modules/.nitro/vite/services/ssr/assets/p-button-20-35aIffbt.js                                   0.86 kB │ gzip:   0.45 kB
node_modules/.nitro/vite/services/ssr/assets/p-select-2-HpVqWT9r.js                                    0.86 kB │ gzip:   0.41 kB
node_modules/.nitro/vite/services/ssr/assets/p-select-3-Cm_N2EZM.js                                    0.86 kB │ gzip:   0.41 kB
node_modules/.nitro/vite/services/ssr/assets/p-checkbox-4-BV7v8NvJ.js                                  0.87 kB │ gzip:   0.48 kB
node_modules/.nitro/vite/services/ssr/assets/p-select-15-DGnT1yxr.js                                   0.87 kB │ gzip:   0.45 kB
node_modules/.nitro/vite/services/ssr/assets/p-checkbox-3-BKGskSpF.js                                  0.87 kB │ gzip:   0.46 kB
node_modules/.nitro/vite/services/ssr/assets/p-select-22-DNzEHYma.js                                   0.87 kB │ gzip:   0.46 kB
node_modules/.nitro/vite/services/ssr/assets/p-input-7-DDL7ViMZ.js                                     0.87 kB │ gzip:   0.43 kB
node_modules/.nitro/vite/services/ssr/assets/p-scroll-area-1-DFDG0z1Q.js                               0.87 kB │ gzip:   0.49 kB
node_modules/.nitro/vite/services/ssr/assets/p-meter-3-Dipq4nMG.js                                     0.88 kB │ gzip:   0.46 kB
node_modules/.nitro/vite/services/ssr/assets/p-input-13-_ADz3dUh.js                                    0.88 kB │ gzip:   0.45 kB
node_modules/.nitro/vite/services/ssr/assets/p-context-menu-1-DjInc9CC.js                              0.88 kB │ gzip:   0.43 kB
node_modules/.nitro/vite/services/ssr/assets/p-number-field-11-DjrW8wfK.js                             0.88 kB │ gzip:   0.40 kB
node_modules/.nitro/vite/services/ssr/assets/p-input-14-C9sthEIK.js                                    0.88 kB │ gzip:   0.45 kB
node_modules/.nitro/vite/services/ssr/assets/p-input-group-5-ZN2Sj0Ae.js                               0.88 kB │ gzip:   0.48 kB
node_modules/.nitro/vite/services/ssr/assets/p-select-5-Bo2uA7xk.js                                    0.88 kB │ gzip:   0.41 kB
node_modules/.nitro/vite/services/ssr/assets/p-badge-20-kVu_MMMQ.js                                    0.88 kB │ gzip:   0.55 kB
node_modules/.nitro/vite/services/ssr/assets/p-menu-5-CTUes0aB.js                                      0.88 kB │ gzip:   0.40 kB
node_modules/.nitro/vite/services/ssr/assets/checkbox-group-BUyyduWE.js                                0.88 kB │ gzip:   0.42 kB
node_modules/.nitro/vite/services/ssr/assets/p-button-21-coEii8UE.js                                   0.89 kB │ gzip:   0.52 kB
node_modules/.nitro/vite/services/ssr/assets/p-button-27-Ciddxldy.js                                   0.89 kB │ gzip:   0.48 kB
node_modules/.nitro/vite/services/ssr/assets/p-date-picker-8-CB1A8GdW.js                               0.89 kB │ gzip:   0.46 kB
node_modules/.nitro/vite/services/ssr/assets/p-meter-4-BvkpTVqR.js                                     0.89 kB │ gzip:   0.47 kB
node_modules/.nitro/vite/services/ssr/assets/p-textarea-8-CMfrR1yp.js                                  0.89 kB │ gzip:   0.46 kB
node_modules/.nitro/vite/services/ssr/assets/p-textarea-7-BprbeVZ0.js                                  0.90 kB │ gzip:   0.45 kB
node_modules/.nitro/vite/services/ssr/assets/p-select-23-DER5SaxN.js                                   0.90 kB │ gzip:   0.41 kB
node_modules/.nitro/vite/services/ssr/assets/p-select-23-DRmhyIVD.js                                   0.90 kB │ gzip:   0.44 kB
node_modules/.nitro/vite/services/ssr/assets/p-skeleton-2-DChjkmGI.js                                  0.91 kB │ gzip:   0.41 kB
node_modules/.nitro/vite/services/ssr/assets/p-group-7-ryxFaWSb.js                                     0.91 kB │ gzip:   0.46 kB
node_modules/.nitro/vite/services/ssr/assets/p-input-group-24-BHIXcQAt.js                              0.92 kB │ gzip:   0.53 kB
node_modules/.nitro/vite/services/ssr/assets/p-menu-9-bHfpaGjR.js                                      0.92 kB │ gzip:   0.43 kB
node_modules/.nitro/vite/services/ssr/assets/p-calendar-10-C-XCrKcR.js                                 0.92 kB │ gzip:   0.48 kB
node_modules/.nitro/vite/services/ssr/assets/p-field-17-Ckz9ar7G.js                                    0.92 kB │ gzip:   0.38 kB
node_modules/.nitro/vite/services/ssr/assets/p-group-8-BP4a_VLv.js                                     0.92 kB │ gzip:   0.46 kB
node_modules/.nitro/vite/services/ssr/assets/p-menu-6-CBDz5PQ0.js                                      0.93 kB │ gzip:   0.37 kB
node_modules/.nitro/vite/services/ssr/assets/p-context-menu-2-Dpa8nhb-.js                              0.93 kB │ gzip:   0.45 kB
node_modules/.nitro/vite/services/ssr/assets/p-number-field-5-CcRYyI-8.js                              0.94 kB │ gzip:   0.45 kB
node_modules/.nitro/vite/services/ssr/assets/p-progress-3-BiWnqskg.js                                  0.94 kB │ gzip:   0.47 kB
node_modules/.nitro/vite/services/ssr/assets/p-calendar-15-D2HgcFB1.js                                 0.94 kB │ gzip:   0.50 kB
node_modules/.nitro/vite/services/ssr/assets/p-otp-field-3-DgNqJzE9.js                                 0.94 kB │ gzip:   0.47 kB
node_modules/.nitro/vite/services/ssr/assets/p-select-1-BDNuGy26.js                                    0.94 kB │ gzip:   0.45 kB
node_modules/.nitro/vite/services/ssr/assets/p-alert-3-BZN_9f2E.js                                     0.94 kB │ gzip:   0.47 kB
node_modules/.nitro/vite/services/ssr/assets/p-button-37-TKzlp30J.js                                   0.94 kB │ gzip:   0.53 kB
node_modules/.nitro/vite/services/ssr/assets/p-menu-4-BE8Fnr4g.js                                      0.95 kB │ gzip:   0.44 kB
node_modules/.nitro/vite/services/ssr/assets/p-switch-4-DMOzQd6k.js                                    0.95 kB │ gzip:   0.53 kB
node_modules/.nitro/vite/services/ssr/assets/p-otp-field-4-NPzzAh30.js                                 0.96 kB │ gzip:   0.52 kB
node_modules/.nitro/vite/services/ssr/assets/p-calendar-16-QrjuqPYv.js                                 0.96 kB │ gzip:   0.51 kB
node_modules/.nitro/vite/services/ssr/assets/p-input-group-1-CvBn3gjR.js                               0.98 kB │ gzip:   0.47 kB
node_modules/.nitro/vite/services/ssr/assets/p-input-group-20-UD21GYqj.js                              0.98 kB │ gzip:   0.47 kB
node_modules/.nitro/vite/services/ssr/assets/p-input-group-16-BqSaxuOu.js                              0.99 kB │ gzip:   0.48 kB
node_modules/.nitro/vite/services/ssr/assets/p-group-17-BkBDYerL.js                                    0.99 kB │ gzip:   0.46 kB
node_modules/.nitro/vite/services/ssr/assets/p-button-35-C7L-aS33.js                                   0.99 kB │ gzip:   0.52 kB
node_modules/.nitro/vite/services/ssr/assets/p-input-group-2-7IOvFtoo.js                               0.99 kB │ gzip:   0.48 kB
node_modules/.nitro/vite/services/ssr/assets/p-slider-6-j1Mo9Hhh.js                                    0.99 kB │ gzip:   0.52 kB
node_modules/.nitro/vite/services/ssr/assets/p-input-group-15-CdfthcHC.js                              0.99 kB │ gzip:   0.53 kB
node_modules/.nitro/vite/services/ssr/assets/p-select-1-vbFMJoq8.js                                    1.00 kB │ gzip:   0.44 kB
node_modules/.nitro/vite/services/ssr/assets/p-slider-20-DubaeSbJ.js                                   1.01 kB │ gzip:   0.48 kB
node_modules/.nitro/vite/services/ssr/assets/p-date-picker-8-DD_js-NW.js                               1.01 kB │ gzip:   0.46 kB
node_modules/.nitro/vite/services/ssr/assets/p-input-group-6-Dhy45raH.js                               1.01 kB │ gzip:   0.44 kB
node_modules/.nitro/vite/services/ssr/assets/p-toast-4-DW8DLar0.js                                     1.01 kB │ gzip:   0.44 kB
node_modules/.nitro/vite/services/ssr/assets/p-otp-field-9-DiYoeFh4.js                                 1.01 kB │ gzip:   0.56 kB
node_modules/.nitro/vite/services/ssr/assets/p-calendar-22-CKaW89X2.js                                 1.01 kB │ gzip:   0.52 kB
node_modules/.nitro/vite/services/ssr/assets/p-slider-12-Ddtb4RVH.js                                   1.01 kB │ gzip:   0.52 kB
node_modules/.nitro/vite/services/ssr/assets/p-field-17-C4sXY24P.js                                    1.02 kB │ gzip:   0.44 kB
node_modules/.nitro/vite/services/ssr/assets/p-slider-2-BounncwA.js                                    1.02 kB │ gzip:   0.49 kB
node_modules/.nitro/vite/services/ssr/assets/p-context-menu-7-DTLvr4_0.js                              1.02 kB │ gzip:   0.47 kB
node_modules/.nitro/vite/services/ssr/assets/p-frame-1-KkXJTBtB.js                                     1.02 kB │ gzip:   0.43 kB
node_modules/.nitro/vite/services/ssr/assets/p-group-17-Cui9vUpY.js                                    1.02 kB │ gzip:   0.52 kB
node_modules/.nitro/vite/services/ssr/assets/p-menu-7-D3BO9Y1f.js                                      1.02 kB │ gzip:   0.43 kB
node_modules/.nitro/vite/services/ssr/assets/p-select-8-ChRNFdv9.js                                    1.03 kB │ gzip:   0.53 kB
node_modules/.nitro/vite/services/ssr/assets/p-select-12-Cb2bLfwy.js                                   1.03 kB │ gzip:   0.47 kB
node_modules/.nitro/vite/services/ssr/assets/p-slider-15-BDka8GAJ.js                                   1.03 kB │ gzip:   0.56 kB
node_modules/.nitro/vite/services/ssr/assets/p-select-21-rDZn2oH4.js                                   1.03 kB │ gzip:   0.48 kB
node_modules/.nitro/vite/services/ssr/assets/p-toast-5-D2tnQp8P.js                                     1.03 kB │ gzip:   0.57 kB
node_modules/.nitro/vite/services/ssr/assets/p-input-group-13-DqlqEmWZ.js                              1.04 kB │ gzip:   0.48 kB
node_modules/.nitro/vite/services/ssr/assets/p-input-group-14-CzgpH1vA.js                              1.04 kB │ gzip:   0.48 kB
node_modules/.nitro/vite/services/ssr/assets/p-calendar-23-CJ5oupwE.js                                 1.04 kB │ gzip:   0.53 kB
node_modules/.nitro/vite/services/ssr/assets/p-button-26-B5ELAz1L.js                                   1.04 kB │ gzip:   0.55 kB
node_modules/.nitro/vite/services/ssr/assets/p-slider-19-BTrvXkmp.js                                   1.04 kB │ gzip:   0.54 kB
node_modules/.nitro/vite/services/ssr/assets/p-button-19-Ouz5IpCB.js                                   1.05 kB │ gzip:   0.53 kB
node_modules/.nitro/vite/services/ssr/assets/p-otp-field-10-W-gTxFsx.js                                1.05 kB │ gzip:   0.56 kB
node_modules/.nitro/vite/services/ssr/assets/kbd-CyjJj3_m.js                                           1.05 kB │ gzip:   0.55 kB
node_modules/.nitro/vite/services/ssr/assets/p-input-18-MqTDeHmR.js                                    1.06 kB │ gzip:   0.52 kB
node_modules/.nitro/vite/services/ssr/assets/p-otp-field-3-BHAWrZ2P.js                                 1.06 kB │ gzip:   0.47 kB
node_modules/.nitro/vite/services/ssr/assets/p-button-28-dXw4zIiC.js                                   1.06 kB │ gzip:   0.52 kB
node_modules/.nitro/vite/services/ssr/assets/p-group-16-BYZ1tJb8.js                                    1.06 kB │ gzip:   0.55 kB
node_modules/.nitro/vite/services/ssr/assets/p-button-36-DxU11K8j.js                                   1.07 kB │ gzip:   0.53 kB
node_modules/.nitro/vite/services/ssr/assets/p-number-field-5-CA56vM-2.js                              1.07 kB │ gzip:   0.47 kB
node_modules/.nitro/vite/services/ssr/assets/p-textarea-11-BNDuHX40.js                                 1.07 kB │ gzip:   0.52 kB
node_modules/.nitro/vite/services/ssr/assets/p-select-12-BEmJVSND.js                                   1.07 kB │ gzip:   0.45 kB
node_modules/.nitro/vite/services/ssr/assets/collapsible-CJVrxcX-.js                                   1.07 kB │ gzip:   0.47 kB
node_modules/.nitro/vite/services/ssr/assets/p-alert-3-C9Nqs7my.js                                     1.07 kB │ gzip:   0.50 kB
node_modules/.nitro/vite/services/ssr/assets/p-slider-4-Vpp1Ea6C.js                                    1.08 kB │ gzip:   0.53 kB
node_modules/.nitro/vite/services/ssr/assets/p-toggle-7-rjC4pJjV.js                                    1.08 kB │ gzip:   0.44 kB
node_modules/.nitro/vite/services/ssr/assets/p-breadcrumb-2-hygmbB6o.js                                1.09 kB │ gzip:   0.36 kB
node_modules/.nitro/vite/services/ssr/assets/p-button-31-B0OINVff.js                                   1.09 kB │ gzip:   0.52 kB
node_modules/.nitro/vite/services/ssr/assets/switch-awuJPlAl.js                                        1.09 kB │ gzip:   0.67 kB
node_modules/.nitro/vite/services/ssr/assets/p-otp-field-8-aVjQXNZg.js                                 1.09 kB │ gzip:   0.59 kB
node_modules/.nitro/vite/services/ssr/assets/p-toggle-group-1-BUsaTaUx.js                              1.10 kB │ gzip:   0.43 kB
node_modules/.nitro/vite/services/ssr/assets/p-calendar-10-DlCmRUGw.js                                 1.10 kB │ gzip:   0.52 kB
node_modules/.nitro/vite/services/ssr/assets/p-accordion-1-CCDqgeba.js                                 1.11 kB │ gzip:   0.58 kB
node_modules/.nitro/vite/services/ssr/assets/p-toggle-group-2-B23sb_7d.js                              1.11 kB │ gzip:   0.44 kB
node_modules/.nitro/vite/services/ssr/assets/p-toggle-group-3-X9f8wPRx.js                              1.11 kB │ gzip:   0.44 kB
node_modules/.nitro/vite/services/ssr/assets/p-input-group-22-BVrses9X.js                              1.11 kB │ gzip:   0.59 kB
node_modules/.nitro/vite/services/ssr/assets/p-toggle-group-6-BboZ1Hf3.js                              1.12 kB │ gzip:   0.44 kB
node_modules/.nitro/vite/services/ssr/assets/p-toggle-group-8-CoUMUQZM.js                              1.12 kB │ gzip:   0.44 kB
node_modules/.nitro/vite/services/ssr/assets/p-toast-6-DIc5W66V.js                                     1.12 kB │ gzip:   0.64 kB
node_modules/.nitro/vite/services/ssr/assets/p-button-34-DlBL1fBp.js                                   1.12 kB │ gzip:   0.58 kB
node_modules/.nitro/vite/services/ssr/assets/p-breadcrumb-2-B0ORhemd.js                                1.12 kB │ gzip:   0.38 kB
node_modules/.nitro/vite/services/ssr/assets/p-select-15-D9wy2VIu.js                                   1.12 kB │ gzip:   0.50 kB
node_modules/.nitro/vite/services/ssr/assets/spinner-CsDgC5Kx.js                                       1.12 kB │ gzip:   0.57 kB
node_modules/.nitro/vite/services/ssr/assets/p-slider-5-DLZfqC4o.js                                    1.12 kB │ gzip:   0.60 kB
node_modules/.nitro/vite/services/ssr/assets/p-slider-11-DF92tmHP.js                                   1.12 kB │ gzip:   0.54 kB
node_modules/.nitro/vite/services/ssr/assets/p-date-picker-1-DwmpvTC9.js                               1.13 kB │ gzip:   0.58 kB
node_modules/.nitro/vite/services/ssr/assets/p-select-16-DIq7wPFj.js                                   1.13 kB │ gzip:   0.52 kB
node_modules/.nitro/vite/services/ssr/assets/p-toggle-group-7-DbJD7wJ5.js                              1.13 kB │ gzip:   0.45 kB
node_modules/.nitro/vite/services/ssr/assets/p-input-group-21-DCw62B9D.js                              1.13 kB │ gzip:   0.55 kB
node_modules/.nitro/vite/services/ssr/assets/p-button-30-BcqlxZ2g.js                                   1.13 kB │ gzip:   0.56 kB
node_modules/.nitro/vite/services/ssr/assets/p-frame-3-CLbiGVaa.js                                     1.13 kB │ gzip:   0.42 kB
node_modules/.nitro/vite/services/ssr/assets/p-field-5-DWZ2qKgj.js                                     1.13 kB │ gzip:   0.56 kB
node_modules/.nitro/vite/services/ssr/assets/use-copy-to-clipboard-CQF7LH6s.js                         1.13 kB │ gzip:   0.49 kB
node_modules/.nitro/vite/services/ssr/assets/p-field-11-vIRpk-hC.js                                    1.14 kB │ gzip:   0.51 kB
node_modules/.nitro/vite/services/ssr/assets/p-group-9-D52lb3Hu.js                                     1.14 kB │ gzip:   0.51 kB
node_modules/.nitro/vite/services/ssr/assets/p-drawer-2-CgTKi4vm.js                                    1.14 kB │ gzip:   0.50 kB
node_modules/.nitro/vite/services/ssr/assets/p-radio-group-7-DiItXueN.js                               1.15 kB │ gzip:   0.55 kB
node_modules/.nitro/vite/services/ssr/assets/p-menu-6-BUSgL9Kw.js                                      1.15 kB │ gzip:   0.45 kB
node_modules/.nitro/vite/services/ssr/assets/p-otp-field-4-BF0BOhwI.js                                 1.15 kB │ gzip:   0.55 kB
node_modules/.nitro/vite/services/ssr/assets/p-field-11-Bv_OltQ7.js                                    1.15 kB │ gzip:   0.48 kB
node_modules/.nitro/vite/services/ssr/assets/p-radio-group-9-BMJWEzpJ.js                               1.15 kB │ gzip:   0.55 kB
node_modules/.nitro/vite/services/ssr/assets/fieldset-CROrgx4_.js                                      1.15 kB │ gzip:   0.45 kB
node_modules/.nitro/vite/services/ssr/assets/p-toast-6-D5epE42g.js                                     1.15 kB │ gzip:   0.60 kB
node_modules/.nitro/vite/services/ssr/assets/p-radio-group-8-Dthcaq43.js                               1.15 kB │ gzip:   0.55 kB
node_modules/.nitro/vite/services/ssr/assets/p-checkbox-group-3-HY-qqWP7.js                            1.15 kB │ gzip:   0.53 kB
node_modules/.nitro/vite/services/ssr/assets/separator-Cju71VLI.js                                     1.16 kB │ gzip:   0.52 kB
node_modules/.nitro/vite/services/ssr/assets/p-switch-3-C4RXwKzG.js                                    1.17 kB │ gzip:   0.53 kB
node_modules/.nitro/vite/services/ssr/assets/p-drawer-1-Cue1nMlN.js                                    1.17 kB │ gzip:   0.52 kB
node_modules/.nitro/vite/services/ssr/assets/p-input-14-WIrpeiSj.js                                    1.17 kB │ gzip:   0.55 kB
node_modules/.nitro/vite/services/ssr/assets/p-pagination-1-CCmggSpD.js                                1.17 kB │ gzip:   0.34 kB
node_modules/.nitro/vite/services/ssr/assets/p-tabs-1-BKhxF6eJ.js                                      1.18 kB │ gzip:   0.46 kB
node_modules/.nitro/vite/services/ssr/assets/p-select-7-DrZETIx_.js                                    1.18 kB │ gzip:   0.60 kB
node_modules/.nitro/vite/services/ssr/assets/p-avatar-10-FaYCE3on.js                                   1.18 kB │ gzip:   0.57 kB
node_modules/.nitro/vite/services/ssr/assets/p-calendar-12-DmMPPiLv.js                                 1.18 kB │ gzip:   0.55 kB
node_modules/.nitro/vite/services/ssr/assets/p-number-field-9-zNGx8V_X.js                              1.19 kB │ gzip:   0.41 kB
node_modules/.nitro/vite/services/ssr/assets/p-tabs-14-BoyplA2-.js                                     1.19 kB │ gzip:   0.47 kB
node_modules/.nitro/vite/services/ssr/assets/p-tabs-15-B3GNBFo4.js                                     1.19 kB │ gzip:   0.47 kB
node_modules/.nitro/vite/services/ssr/assets/p-calendar-15-C2xAT2fn.js                                 1.19 kB │ gzip:   0.58 kB
node_modules/.nitro/vite/services/ssr/assets/p-checkbox-3-DL3dD-J_.js                                  1.20 kB │ gzip:   0.53 kB
node_modules/.nitro/vite/services/ssr/assets/p-field-6-DPDP0FzY.js                                     1.20 kB │ gzip:   0.60 kB
node_modules/.nitro/vite/services/ssr/assets/p-checkbox-5-De-vgYuY.js                                  1.21 kB │ gzip:   0.63 kB
node_modules/.nitro/vite/services/ssr/assets/p-textarea-8-BjwXlGpk.js                                  1.21 kB │ gzip:   0.55 kB
node_modules/.nitro/vite/services/ssr/assets/p-avatar-3-BGlCbtSZ.js                                    1.21 kB │ gzip:   0.47 kB
node_modules/.nitro/vite/services/ssr/assets/p-collapsible-1-DPXnY8Rq.js                               1.21 kB │ gzip:   0.55 kB
node_modules/.nitro/vite/services/ssr/assets/p-avatar-8-yamhrhHu.js                                    1.22 kB │ gzip:   0.58 kB
node_modules/.nitro/vite/services/ssr/assets/p-avatar-7-DSxN9F5a.js                                    1.22 kB │ gzip:   0.59 kB
node_modules/.nitro/vite/services/ssr/assets/p-toggle-group-9-CdCcwYbY.js                              1.22 kB │ gzip:   0.58 kB
node_modules/.nitro/vite/services/ssr/assets/p-select-22-CYU8f7NE.js                                   1.23 kB │ gzip:   0.56 kB
node_modules/.nitro/vite/services/ssr/assets/p-combobox-1-CjYQ1ge4.js                                  1.23 kB │ gzip:   0.52 kB
node_modules/.nitro/vite/services/ssr/assets/p-avatar-5-ryrUJaRu.js                                    1.23 kB │ gzip:   0.47 kB
node_modules/.nitro/vite/services/ssr/assets/label-Djdowa0d.js                                         1.23 kB │ gzip:   0.57 kB
node_modules/.nitro/vite/services/ssr/assets/p-avatar-4-BDb24HoO.js                                    1.24 kB │ gzip:   0.44 kB
node_modules/.nitro/vite/services/ssr/assets/p-breadcrumb-3-BC1WBG44.js                                1.24 kB │ gzip:   0.43 kB
node_modules/.nitro/vite/services/ssr/assets/p-fieldset-1-hacuMqwW.js                                  1.24 kB │ gzip:   0.52 kB
node_modules/.nitro/vite/services/ssr/assets/p-number-field-9-6W6dPE11.js                              1.24 kB │ gzip:   0.45 kB
node_modules/.nitro/vite/services/ssr/assets/p-toggle-group-4-Bnx0jnxQ.js                              1.25 kB │ gzip:   0.47 kB
node_modules/.nitro/vite/services/ssr/assets/p-pagination-2-BWThNkDK.js                                1.25 kB │ gzip:   0.52 kB
node_modules/.nitro/vite/services/ssr/assets/p-combobox-3-CBdcIOAb.js                                  1.25 kB │ gzip:   0.52 kB
node_modules/.nitro/vite/services/ssr/assets/p-combobox-4-oAhDpZ6P.js                                  1.25 kB │ gzip:   0.53 kB
node_modules/.nitro/vite/services/ssr/assets/p-combobox-7-DcmNXqIW.js                                  1.25 kB │ gzip:   0.53 kB
node_modules/.nitro/vite/services/ssr/assets/p-switch-5-Bwt8blJy.js                                    1.25 kB │ gzip:   0.63 kB
node_modules/.nitro/vite/services/ssr/assets/p-pagination-1-DTC8iZ5a.js                                1.25 kB │ gzip:   0.39 kB
node_modules/.nitro/vite/services/ssr/assets/p-date-picker-6-D4FqWkXU.js                               1.25 kB │ gzip:   0.63 kB
node_modules/.nitro/vite/services/ssr/assets/p-combobox-6-gWPeIghH.js                                  1.26 kB │ gzip:   0.53 kB
node_modules/.nitro/vite/services/ssr/assets/p-context-menu-3-DFuetST1.js                              1.26 kB │ gzip:   0.48 kB
node_modules/.nitro/vite/services/ssr/assets/p-tabs-1-DoK9Zj2k.js                                      1.26 kB │ gzip:   0.40 kB
node_modules/.nitro/vite/services/ssr/assets/p-context-menu-5-COTix3Hv.js                              1.27 kB │ gzip:   0.49 kB
node_modules/.nitro/vite/services/ssr/assets/p-calendar-16-2kN_arz1.js                                 1.27 kB │ gzip:   0.58 kB
node_modules/.nitro/vite/services/ssr/assets/p-toggle-7-Ca-mN_bc.js                                    1.27 kB │ gzip:   0.51 kB
node_modules/.nitro/vite/services/ssr/assets/p-context-menu-4-CTm-RT9d.js                              1.27 kB │ gzip:   0.56 kB
node_modules/.nitro/vite/services/ssr/assets/p-breadcrumb-6-BNbbTcKh.js                                1.27 kB │ gzip:   0.44 kB
node_modules/.nitro/vite/services/ssr/assets/p-frame-1-ppVtzsM6.js                                     1.27 kB │ gzip:   0.50 kB
node_modules/.nitro/vite/services/ssr/assets/p-toggle-group-1-DuNNwTK7.js                              1.27 kB │ gzip:   0.51 kB
node_modules/.nitro/vite/services/ssr/assets/p-combobox-15-CjNVCsJJ.js                                 1.27 kB │ gzip:   0.55 kB
node_modules/.nitro/vite/services/ssr/assets/p-input-group-7-D-Oav9KO.js                               1.27 kB │ gzip:   0.61 kB
node_modules/.nitro/vite/services/ssr/assets/p-combobox-2-CgueZx6J.js                                  1.28 kB │ gzip:   0.54 kB
node_modules/.nitro/vite/services/ssr/assets/p-accordion-2-DIb6N03I.js                                 1.28 kB │ gzip:   0.53 kB
node_modules/.nitro/vite/services/ssr/assets/p-avatar-13-CWb7k9yg.js                                   1.28 kB │ gzip:   0.48 kB
node_modules/.nitro/vite/services/ssr/assets/p-drawer-3-CLD8d06y.js                                    1.28 kB │ gzip:   0.63 kB
node_modules/.nitro/vite/services/ssr/assets/p-toggle-group-6-x_-k69BT.js                              1.28 kB │ gzip:   0.51 kB
node_modules/.nitro/vite/services/ssr/assets/p-toggle-group-8-DahH9VfW.js                              1.28 kB │ gzip:   0.51 kB
node_modules/.nitro/vite/services/ssr/assets/p-avatar-14-DgBuKOmc.js                                   1.28 kB │ gzip:   0.48 kB
node_modules/.nitro/vite/services/ssr/assets/p-toggle-group-2-BI8Jh-1i.js                              1.29 kB │ gzip:   0.51 kB
node_modules/.nitro/vite/services/ssr/assets/p-toggle-group-3-D2mj3GjZ.js                              1.29 kB │ gzip:   0.51 kB
node_modules/.nitro/vite/services/ssr/assets/p-badge-19-CDaKQ54Q.js                                    1.29 kB │ gzip:   0.66 kB
node_modules/.nitro/vite/services/ssr/assets/p-combobox-1-CpU75zk3.js                                  1.29 kB │ gzip:   0.50 kB
node_modules/.nitro/vite/services/ssr/assets/p-context-menu-1-BhL_FwQ0.js                              1.29 kB │ gzip:   0.55 kB
node_modules/.nitro/vite/services/ssr/assets/p-toggle-group-7-CfKzfJ6h.js                              1.29 kB │ gzip:   0.52 kB
node_modules/.nitro/vite/services/ssr/assets/p-accordion-3-tbOvj7wT.js                                 1.30 kB │ gzip:   0.54 kB
node_modules/.nitro/vite/services/ssr/assets/p-empty-1-D9F-Lm0n.js                                     1.30 kB │ gzip:   0.58 kB
node_modules/.nitro/vite/services/ssr/assets/p-slider-16-DtyLxSCU.js                                   1.30 kB │ gzip:   0.64 kB
node_modules/.nitro/vite/services/ssr/assets/p-tabs-14-FGDSSxqm.js                                     1.30 kB │ gzip:   0.42 kB
node_modules/.nitro/vite/services/ssr/assets/p-tabs-15-DMgJdBxY.js                                     1.30 kB │ gzip:   0.42 kB
node_modules/.nitro/vite/services/ssr/assets/p-field-13-myySywxB.js                                    1.30 kB │ gzip:   0.51 kB
node_modules/.nitro/vite/services/ssr/assets/p-drawer-6-QY1LqqsB.js                                    1.31 kB │ gzip:   0.59 kB
node_modules/.nitro/vite/services/ssr/assets/p-fieldset-1-BLJpx-c5.js                                  1.31 kB │ gzip:   0.54 kB
node_modules/.nitro/vite/services/ssr/assets/p-tabs-3-C1aBZGve.js                                      1.31 kB │ gzip:   0.43 kB
node_modules/.nitro/vite/services/ssr/assets/p-tabs-5-BVIwwTBB.js                                      1.31 kB │ gzip:   0.51 kB
node_modules/.nitro/vite/services/ssr/assets/p-button-36-D62HEV-3.js                                   1.32 kB │ gzip:   0.60 kB
node_modules/.nitro/vite/services/ssr/assets/p-separator-1-BdfYZ92h.js                                 1.32 kB │ gzip:   0.50 kB
node_modules/.nitro/vite/services/ssr/assets/p-tabs-3-DLzxYkXL.js                                      1.32 kB │ gzip:   0.51 kB
node_modules/.nitro/vite/services/ssr/assets/p-tabs-5-DDXJ_6_M.js                                      1.32 kB │ gzip:   0.43 kB
node_modules/.nitro/vite/services/ssr/assets/p-context-menu-8-CPSyzlxA.js                              1.32 kB │ gzip:   0.57 kB
node_modules/.nitro/vite/services/ssr/assets/p-group-16-CfKL8Oq9.js                                    1.32 kB │ gzip:   0.59 kB
node_modules/.nitro/vite/services/ssr/assets/p-input-group-15-B6osfFbR.js                              1.33 kB │ gzip:   0.60 kB
node_modules/.nitro/vite/services/ssr/assets/p-toggle-group-5-Dff5pcQu.js                              1.33 kB │ gzip:   0.49 kB
node_modules/.nitro/vite/services/ssr/assets/p-toast-5-CKmnIysu.js                                     1.33 kB │ gzip:   0.57 kB
node_modules/.nitro/vite/services/ssr/assets/p-combobox-6-C2YcLvbS.js                                  1.33 kB │ gzip:   0.51 kB
node_modules/.nitro/vite/services/ssr/assets/p-textarea-6-CFOQD22g.js                                  1.33 kB │ gzip:   0.68 kB
node_modules/.nitro/vite/services/ssr/assets/p-combobox-7-z_5dvUif.js                                  1.33 kB │ gzip:   0.51 kB
node_modules/.nitro/vite/services/ssr/assets/p-radio-group-3-DP651x_P.js                               1.33 kB │ gzip:   0.49 kB
node_modules/.nitro/vite/services/ssr/assets/p-button-35-BW_PPfy8.js                                   1.33 kB │ gzip:   0.62 kB
node_modules/.nitro/vite/services/ssr/assets/p-form-1-CHM093sy.js                                      1.33 kB │ gzip:   0.68 kB
node_modules/.nitro/vite/services/ssr/assets/p-autocomplete-3-saOOgxSM.js                              1.34 kB │ gzip:   0.54 kB
node_modules/.nitro/vite/services/ssr/assets/p-autocomplete-4-DJ5Rb_Mx.js                              1.34 kB │ gzip:   0.54 kB
node_modules/.nitro/vite/services/ssr/assets/p-combobox-3-CRBy4buU.js                                  1.34 kB │ gzip:   0.51 kB
node_modules/.nitro/vite/services/ssr/assets/p-combobox-4-JWi4bHqL.js                                  1.34 kB │ gzip:   0.51 kB
node_modules/.nitro/vite/services/ssr/assets/p-autocomplete-6-DKsFxhvN.js                              1.34 kB │ gzip:   0.54 kB
node_modules/.nitro/vite/services/ssr/assets/p-tabs-11-5Odr1Ew0.js                                     1.34 kB │ gzip:   0.65 kB
node_modules/.nitro/vite/services/ssr/assets/p-autocomplete-2-C5vRp4dC.js                              1.34 kB │ gzip:   0.55 kB
node_modules/.nitro/vite/services/ssr/assets/p-autocomplete-8-f_H1-Ypd.js                              1.34 kB │ gzip:   0.55 kB
node_modules/.nitro/vite/services/ssr/assets/p-button-27-KRtSYec6.js                                   1.34 kB │ gzip:   0.61 kB
node_modules/.nitro/vite/services/ssr/assets/p-drawer-2-BnauxP22.js                                    1.34 kB │ gzip:   0.54 kB
node_modules/.nitro/vite/services/ssr/assets/p-autocomplete-7-CJyzBLl4.js                              1.34 kB │ gzip:   0.55 kB
node_modules/.nitro/vite/services/ssr/assets/p-combobox-2-B4MvdymB.js                                  1.35 kB │ gzip:   0.52 kB
node_modules/.nitro/vite/services/ssr/assets/p-frame-3-ALPZMx_W.js                                     1.35 kB │ gzip:   0.49 kB
node_modules/.nitro/vite/services/ssr/assets/p-avatar-11-CqFnWGnl.js                                   1.35 kB │ gzip:   0.59 kB
node_modules/.nitro/vite/services/ssr/assets/p-drawer-1-Cf2A22Ai.js                                    1.35 kB │ gzip:   0.54 kB
node_modules/.nitro/vite/services/ssr/assets/p-select-8-j_LUoOeA.js                                    1.36 kB │ gzip:   0.62 kB
node_modules/.nitro/vite/services/ssr/assets/p-autocomplete-9-C_gcMbob.js                              1.36 kB │ gzip:   0.56 kB
node_modules/.nitro/vite/services/ssr/assets/p-date-picker-2-DLHzBzd_.js                               1.36 kB │ gzip:   0.65 kB
node_modules/.nitro/vite/services/ssr/assets/p-autocomplete-15-CmtSdetr.js                             1.37 kB │ gzip:   0.56 kB
node_modules/.nitro/vite/services/ssr/assets/p-dialog-2-DGCwwm-s.js                                    1.37 kB │ gzip:   0.54 kB
node_modules/.nitro/vite/services/ssr/assets/p-tabs-2-GqsJohbQ.js                                      1.37 kB │ gzip:   0.53 kB
node_modules/.nitro/vite/services/ssr/assets/p-select-16-CeLzRDTd.js                                   1.37 kB │ gzip:   0.58 kB
node_modules/.nitro/vite/services/ssr/assets/p-input-group-24-ZhnuA31X.js                              1.38 kB │ gzip:   0.67 kB
node_modules/.nitro/vite/services/ssr/assets/p-field-14-WHarq5mE.js                                    1.38 kB │ gzip:   0.54 kB
node_modules/.nitro/vite/services/ssr/assets/p-group-22-BG-icIxk.js                                    1.38 kB │ gzip:   0.55 kB
node_modules/.nitro/vite/services/ssr/assets/p-group-9-Dt_KLEQq.js                                     1.38 kB │ gzip:   0.56 kB
node_modules/.nitro/vite/services/ssr/assets/p-toggle-group-4-DgO41iYS.js                              1.38 kB │ gzip:   0.53 kB
node_modules/.nitro/vite/services/ssr/assets/p-alert-dialog-1-DLdtn0f3.js                              1.38 kB │ gzip:   0.49 kB
node_modules/.nitro/vite/services/ssr/assets/p-checkbox-group-3-C_Y3UlT-.js                            1.38 kB │ gzip:   0.60 kB
node_modules/.nitro/vite/services/ssr/assets/p-date-picker-9-B-2eBXXi.js                               1.38 kB │ gzip:   0.66 kB
node_modules/.nitro/vite/services/ssr/assets/p-scroll-area-3-ATa6qjIB.js                               1.39 kB │ gzip:   0.79 kB
node_modules/.nitro/vite/services/ssr/assets/p-alert-dialog-1-BBo22Jd5.js                              1.39 kB │ gzip:   0.54 kB
node_modules/.nitro/vite/services/ssr/assets/p-otp-field-10-JW3WSR7S.js                                1.39 kB │ gzip:   0.68 kB
node_modules/.nitro/vite/services/ssr/assets/p-combobox-13-BavhMBWb.js                                 1.40 kB │ gzip:   0.61 kB
node_modules/.nitro/vite/services/ssr/assets/p-alert-dialog-2-CeIub38E.js                              1.40 kB │ gzip:   0.50 kB
node_modules/.nitro/vite/services/ssr/assets/p-accordion-1-BiqdLfxI.js                                 1.40 kB │ gzip:   0.64 kB
node_modules/.nitro/vite/services/ssr/assets/p-autocomplete-2-CQPPpTAD.js                              1.40 kB │ gzip:   0.51 kB
node_modules/.nitro/vite/services/ssr/assets/p-avatar-9-DSVKTZkX.js                                    1.41 kB │ gzip:   0.62 kB
node_modules/.nitro/vite/services/ssr/assets/p-autocomplete-1-D-lD6WU0.js                              1.41 kB │ gzip:   0.55 kB
node_modules/.nitro/vite/services/ssr/assets/p-autocomplete-6-6u5Qbr6S.js                              1.41 kB │ gzip:   0.52 kB
node_modules/.nitro/vite/services/ssr/assets/p-autocomplete-7-CryMUXAJ.js                              1.41 kB │ gzip:   0.52 kB
node_modules/.nitro/vite/services/ssr/assets/p-context-menu-2-CNPG8--r.js                              1.41 kB │ gzip:   0.60 kB
node_modules/.nitro/vite/services/ssr/assets/p-tabs-2-B5i5PvWz.js                                      1.41 kB │ gzip:   0.45 kB
node_modules/.nitro/vite/services/ssr/assets/p-autocomplete-8-C78WEFgF.js                              1.41 kB │ gzip:   0.52 kB
node_modules/.nitro/vite/services/ssr/assets/p-accordion-2-BzH3jcLz.js                                 1.41 kB │ gzip:   0.56 kB
node_modules/.nitro/vite/services/ssr/assets/p-autocomplete-3-BfRT5uAP.js                              1.41 kB │ gzip:   0.52 kB
node_modules/.nitro/vite/services/ssr/assets/p-autocomplete-4-DaofiIAe.js                              1.41 kB │ gzip:   0.52 kB
node_modules/.nitro/vite/services/ssr/assets/p-otp-field-9-Il59CaR0.js                                 1.42 kB │ gzip:   0.65 kB
node_modules/.nitro/vite/services/ssr/assets/p-alert-dialog-2-rrIdg44V.js                              1.42 kB │ gzip:   0.56 kB
node_modules/.nitro/vite/services/ssr/assets/p-group-19-rG393GPt.js                                    1.42 kB │ gzip:   0.64 kB
node_modules/.nitro/vite/services/ssr/assets/p-navigation-2-Czck6A-t.js                                1.42 kB │ gzip:   0.54 kB
node_modules/.nitro/vite/services/ssr/assets/p-accordion-3-D8V4ocMY.js                                 1.42 kB │ gzip:   0.57 kB
node_modules/.nitro/vite/services/ssr/assets/p-frame-4-CZbhr3NU.js                                     1.43 kB │ gzip:   0.50 kB
node_modules/.nitro/vite/services/ssr/assets/p-navigation-3-KBa2qunU.js                                1.43 kB │ gzip:   0.54 kB
node_modules/.nitro/vite/services/ssr/assets/p-breadcrumb-5-Yt-JvLvN.js                                1.43 kB │ gzip:   0.47 kB
node_modules/.nitro/vite/services/ssr/assets/p-button-38-BSTsL1kC.js                                   1.43 kB │ gzip:   0.49 kB
node_modules/.nitro/vite/services/ssr/assets/p-context-menu-7-QwfEzi0L.js                              1.43 kB │ gzip:   0.59 kB
node_modules/.nitro/vite/services/ssr/assets/p-group-22-DDQil70i.js                                    1.43 kB │ gzip:   0.55 kB
node_modules/.nitro/vite/services/ssr/assets/p-autocomplete-9-D97ra2Mj.js                              1.43 kB │ gzip:   0.52 kB
node_modules/.nitro/vite/services/ssr/assets/p-otp-field-8-Cptwmx9f.js                                 1.44 kB │ gzip:   0.71 kB
node_modules/.nitro/vite/services/ssr/assets/p-breadcrumb-3-BiLk_DSL.js                                1.44 kB │ gzip:   0.51 kB
node_modules/.nitro/vite/services/ssr/assets/p-field-6-BLTpNnkl.js                                     1.44 kB │ gzip:   0.64 kB
node_modules/.nitro/vite/services/ssr/assets/p-drawer-3-BJHKPN3k.js                                    1.45 kB │ gzip:   0.66 kB
node_modules/.nitro/vite/services/ssr/assets/p-radio-group-4-BPxvz7Ss.js                               1.45 kB │ gzip:   0.53 kB
node_modules/.nitro/vite/services/ssr/assets/p-autocomplete-1-DMtzSmru.js                              1.46 kB │ gzip:   0.52 kB
node_modules/.nitro/vite/services/ssr/assets/p-popover-2-Dg_MaDN8.js                                   1.46 kB │ gzip:   0.64 kB
node_modules/.nitro/vite/services/ssr/assets/p-button-23-CK5AXJ77.js                                   1.47 kB │ gzip:   0.65 kB
node_modules/.nitro/vite/services/ssr/assets/p-select-7-Om6X3S9W.js                                    1.47 kB │ gzip:   0.65 kB
node_modules/.nitro/vite/services/ssr/assets/p-slider-12-LpS5ko3d.js                                   1.47 kB │ gzip:   0.61 kB
node_modules/.nitro/vite/services/ssr/assets/p-slider-15-Bo9HvC9U.js                                   1.47 kB │ gzip:   0.67 kB
node_modules/.nitro/vite/services/ssr/assets/p-tabs-4-BLmzvooR.js                                      1.47 kB │ gzip:   0.48 kB
node_modules/.nitro/vite/services/ssr/assets/p-group-19-Bpd6oV9h.js                                    1.47 kB │ gzip:   0.59 kB
node_modules/.nitro/vite/services/ssr/assets/p-select-18--p7Dmkn6.js                                   1.48 kB │ gzip:   0.62 kB
node_modules/.nitro/vite/services/ssr/assets/p-popover-1-DR4hqrkA.js                                   1.48 kB │ gzip:   0.65 kB
node_modules/.nitro/vite/services/ssr/assets/p-group-18-CSmOwZlD.js                                    1.48 kB │ gzip:   0.66 kB
node_modules/.nitro/vite/services/ssr/assets/p-input-group-3-DFNzm13P.js                               1.48 kB │ gzip:   0.67 kB
node_modules/.nitro/vite/services/ssr/assets/p-input-group-12-CxtsS8x9.js                              1.49 kB │ gzip:   0.69 kB
node_modules/.nitro/vite/services/ssr/assets/p-slider-19-D-zJDrkE.js                                   1.49 kB │ gzip:   0.63 kB
node_modules/.nitro/vite/services/ssr/assets/p-autocomplete-14-Biwrsn6A.js                             1.49 kB │ gzip:   0.63 kB
node_modules/.nitro/vite/services/ssr/assets/p-scroll-area-2-5M_3c7VS.js                               1.49 kB │ gzip:   0.62 kB
node_modules/.nitro/vite/services/ssr/assets/p-toggle-group-5-6G1gy_W8.js                              1.49 kB │ gzip:   0.56 kB
node_modules/.nitro/vite/services/ssr/assets/p-breadcrumb-6-s7fFom9c.js                                1.49 kB │ gzip:   0.52 kB
node_modules/.nitro/vite/services/ssr/assets/p-checkbox-5-De9T3qjW.js                                  1.49 kB │ gzip:   0.67 kB
node_modules/.nitro/vite/services/ssr/assets/p-toast-2-Cm1YD4DA.js                                     1.50 kB │ gzip:   0.58 kB
node_modules/.nitro/vite/services/ssr/assets/p-toast-13-_igAze7N.js                                    1.50 kB │ gzip:   0.75 kB
node_modules/.nitro/vite/services/ssr/assets/p-navigation-1-DNgu5HQM.js                                1.50 kB │ gzip:   0.56 kB
node_modules/.nitro/vite/services/ssr/assets/skeleton-CouK-S5a.js                                      1.50 kB │ gzip:   0.66 kB
node_modules/.nitro/vite/services/ssr/assets/p-scroll-area-5-DOBmW3O0.js                               1.50 kB │ gzip:   0.64 kB
node_modules/.nitro/vite/services/ssr/assets/p-drawer-9-jHEmv-s7.js                                    1.51 kB │ gzip:   0.73 kB
node_modules/.nitro/vite/services/ssr/assets/p-field-8-Z196C5bu.js                                     1.51 kB │ gzip:   0.60 kB
node_modules/.nitro/vite/services/ssr/assets/kbd-Dj9PlmWb.js                                           1.52 kB │ gzip:   0.59 kB
node_modules/.nitro/vite/services/ssr/assets/p-input-group-18-BdPOLtqU.js                              1.52 kB │ gzip:   0.69 kB
node_modules/.nitro/vite/services/ssr/assets/p-scroll-area-4-DGbO-tVg.js                               1.52 kB │ gzip:   0.61 kB
node_modules/.nitro/vite/services/ssr/assets/p-calendar-5-4LUyliOs.js                                  1.53 kB │ gzip:   0.70 kB
node_modules/.nitro/vite/services/ssr/assets/p-switch-5-Dq4fHBUU.js                                    1.53 kB │ gzip:   0.67 kB
node_modules/.nitro/vite/services/ssr/assets/p-radio-group-3-DHtPRJlb.js                               1.54 kB │ gzip:   0.56 kB
node_modules/.nitro/vite/services/ssr/assets/p-group-18-d9O4oH_8.js                                    1.54 kB │ gzip:   0.61 kB
node_modules/.nitro/vite/services/ssr/assets/p-toast-12-B53mrHS-.js                                    1.54 kB │ gzip:   0.74 kB
node_modules/.nitro/vite/services/ssr/assets/p-tabs-4-D5k3mhf-.js                                      1.55 kB │ gzip:   0.58 kB
node_modules/.nitro/vite/services/ssr/assets/avatar-BWUWJzoB.js                                        1.55 kB │ gzip:   0.64 kB
node_modules/.nitro/vite/services/ssr/assets/p-breadcrumb-7-DSRtnxnk.js                                1.55 kB │ gzip:   0.63 kB
node_modules/.nitro/vite/services/ssr/assets/p-form-1-BFBvGyh9.js                                      1.55 kB │ gzip:   0.71 kB
node_modules/.nitro/vite/services/ssr/assets/collapsible-D9RJ4ZfY.js                                   1.55 kB │ gzip:   0.55 kB
node_modules/.nitro/vite/services/ssr/assets/p-combobox-5-D-tfEwZ1.js                                  1.55 kB │ gzip:   0.64 kB
node_modules/.nitro/vite/services/ssr/assets/p-scroll-area-1-BfbnfTRZ.js                               1.55 kB │ gzip:   0.63 kB
node_modules/.nitro/vite/services/ssr/assets/p-avatar-3-CVAaxvJR.js                                    1.56 kB │ gzip:   0.52 kB
node_modules/.nitro/vite/services/ssr/assets/p-otp-field-7-CKYw0HXa.js                                 1.56 kB │ gzip:   0.72 kB
node_modules/.nitro/vite/services/ssr/assets/p-field-13--xdk7eVh.js                                    1.56 kB │ gzip:   0.56 kB
node_modules/.nitro/vite/services/ssr/assets/p-input-group-22-D4AFCWqt.js                              1.56 kB │ gzip:   0.69 kB
node_modules/.nitro/vite/services/ssr/assets/p-field-8-9A81yxPq.js                                     1.56 kB │ gzip:   0.57 kB
node_modules/.nitro/vite/services/ssr/assets/stylex-iPsyV7MR.js                                        1.57 kB │ gzip:   0.56 kB
node_modules/.nitro/vite/services/ssr/assets/p-input-group-21-fIvGG7cX.js                              1.57 kB │ gzip:   0.64 kB
node_modules/.nitro/vite/services/ssr/assets/p-dialog-2-M1PZAzal.js                                    1.57 kB │ gzip:   0.62 kB
node_modules/.nitro/vite/services/ssr/assets/p-input-12-CPQMKvSg.js                                    1.58 kB │ gzip:   0.66 kB
node_modules/.nitro/vite/services/ssr/assets/p-input-8-o1pB2M9b.js                                     1.58 kB │ gzip:   0.75 kB
node_modules/.nitro/vite/services/ssr/assets/p-kbd-1-6Pc1czjY.js                                       1.58 kB │ gzip:   0.54 kB
node_modules/.nitro/vite/services/ssr/assets/p-combobox-15-CScXbI3m.js                                 1.59 kB │ gzip:   0.61 kB
node_modules/.nitro/vite/services/ssr/assets/p-input-group-19-CmWtPDXP.js                              1.59 kB │ gzip:   0.66 kB
node_modules/.nitro/vite/services/ssr/assets/p-kbd-1-D05OSaZ6.js                                       1.59 kB │ gzip:   0.46 kB
node_modules/.nitro/vite/services/ssr/assets/p-field-14-BPkEVOCT.js                                    1.59 kB │ gzip:   0.60 kB
node_modules/.nitro/vite/services/ssr/assets/p-button-39-Cweuqrdu.js                                   1.59 kB │ gzip:   0.70 kB
node_modules/.nitro/vite/services/ssr/assets/p-field-7-BsvvGsXG.js                                     1.60 kB │ gzip:   0.62 kB
node_modules/.nitro/vite/services/ssr/assets/p-select-6-C4DxFhn-.js                                    1.60 kB │ gzip:   0.58 kB
node_modules/.nitro/vite/services/ssr/assets/p-drawer-6-DXoIxJQj.js                                    1.60 kB │ gzip:   0.66 kB
node_modules/.nitro/vite/services/ssr/assets/p-input-group-5-BYYXsJsb.js                               1.60 kB │ gzip:   0.69 kB
node_modules/.nitro/vite/services/ssr/assets/p-input-16-CL6VlwG6.js                                    1.60 kB │ gzip:   0.67 kB
node_modules/.nitro/vite/services/ssr/assets/_example-BmSLrOAR.js                                      1.60 kB │ gzip:   0.77 kB
node_modules/.nitro/vite/services/ssr/assets/p-button-24-UiihAa3G.js                                   1.60 kB │ gzip:   0.50 kB
node_modules/.nitro/vite/services/ssr/assets/p-avatar-4-Bt2gaB2H.js                                    1.60 kB │ gzip:   0.52 kB
node_modules/.nitro/vite/services/ssr/assets/p-frame-2-CStRbHVZ.js                                     1.60 kB │ gzip:   0.69 kB
node_modules/.nitro/vite/services/ssr/assets/p-date-picker-7-Ce9P8_qu.js                               1.61 kB │ gzip:   0.73 kB
node_modules/.nitro/vite/services/ssr/assets/p-textarea-6-BmuCv5c2.js                                  1.61 kB │ gzip:   0.72 kB
node_modules/.nitro/vite/services/ssr/assets/p-toggle-group-9-BWHQF9hn.js                              1.62 kB │ gzip:   0.66 kB
node_modules/.nitro/vite/services/ssr/assets/p-field-7-jtuktlVy.js                                     1.63 kB │ gzip:   0.58 kB
node_modules/.nitro/vite/services/ssr/assets/p-toast-8-BwFXAdCi.js                                     1.63 kB │ gzip:   0.80 kB
node_modules/.nitro/vite/services/ssr/assets/p-autocomplete-5-CC0yGKHD.js                              1.64 kB │ gzip:   0.66 kB
node_modules/.nitro/vite/services/ssr/assets/p-context-menu-5-DrPx4WO1.js                              1.64 kB │ gzip:   0.60 kB
node_modules/.nitro/vite/services/ssr/assets/p-select-6-B751b6wr.js                                    1.64 kB │ gzip:   0.55 kB
node_modules/.nitro/vite/services/ssr/assets/p-context-menu-3-sYH8XC8w.js                              1.65 kB │ gzip:   0.60 kB
node_modules/.nitro/vite/services/ssr/assets/p-input-group-8-CgEcjrgz.js                               1.65 kB │ gzip:   0.73 kB
node_modules/.nitro/vite/services/ssr/assets/p-card-11-BvYxcP7K.js                                     1.66 kB │ gzip:   0.65 kB
node_modules/.nitro/vite/services/ssr/assets/p-toast-7-DnC__T7Y.js                                     1.66 kB │ gzip:   0.76 kB
node_modules/.nitro/vite/services/ssr/assets/p-date-picker-1-DhsCvtWD.js                               1.66 kB │ gzip:   0.70 kB
node_modules/.nitro/vite/services/ssr/assets/p-slider-13-DtsXGqpD.js                                   1.66 kB │ gzip:   0.68 kB
node_modules/.nitro/vite/services/ssr/assets/p-button-19-DxNkvjLw.js                                   1.66 kB │ gzip:   0.70 kB
node_modules/.nitro/vite/services/ssr/assets/p-autocomplete-15-CQWExDsa.js                             1.67 kB │ gzip:   0.61 kB
node_modules/.nitro/vite/services/ssr/assets/p-select-9-C3DOBVxs.js                                    1.67 kB │ gzip:   0.65 kB
node_modules/.nitro/vite/services/ssr/assets/p-input-group-7-BXTr4ndK.js                               1.68 kB │ gzip:   0.68 kB
node_modules/.nitro/vite/services/ssr/assets/p-combobox-9-TXZFfXbS.js                                  1.68 kB │ gzip:   0.64 kB
node_modules/.nitro/vite/services/ssr/assets/p-button-38-C1ucA8zj.js                                   1.69 kB │ gzip:   0.59 kB
node_modules/.nitro/vite/services/ssr/assets/p-frame-4--9dsxAD1.js                                     1.69 kB │ gzip:   0.56 kB
node_modules/.nitro/vite/services/ssr/assets/p-card-2-Bz3undyh.js                                      1.69 kB │ gzip:   0.66 kB
node_modules/.nitro/vite/services/ssr/assets/p-checkbox-4-z4Ub18lm.js                                  1.70 kB │ gzip:   0.68 kB
node_modules/.nitro/vite/services/ssr/assets/schema-CzW14q9c.js                                        1.70 kB │ gzip:   0.52 kB
node_modules/.nitro/vite/services/ssr/assets/p-slider-23-DGscYEyx.js                                   1.70 kB │ gzip:   0.78 kB
node_modules/.nitro/vite/services/ssr/assets/p-empty-1-d9KhDxkD.js                                     1.70 kB │ gzip:   0.66 kB
node_modules/.nitro/vite/services/ssr/assets/radio-group-DH_K1Sif.js                                   1.70 kB │ gzip:   0.83 kB
node_modules/.nitro/vite/services/ssr/assets/p-button-21-q2JmJ4hU.js                                   1.72 kB │ gzip:   0.77 kB
node_modules/.nitro/vite/services/ssr/assets/p-button-37-CQ2goVVN.js                                   1.73 kB │ gzip:   0.76 kB
node_modules/.nitro/vite/services/ssr/assets/p-toggle-8-BAKte6iR.js                                    1.73 kB │ gzip:   0.75 kB
node_modules/.nitro/vite/services/ssr/assets/p-calendar-14-DDn8XjEk.js                                 1.73 kB │ gzip:   0.76 kB
node_modules/.nitro/vite/services/ssr/assets/p-date-picker-6-BpH0pg60.js                               1.74 kB │ gzip:   0.73 kB
node_modules/.nitro/vite/services/ssr/assets/p-select-13-ByxY64rP.js                                   1.75 kB │ gzip:   0.82 kB
node_modules/.nitro/vite/services/ssr/assets/p-select-10-9UWbpOqC.js                                   1.76 kB │ gzip:   0.62 kB
node_modules/.nitro/vite/services/ssr/assets/p-input-group-29-BWSYj52b.js                              1.76 kB │ gzip:   0.68 kB
node_modules/.nitro/vite/services/ssr/assets/p-separator-1-CVVQ-uqV.js                                 1.76 kB │ gzip:   0.61 kB
node_modules/.nitro/vite/services/ssr/assets/p-input-9-BHFdSr6X.js                                     1.77 kB │ gzip:   0.79 kB
node_modules/.nitro/vite/services/ssr/assets/p-input-group-18-DM1lAXjq.js                              1.77 kB │ gzip:   0.73 kB
node_modules/.nitro/vite/services/ssr/assets/p-button-26-BZQNjJMo.js                                   1.77 kB │ gzip:   0.78 kB
node_modules/.nitro/vite/services/ssr/assets/p-input-11-CHLdqr3-.js                                    1.77 kB │ gzip:   0.74 kB
node_modules/.nitro/vite/services/ssr/assets/p-tooltip-2-Cmh3llHi.js                                   1.77 kB │ gzip:   0.55 kB
node_modules/.nitro/vite/services/ssr/assets/p-combobox-13-B772LWTo.js                                 1.78 kB │ gzip:   0.70 kB
node_modules/.nitro/vite/services/ssr/assets/checkbox-D8hXfSgX.js                                      1.78 kB │ gzip:   0.96 kB
node_modules/.nitro/vite/services/ssr/assets/p-slider-14-CptqmHqE.js                                   1.79 kB │ gzip:   0.74 kB
node_modules/.nitro/vite/services/ssr/assets/p-button-24-Cjqtkhds.js                                   1.79 kB │ gzip:   0.60 kB
node_modules/.nitro/vite/services/ssr/assets/p-group-2-v9lGc1-4.js                                     1.80 kB │ gzip:   0.78 kB
node_modules/.nitro/vite/services/ssr/assets/p-combobox-5-kd2yg1p4.js                                  1.80 kB │ gzip:   0.70 kB
node_modules/.nitro/vite/services/ssr/assets/p-combobox-16-Bc0rLBlC.js                                 1.81 kB │ gzip:   0.84 kB
node_modules/.nitro/vite/services/ssr/assets/p-tabs-6-BIcHQRkM.js                                      1.81 kB │ gzip:   0.55 kB
node_modules/.nitro/vite/services/ssr/assets/p-tabs-10-CgEgjnfc.js                                     1.82 kB │ gzip:   0.52 kB
node_modules/.nitro/vite/services/ssr/assets/p-breadcrumb-5-CdI9eBZN.js                                1.83 kB │ gzip:   0.58 kB
node_modules/.nitro/vite/services/ssr/assets/p-input-group-28-DyykkCpE.js                              1.83 kB │ gzip:   0.69 kB
node_modules/.nitro/vite/services/ssr/assets/p-pagination-2-DgeahKjp.js                                1.84 kB │ gzip:   0.62 kB
node_modules/.nitro/vite/services/ssr/assets/p-otp-field-7-DzP86lmq.js                                 1.84 kB │ gzip:   0.79 kB
node_modules/.nitro/vite/services/ssr/assets/p-skeleton-2-DjtVpbwj.js                                  1.84 kB │ gzip:   0.52 kB
node_modules/.nitro/vite/services/ssr/assets/p-toast-2-DjvdIPHB.js                                     1.85 kB │ gzip:   0.60 kB
node_modules/.nitro/vite/services/ssr/assets/p-context-menu-6-BFosx4iL.js                              1.85 kB │ gzip:   0.65 kB
node_modules/.nitro/vite/services/ssr/assets/p-combobox-14-Br6CTMkm.js                                 1.85 kB │ gzip:   0.74 kB
node_modules/.nitro/vite/services/ssr/assets/p-autocomplete-14-D0sMC0T2.js                             1.86 kB │ gzip:   0.71 kB
node_modules/.nitro/vite/services/ssr/assets/p-sheet-1-DDBBC96S.js                                     1.87 kB │ gzip:   0.76 kB
node_modules/.nitro/vite/services/ssr/assets/use-media-query-BAXp3VNY.js                               1.87 kB │ gzip:   0.74 kB
node_modules/.nitro/vite/services/ssr/assets/p-field-5-BVGWSyfj.js                                     1.87 kB │ gzip:   0.78 kB
node_modules/.nitro/vite/services/ssr/assets/p-scroll-area-3-CF9cdyYt.js                               1.87 kB │ gzip:   0.89 kB
node_modules/.nitro/vite/services/ssr/assets/p-autocomplete-5-iTImWNiW.js                              1.88 kB │ gzip:   0.70 kB
node_modules/.nitro/vite/services/ssr/assets/p-combobox-18-02NHiTdB.js                                 1.88 kB │ gzip:   0.76 kB
node_modules/.nitro/vite/services/ssr/assets/p-combobox-9-DIKVvqax.js                                  1.89 kB │ gzip:   0.64 kB
node_modules/.nitro/vite/services/ssr/assets/p-tabs-8-Blq39Fqa.js                                      1.89 kB │ gzip:   0.56 kB
node_modules/.nitro/vite/services/ssr/assets/p-avatar-12-FrK9cBnS.js                                   1.89 kB │ gzip:   0.86 kB
node_modules/.nitro/vite/services/ssr/assets/p-slider-11-Dx1ZpaVd.js                                   1.89 kB │ gzip:   0.71 kB
node_modules/.nitro/vite/services/ssr/assets/p-button-22-CQdZ4XPu.js                                   1.90 kB │ gzip:   0.58 kB
node_modules/.nitro/vite/services/ssr/assets/p-popover-1-DnGDMnDr.js                                   1.90 kB │ gzip:   0.69 kB
node_modules/.nitro/vite/services/ssr/assets/p-calendar-18-CqqqhTa9.js                                 1.91 kB │ gzip:   0.87 kB
node_modules/.nitro/vite/services/ssr/assets/p-select-11-Bou3SJ7u.js                                   1.92 kB │ gzip:   0.87 kB
node_modules/.nitro/vite/services/ssr/assets/p-breadcrumb-7-CAhLoNr_.js                                1.92 kB │ gzip:   0.72 kB
node_modules/.nitro/vite/services/ssr/assets/p-radio-group-5-DwP3gOyF.js                               1.92 kB │ gzip:   0.79 kB
node_modules/.nitro/vite/services/ssr/assets/p-sheet-2-DWzav6Jq.js                                     1.94 kB │ gzip:   0.72 kB
node_modules/.nitro/vite/services/ssr/assets/highlighted-code-CAjbn0e_.js                              1.94 kB │ gzip:   0.74 kB
node_modules/.nitro/vite/services/ssr/assets/p-calendar-6-Dy9HVfcN.js                                  1.94 kB │ gzip:   0.84 kB
node_modules/.nitro/vite/services/ssr/assets/p-sheet-2-CX8F8_m0.js                                     1.94 kB │ gzip:   0.71 kB
node_modules/.nitro/vite/services/ssr/assets/p-tabs-6-Dj5Ye1ay.js                                      1.95 kB │ gzip:   0.67 kB
node_modules/.nitro/vite/services/ssr/assets/p-toast-13-CMRgphDK.js                                    1.95 kB │ gzip:   0.83 kB
node_modules/.nitro/vite/services/ssr/assets/p-tabs-10-Bgz-uHMK.js                                     1.96 kB │ gzip:   0.61 kB
node_modules/.nitro/vite/services/ssr/assets/p-switch-4-iZmGVEXl.js                                    1.96 kB │ gzip:   0.77 kB
node_modules/.nitro/vite/services/ssr/assets/p-calendar-13-C_UncHDO.js                                 1.96 kB │ gzip:   0.85 kB
node_modules/.nitro/vite/services/ssr/assets/p-field-9-CfA-MXnZ.js                                     1.97 kB │ gzip:   0.74 kB
node_modules/.nitro/vite/services/ssr/assets/p-dialog-1-DO7mtq6f.js                                    1.97 kB │ gzip:   0.79 kB
node_modules/.nitro/vite/services/ssr/assets/p-toast-12-B2SkQ2qz.js                                    1.98 kB │ gzip:   0.82 kB
node_modules/.nitro/vite/services/ssr/assets/p-tabs-7-CbRjAFun.js                                      1.98 kB │ gzip:   0.59 kB
node_modules/.nitro/vite/services/ssr/assets/p-date-picker-2-BYQgwt7l.js                               1.98 kB │ gzip:   0.79 kB
node_modules/.nitro/vite/services/ssr/assets/p-accordion-4-Ds5JsekK.js                                 1.98 kB │ gzip:   0.79 kB
node_modules/.nitro/vite/services/ssr/assets/p-tooltip-2-BgU4Oo_F.js                                   2.00 kB │ gzip:   0.62 kB
node_modules/.nitro/vite/services/ssr/assets/p-group-12-DvTw5DNM.js                                    2.01 kB │ gzip:   0.78 kB
node_modules/.nitro/vite/services/ssr/assets/p-group-13-DYaWhX_G.js                                    2.01 kB │ gzip:   0.73 kB
node_modules/.nitro/vite/services/ssr/assets/p-date-picker-9-zxB4gv9z.js                               2.01 kB │ gzip:   0.80 kB
node_modules/.nitro/vite/services/ssr/assets/p-sheet-1-ncq2impQ.js                                     2.01 kB │ gzip:   0.76 kB
node_modules/.nitro/vite/services/ssr/assets/p-checkbox-group-5-C2CX_J15.js                            2.02 kB │ gzip:   0.82 kB
node_modules/.nitro/vite/services/ssr/assets/p-tabs-11-GaoxQdj_.js                                     2.02 kB │ gzip:   0.83 kB
node_modules/.nitro/vite/services/ssr/assets/p-dialog-6-CKTftteT.js                                    2.03 kB │ gzip:   0.74 kB
node_modules/.nitro/vite/services/ssr/assets/p-group-11-CnRWAqsS.js                                    2.03 kB │ gzip:   0.83 kB
node_modules/.nitro/vite/services/ssr/assets/p-drawer-9-lNR_Gj8s.js                                    2.04 kB │ gzip:   0.87 kB
node_modules/.nitro/vite/services/ssr/assets/meter-BZ-eUiex.js                                         2.04 kB │ gzip:   0.71 kB
node_modules/.nitro/vite/services/ssr/assets/p-tabs-8-DCGaOfyA.js                                      2.05 kB │ gzip:   0.70 kB
node_modules/.nitro/vite/services/ssr/assets/p-slider-16-CJk3SuIc.js                                   2.06 kB │ gzip:   0.82 kB
node_modules/.nitro/vite/services/ssr/assets/textarea-CdwakZ6p.js                                      2.06 kB │ gzip:   1.02 kB
node_modules/.nitro/vite/services/ssr/assets/p-select-18-V95l3RP9.js                                   2.06 kB │ gzip:   0.76 kB
node_modules/.nitro/vite/services/ssr/assets/p-slider-5--UB0JkGG.js                                    2.06 kB │ gzip:   0.79 kB
node_modules/.nitro/vite/services/ssr/assets/p-input-group-12-BQX-IsiN.js                              2.07 kB │ gzip:   0.81 kB
node_modules/.nitro/vite/services/ssr/assets/p-combobox-16-CjfmttNb.js                                 2.07 kB │ gzip:   0.88 kB
node_modules/.nitro/vite/services/ssr/assets/avatar-DtUefRya.js                                        2.08 kB │ gzip:   0.68 kB
node_modules/.nitro/vite/services/ssr/assets/p-card-2-Dz9liuve.js                                      2.08 kB │ gzip:   0.76 kB
node_modules/.nitro/vite/services/ssr/assets/p-breadcrumb-1-BsmbTzpE.js                                2.08 kB │ gzip:   0.63 kB
node_modules/.nitro/vite/services/ssr/assets/p-popover-2-BF0QaTAG.js                                   2.09 kB │ gzip:   0.76 kB
node_modules/.nitro/vite/services/ssr/assets/toggle-_cUdSgRI.js                                        2.10 kB │ gzip:   1.07 kB
node_modules/.nitro/vite/services/ssr/assets/p-card-3-Cm18QfRB.js                                      2.10 kB │ gzip:   0.80 kB
node_modules/.nitro/vite/services/ssr/assets/p-toast-8-CJVeNcOD.js                                     2.10 kB │ gzip:   0.89 kB
node_modules/.nitro/vite/services/ssr/assets/field-0OFF61VZ.js                                         2.11 kB │ gzip:   0.71 kB
node_modules/.nitro/vite/services/ssr/assets/p-card-11-hu2Z-6zy.js                                     2.11 kB │ gzip:   0.72 kB
node_modules/.nitro/vite/services/ssr/assets/p-number-field-10-Bg8_h429.js                             2.11 kB │ gzip:   0.95 kB
node_modules/.nitro/vite/services/ssr/assets/progress-CzTBoyqn.js                                      2.12 kB │ gzip:   0.72 kB
node_modules/.nitro/vite/services/ssr/assets/p-calendar-5-BRkx9peE.js                                  2.12 kB │ gzip:   0.86 kB
node_modules/.nitro/vite/services/ssr/assets/tooltip-BItzAnso.js                                       2.13 kB │ gzip:   1.02 kB
node_modules/.nitro/vite/services/ssr/assets/p-tabs-9-un4kRgTh.js                                      2.13 kB │ gzip:   0.62 kB
node_modules/.nitro/vite/services/ssr/assets/p-collapsible-1-B-sC6QuQ.js                               2.15 kB │ gzip:   0.81 kB
node_modules/.nitro/vite/services/ssr/assets/p-field-9-Ctj5HUbW.js                                     2.16 kB │ gzip:   0.72 kB
node_modules/.nitro/vite/services/ssr/assets/p-dialog-6-DAQst9Ju.js                                    2.17 kB │ gzip:   0.77 kB
node_modules/.nitro/vite/services/ssr/assets/p-input-group-8-B_KQZQTC.js                               2.17 kB │ gzip:   0.83 kB
node_modules/.nitro/vite/services/ssr/assets/p-tabs-12-BoJI6m8c.js                                     2.19 kB │ gzip:   0.68 kB
node_modules/.nitro/vite/services/ssr/assets/p-navigation-2-Dv2uHDvH.js                                2.20 kB │ gzip:   0.84 kB
node_modules/.nitro/vite/services/ssr/assets/p-navigation-3-BSbOz6S_.js                                2.20 kB │ gzip:   0.84 kB
node_modules/.nitro/vite/services/ssr/assets/p-group-2-CQaUTk10.js                                     2.20 kB │ gzip:   0.84 kB
node_modules/.nitro/vite/services/ssr/assets/p-breadcrumb-4-B6ij43xW.js                                2.21 kB │ gzip:   0.70 kB
node_modules/.nitro/vite/services/ssr/assets/p-tabs-7-BkmbbpDj.js                                      2.21 kB │ gzip:   0.73 kB
node_modules/.nitro/vite/services/ssr/assets/p-select-13-DJfvUmpE.js                                   2.23 kB │ gzip:   0.95 kB
node_modules/.nitro/vite/services/ssr/assets/p-drawer-11-D0dfRbFs.js                                   2.23 kB │ gzip:   0.61 kB
node_modules/.nitro/vite/services/ssr/assets/p-group-11-D-YGRZP0.js                                    2.24 kB │ gzip:   0.83 kB
node_modules/.nitro/vite/services/ssr/assets/p-toast-7-CZtGFbiD.js                                     2.24 kB │ gzip:   0.85 kB
node_modules/.nitro/vite/services/ssr/assets/p-dialog-1-y5B5KOe3.js                                    2.24 kB │ gzip:   0.83 kB
node_modules/.nitro/vite/services/ssr/assets/p-navigation-1-BxK6gpfp.js                                2.24 kB │ gzip:   0.86 kB
node_modules/.nitro/vite/services/ssr/assets/p-select-9-D78GsFzQ.js                                    2.25 kB │ gzip:   0.79 kB
node_modules/.nitro/vite/services/ssr/assets/p-toggle-8-CDlL19a-.js                                    2.26 kB │ gzip:   0.85 kB
node_modules/.nitro/vite/services/ssr/assets/p-input-group-17-BeLkRMT0.js                              2.26 kB │ gzip:   0.79 kB
node_modules/.nitro/vite/services/ssr/assets/p-avatar-5-NGIEBC1T.js                                    2.26 kB │ gzip:   0.64 kB
node_modules/.nitro/vite/services/ssr/assets/frame-C6EqzOWy.js                                         2.27 kB │ gzip:   0.73 kB
node_modules/.nitro/vite/services/ssr/assets/p-date-picker-7-D3XrUNnR.js                               2.27 kB │ gzip:   0.87 kB
node_modules/.nitro/vite/services/ssr/assets/p-form-2-CLLrNiHl.js                                      2.27 kB │ gzip:   0.94 kB
node_modules/.nitro/vite/services/ssr/assets/p-card-5-lJEMw_3y.js                                      2.27 kB │ gzip:   0.87 kB
node_modules/.nitro/vite/services/ssr/assets/p-breadcrumb-1-DM277Aof.js                                2.27 kB │ gzip:   0.69 kB
node_modules/.nitro/vite/services/ssr/assets/p-card-9-BT9ctg0R.js                                      2.28 kB │ gzip:   0.89 kB
node_modules/.nitro/vite/services/ssr/assets/p-slider-13-PFrytNZf.js                                   2.28 kB │ gzip:   0.82 kB
node_modules/.nitro/vite/services/ssr/assets/p-calendar-17-Cz2lQwhW.js                                 2.28 kB │ gzip:   0.96 kB
node_modules/.nitro/vite/services/ssr/assets/p-select-11-DgQNetZD.js                                   2.31 kB │ gzip:   0.94 kB
node_modules/.nitro/vite/services/ssr/assets/p-combobox-11-Ya5ZPGLE.js                                 2.31 kB │ gzip:   0.96 kB
node_modules/.nitro/vite/services/ssr/assets/p-input-group-23-C7Thg6sI.js                              2.31 kB │ gzip:   0.91 kB
node_modules/.nitro/vite/services/ssr/assets/p-slider-23-CrN9texG.js                                   2.31 kB │ gzip:   0.90 kB
node_modules/.nitro/vite/services/ssr/assets/toggle-group-GoX6-kvr.js                                  2.32 kB │ gzip:   0.89 kB
node_modules/.nitro/vite/services/ssr/assets/p-badge-19-BQdkXoCY.js                                    2.33 kB │ gzip:   0.91 kB
node_modules/.nitro/vite/services/ssr/assets/p-context-menu-6-Cdn940PK.js                              2.33 kB │ gzip:   0.79 kB
node_modules/.nitro/vite/services/ssr/assets/p-combobox-17-Dd-xenu3.js                                 2.34 kB │ gzip:   1.05 kB
node_modules/.nitro/vite/services/ssr/assets/p-group-10-BlvSp-It.js                                    2.34 kB │ gzip:   0.63 kB
node_modules/.nitro/vite/services/ssr/assets/p-combobox-14-CThmIvp8.js                                 2.34 kB │ gzip:   0.84 kB
node_modules/.nitro/vite/services/ssr/assets/p-slider-14-BFf2C3n4.js                                   2.35 kB │ gzip:   0.87 kB
node_modules/.nitro/vite/services/ssr/assets/p-group-5-D-2i3CBC.js                                     2.35 kB │ gzip:   0.83 kB
node_modules/.nitro/vite/services/ssr/assets/p-badge-20-B32cUUp7.js                                    2.36 kB │ gzip:   0.92 kB
node_modules/.nitro/vite/services/ssr/assets/p-group-1-BKU5K8ky.js                                     2.36 kB │ gzip:   0.78 kB
node_modules/.nitro/vite/services/ssr/assets/p-group-12-Deuz7SwK.js                                    2.36 kB │ gzip:   0.81 kB
node_modules/.nitro/vite/services/ssr/assets/styles-ChEIAaS3.js                                        2.36 kB │ gzip:   0.89 kB
node_modules/.nitro/vite/services/ssr/assets/p-group-3-DanATwV-.js                                     2.37 kB │ gzip:   0.82 kB
node_modules/.nitro/vite/services/ssr/assets/p-group-4-BO8xZ5Hm.js                                     2.37 kB │ gzip:   0.82 kB
node_modules/.nitro/vite/services/ssr/assets/p-date-picker-5-Ca_8f4tQ.js                               2.37 kB │ gzip:   1.02 kB
node_modules/.nitro/vite/services/ssr/assets/slider-Bq3bM6Nf.js                                        2.38 kB │ gzip:   1.12 kB
node_modules/.nitro/vite/services/ssr/assets/p-radio-group-7-D6JuxtqO.js                               2.38 kB │ gzip:   0.88 kB
node_modules/.nitro/vite/services/ssr/assets/p-radio-group-9-CxOEL-nT.js                               2.38 kB │ gzip:   0.88 kB
node_modules/.nitro/vite/services/ssr/assets/p-radio-group-8-Di1iOo49.js                               2.38 kB │ gzip:   0.88 kB
node_modules/.nitro/vite/services/ssr/assets/components-CFVayAVV.js                                    2.38 kB │ gzip:   0.96 kB
node_modules/.nitro/vite/services/ssr/assets/p-input-group-19-DpesYisG.js                              2.39 kB │ gzip:   0.84 kB
node_modules/.nitro/vite/services/ssr/assets/p-select-14-C3E7np4I.js                                   2.39 kB │ gzip:   0.86 kB
node_modules/.nitro/vite/services/ssr/assets/p-autocomplete-13-CqnJh-GV.js                             2.40 kB │ gzip:   0.98 kB
node_modules/.nitro/vite/services/ssr/assets/p-select-10-CX2-6rK5.js                                   2.40 kB │ gzip:   0.77 kB
node_modules/.nitro/vite/services/ssr/assets/p-radio-group-5-DuBKKK7d.js                               2.40 kB │ gzip:   0.87 kB
node_modules/.nitro/vite/services/ssr/assets/p-group-6-CBsC2O7Z.js                                     2.41 kB │ gzip:   0.86 kB
node_modules/.nitro/vite/services/ssr/assets/p-input-group-29-wZ5FlL01.js                              2.42 kB │ gzip:   0.81 kB
node_modules/.nitro/vite/services/ssr/assets/p-select-19-BT5bFp_G.js                                   2.42 kB │ gzip:   0.86 kB
node_modules/.nitro/vite/services/ssr/assets/otp-field-Bh1Dbn5D.js                                     2.42 kB │ gzip:   1.13 kB
node_modules/.nitro/vite/services/ssr/assets/p-calendar-20-McM8Xcsd.js                                 2.43 kB │ gzip:   0.76 kB
node_modules/.nitro/vite/services/ssr/assets/p-slider-21-g_5QY_cs.js                                   2.46 kB │ gzip:   1.01 kB
node_modules/.nitro/vite/services/ssr/assets/alert-EiqL0SlJ.js                                         2.47 kB │ gzip:   0.96 kB
node_modules/.nitro/vite/services/ssr/assets/p-calendar-24-BXh6tt4s.js                                 2.47 kB │ gzip:   1.10 kB
node_modules/.nitro/vite/services/ssr/assets/p-checkbox-group-5-mPWLU9EJ.js                            2.48 kB │ gzip:   0.90 kB
node_modules/.nitro/vite/services/ssr/assets/p-input-group-28-CLQ4zDyo.js                              2.48 kB │ gzip:   0.80 kB
node_modules/.nitro/vite/services/ssr/assets/p-input-10-CkDzKQPG.js                                    2.49 kB │ gzip:   1.03 kB
node_modules/.nitro/vite/services/ssr/assets/p-select-17-IfMeO2a1.js                                   2.50 kB │ gzip:   0.87 kB
node_modules/.nitro/vite/services/ssr/assets/p-avatar-13-BZjaIbsy.js                                   2.50 kB │ gzip:   0.67 kB
node_modules/.nitro/vite/services/ssr/assets/p-combobox-18-C14cf4vx.js                                 2.51 kB │ gzip:   0.93 kB
node_modules/.nitro/vite/services/ssr/assets/p-group-13-DXSFmMIk.js                                    2.51 kB │ gzip:   0.84 kB
node_modules/.nitro/vite/services/ssr/assets/p-avatar-14-CabvQr-t.js                                   2.52 kB │ gzip:   0.68 kB
node_modules/.nitro/vite/services/ssr/assets/p-calendar-6-LeIssEpy.js                                  2.53 kB │ gzip:   1.01 kB
node_modules/.nitro/vite/services/ssr/assets/p-avatar-12-DHLcRxwO.js                                   2.53 kB │ gzip:   0.99 kB
node_modules/.nitro/vite/services/ssr/assets/p-autocomplete-11-wP_YnUF9.js                             2.55 kB │ gzip:   0.91 kB
node_modules/.nitro/vite/services/ssr/assets/p-accordion-4-CdJ0y8BM.js                                 2.56 kB │ gzip:   0.92 kB
node_modules/.nitro/vite/services/ssr/assets/p-input-group-27-Y4Mg5gjP.js                              2.56 kB │ gzip:   1.06 kB
node_modules/.nitro/vite/services/ssr/assets/p-tabs-13-BJ-YMBwm.js                                     2.56 kB │ gzip:   0.67 kB
node_modules/.nitro/vite/services/ssr/assets/p-tooltip-3-ul6o-841.js                                   2.57 kB │ gzip:   0.78 kB
node_modules/.nitro/vite/services/ssr/assets/p-group-10-BaNIvVkm.js                                    2.57 kB │ gzip:   0.66 kB
node_modules/.nitro/vite/services/ssr/assets/p-number-field-10-D6NxXxiQ.js                             2.58 kB │ gzip:   1.04 kB
node_modules/.nitro/vite/services/ssr/assets/p-card-8-BisSpibl.js                                      2.59 kB │ gzip:   1.01 kB
node_modules/.nitro/vite/services/ssr/assets/p-drawer-14-CgBKSriN.js                                   2.60 kB │ gzip:   0.87 kB
node_modules/.nitro/vite/services/ssr/assets/accordion-C_RUI_dm.js                                     2.60 kB │ gzip:   1.06 kB
node_modules/.nitro/vite/services/ssr/assets/p-button-22-CRgvkAU_.js                                   2.61 kB │ gzip:   0.76 kB
node_modules/.nitro/vite/services/ssr/assets/p-group-1-CkWU8BmS.js                                     2.61 kB │ gzip:   0.85 kB
node_modules/.nitro/vite/services/ssr/assets/switch-DwOa3cm4.js                                        2.63 kB │ gzip:   1.02 kB
node_modules/.nitro/vite/services/ssr/assets/p-card-9-WmpH-V1F.js                                      2.64 kB │ gzip:   0.90 kB
node_modules/.nitro/vite/services/ssr/assets/p-card-1-CHBBvGm1.js                                      2.64 kB │ gzip:   0.98 kB
node_modules/.nitro/vite/services/ssr/assets/p-card-5-CY6gLCrI.js                                      2.64 kB │ gzip:   0.90 kB
node_modules/.nitro/vite/services/ssr/assets/p-group-15-BmaheU2W.js                                    2.65 kB │ gzip:   0.90 kB
node_modules/.nitro/vite/services/ssr/assets/p-date-picker-4-CWW5KKNv.js                               2.66 kB │ gzip:   0.92 kB
node_modules/.nitro/vite/services/ssr/assets/p-input-8-ROah2BvI.js                                     2.66 kB │ gzip:   1.00 kB
node_modules/.nitro/vite/services/ssr/assets/p-card-3-C56QZiK8.js                                      2.66 kB │ gzip:   0.88 kB
node_modules/.nitro/vite/services/ssr/assets/p-card-7-CE60NICa.js                                      2.67 kB │ gzip:   1.03 kB
node_modules/.nitro/vite/services/ssr/assets/p-form-2-h6DQpQP9.js                                      2.67 kB │ gzip:   1.04 kB
node_modules/.nitro/vite/services/ssr/assets/p-calendar-13-DQ44Jusr.js                                 2.68 kB │ gzip:   1.04 kB
node_modules/.nitro/vite/services/ssr/assets/p-card-6-BmkY5C2L.js                                      2.68 kB │ gzip:   1.02 kB
node_modules/.nitro/vite/services/ssr/assets/p-combobox-11-H2j-uAQq.js                                 2.68 kB │ gzip:   1.02 kB
node_modules/.nitro/vite/services/ssr/assets/p-group-14-9-9Yof8c.js                                    2.68 kB │ gzip:   1.02 kB
node_modules/.nitro/vite/services/ssr/assets/meter-CbV0Qlmt.js                                         2.68 kB │ gzip:   0.76 kB
node_modules/.nitro/vite/services/ssr/assets/p-breadcrumb-4-CKOL2Psb.js                                2.69 kB │ gzip:   0.84 kB
node_modules/.nitro/vite/services/ssr/assets/p-drawer-4-CRLpRlcD.js                                    2.71 kB │ gzip:   0.62 kB
node_modules/.nitro/vite/services/ssr/assets/p-drawer-5-DDk96wI0.js                                    2.72 kB │ gzip:   0.62 kB
node_modules/.nitro/vite/services/ssr/assets/p-drawer-4-BYm__0df.js                                    2.73 kB │ gzip:   0.60 kB
node_modules/.nitro/vite/services/ssr/assets/progress-CUncivi4.js                                      2.73 kB │ gzip:   0.77 kB
node_modules/.nitro/vite/services/ssr/assets/p-drawer-11-CRu-Jaox.js                                   2.74 kB │ gzip:   0.69 kB
node_modules/.nitro/vite/services/ssr/assets/p-drawer-5-B4dzH50U.js                                    2.74 kB │ gzip:   0.60 kB
node_modules/.nitro/vite/services/ssr/assets/p-card-4-DpMJxf6p.js                                      2.74 kB │ gzip:   0.99 kB
node_modules/.nitro/vite/services/ssr/assets/p-card-10-DXttFKtw.js                                     2.75 kB │ gzip:   1.00 kB
node_modules/.nitro/vite/services/ssr/assets/p-group-5-DggAo310.js                                     2.76 kB │ gzip:   0.92 kB
node_modules/.nitro/vite/services/ssr/assets/p-calendar-14-BvVDICDg.js                                 2.77 kB │ gzip:   1.01 kB
node_modules/.nitro/vite/services/ssr/assets/p-combobox-12-C2MArJyb.js                                 2.78 kB │ gzip:   1.10 kB
node_modules/.nitro/vite/services/ssr/assets/p-group-3-gQU3uRIg.js                                     2.78 kB │ gzip:   0.92 kB
node_modules/.nitro/vite/services/ssr/assets/p-group-4-BBTWgOTX.js                                     2.78 kB │ gzip:   0.92 kB
node_modules/.nitro/vite/services/ssr/assets/p-tabs-9-DqxJ0Mgi.js                                      2.78 kB │ gzip:   0.80 kB
node_modules/.nitro/vite/services/ssr/assets/p-checkbox-group-4-WOhD0B-m.js                            2.78 kB │ gzip:   0.89 kB
node_modules/.nitro/vite/services/ssr/assets/p-autocomplete-11-DDK0u7PQ.js                             2.79 kB │ gzip:   0.94 kB
node_modules/.nitro/vite/services/ssr/assets/p-date-picker-3-dEfY7FRn.js                               2.79 kB │ gzip:   1.17 kB
node_modules/.nitro/vite/services/ssr/assets/p-radio-group-4-BaNOP_Cw.js                               2.80 kB │ gzip:   0.74 kB
node_modules/.nitro/vite/services/ssr/assets/p-tabs-12-BsDSdAbB.js                                     2.81 kB │ gzip:   0.90 kB
node_modules/.nitro/vite/services/ssr/assets/p-otp-field-6-CmQhk-_c.js                                 2.81 kB │ gzip:   1.10 kB
node_modules/.nitro/vite/services/ssr/assets/p-select-20-BBt7JkM0.js                                   2.81 kB │ gzip:   0.88 kB
node_modules/.nitro/vite/services/ssr/assets/p-toast-9-BRl4dxQb.js                                     2.82 kB │ gzip:   1.20 kB
node_modules/.nitro/vite/services/ssr/assets/p-tabs-13-BmLz1mL3.js                                     2.83 kB │ gzip:   0.79 kB
node_modules/.nitro/vite/services/ssr/assets/p-tooltip-4-DOjUO3ZI.js                                   2.85 kB │ gzip:   0.85 kB
node_modules/.nitro/vite/services/ssr/assets/p-frame-2-CcZL94OA.js                                     2.86 kB │ gzip:   0.96 kB
node_modules/.nitro/vite/services/ssr/assets/p-autocomplete-13-7wzVf3gc.js                             2.86 kB │ gzip:   1.09 kB
node_modules/.nitro/vite/services/ssr/assets/p-input-group-17-DKkBHn7b.js                              2.87 kB │ gzip:   0.92 kB
node_modules/.nitro/vite/services/ssr/assets/badge-BHyV0k56.js                                         2.88 kB │ gzip:   1.29 kB
node_modules/.nitro/vite/services/ssr/assets/field-BW5UobPj.js                                         2.89 kB │ gzip:   0.79 kB
node_modules/.nitro/vite/services/ssr/assets/p-group-15-DtQGvOAc.js                                    2.89 kB │ gzip:   0.90 kB
node_modules/.nitro/vite/services/ssr/assets/breadcrumb-sf4DgP5F.js                                    2.91 kB │ gzip:   0.97 kB
node_modules/.nitro/vite/services/ssr/assets/p-group-6-Q-x3SXEk.js                                     2.96 kB │ gzip:   0.99 kB
node_modules/.nitro/vite/services/ssr/assets/p-tooltip-3-8VF7id5W.js                                   2.97 kB │ gzip:   0.92 kB
node_modules/.nitro/vite/services/ssr/assets/p-select-14-DPP25nOd.js                                   2.97 kB │ gzip:   0.98 kB
node_modules/.nitro/vite/services/ssr/assets/theme-Cc5Jl7li.js                                         2.97 kB │ gzip:   1.15 kB
node_modules/.nitro/vite/services/ssr/assets/p-button-39-DyGkZO8S.js                                   2.98 kB │ gzip:   0.91 kB
node_modules/.nitro/vite/services/ssr/assets/p-preview-card-1-B88qX8Wl.js                              3.00 kB │ gzip:   0.85 kB
node_modules/.nitro/vite/services/ssr/assets/p-table-5-Il5NBMK8.js                                     3.00 kB │ gzip:   0.98 kB
node_modules/.nitro/vite/services/ssr/assets/p-card-1-diDe0r9X.js                                      3.01 kB │ gzip:   1.01 kB
node_modules/.nitro/vite/services/ssr/assets/toolbar-BrMlyr0n.js                                       3.03 kB │ gzip:   0.81 kB
node_modules/.nitro/vite/services/ssr/assets/p-popover-3-DR5ucOyQ.js                                   3.08 kB │ gzip:   1.09 kB
node_modules/.nitro/vite/services/ssr/assets/p-combobox-17-6bBSmKb0.js                                 3.10 kB │ gzip:   1.25 kB
node_modules/.nitro/vite/services/ssr/assets/p-input-9-BA_mffxS.js                                     3.11 kB │ gzip:   1.06 kB
node_modules/.nitro/vite/services/ssr/assets/p-drawer-7-DZGEKg41.js                                    3.11 kB │ gzip:   0.83 kB
node_modules/.nitro/vite/services/ssr/assets/p-dialog-4-BubrTC-j.js                                    3.12 kB │ gzip:   1.01 kB
node_modules/.nitro/vite/services/ssr/assets/p-card-10-DLnHfMmF.js                                     3.13 kB │ gzip:   1.03 kB
node_modules/.nitro/vite/services/ssr/assets/p-select-17-D1LegCaR.js                                   3.14 kB │ gzip:   0.99 kB
node_modules/.nitro/vite/services/ssr/assets/p-dialog-3-B4Zw7Jt9.js                                    3.16 kB │ gzip:   0.88 kB
node_modules/.nitro/vite/services/ssr/assets/p-card-4-CjMG-SWP.js                                      3.16 kB │ gzip:   1.03 kB
node_modules/.nitro/vite/services/ssr/assets/p-group-14-DbBEi-g5.js                                    3.16 kB │ gzip:   1.07 kB
node_modules/.nitro/vite/services/ssr/assets/p-select-19-DOCH9DjM.js                                   3.18 kB │ gzip:   0.97 kB
node_modules/.nitro/vite/services/ssr/assets/preview-card-Dx8h2xa1.js                                  3.20 kB │ gzip:   1.15 kB
node_modules/.nitro/vite/services/ssr/assets/p-card-8-BLmUc5jt.js                                      3.23 kB │ gzip:   1.07 kB
node_modules/.nitro/vite/services/ssr/assets/toggle-group-CBui2irC.js                                  3.24 kB │ gzip:   1.01 kB
node_modules/.nitro/vite/services/ssr/assets/p-card-6-BQ3pnmrz.js                                      3.25 kB │ gzip:   1.07 kB
node_modules/.nitro/vite/services/ssr/assets/p-checkbox-group-4-MSZaruTC.js                            3.26 kB │ gzip:   0.97 kB
node_modules/.nitro/vite/services/ssr/assets/p-drawer-8-Cgb3FEdY.js                                    3.26 kB │ gzip:   0.89 kB
node_modules/.nitro/vite/services/ssr/assets/p-pagination-3-DXv17xmw.js                                3.27 kB │ gzip:   1.13 kB
node_modules/.nitro/vite/services/ssr/assets/p-dialog-3-zJVYY3ye.js                                    3.28 kB │ gzip:   0.90 kB
node_modules/.nitro/vite/services/ssr/assets/scroll-area-gDvNjRCt.js                                   3.31 kB │ gzip:   1.14 kB
node_modules/.nitro/vite/services/ssr/assets/p-input-group-23-DFqDw1a7.js                              3.31 kB │ gzip:   1.11 kB
node_modules/.nitro/vite/services/ssr/assets/p-drawer-8-CnW8TAHz.js                                    3.32 kB │ gzip:   0.92 kB
node_modules/.nitro/vite/services/ssr/assets/p-table-2-Bt7Gq9sM.js                                     3.32 kB │ gzip:   1.11 kB
node_modules/.nitro/vite/services/ssr/assets/p-tooltip-4-C3-P7CQm.js                                   3.32 kB │ gzip:   0.96 kB
node_modules/.nitro/vite/services/ssr/assets/build-rAtX4WTx.js                                         3.34 kB │ gzip:   1.14 kB
node_modules/.nitro/vite/services/ssr/assets/p-table-7-B6Am-Y_r.js                                     3.37 kB │ gzip:   1.12 kB
node_modules/.nitro/vite/services/ssr/assets/p-calendar-19-5KM2Z2q8.js                                 3.38 kB │ gzip:   1.03 kB
node_modules/.nitro/vite/services/ssr/assets/p-card-7-BZNpjwGC.js                                      3.38 kB │ gzip:   1.11 kB
node_modules/.nitro/vite/services/ssr/assets/p-combobox-12-BF_y4GSp.js                                 3.38 kB │ gzip:   1.19 kB
node_modules/.nitro/vite/services/ssr/assets/pagination-BI3GDklu.js                                    3.40 kB │ gzip:   1.13 kB
node_modules/.nitro/vite/services/ssr/assets/p-drawer-12-CHghKRn-.js                                   3.42 kB │ gzip:   1.01 kB
node_modules/.nitro/vite/services/ssr/assets/frame-BjRXrFPt.js                                         3.42 kB │ gzip:   0.91 kB
node_modules/.nitro/vite/services/ssr/assets/table-D7y98oA3.js                                         3.43 kB │ gzip:   1.16 kB
node_modules/.nitro/vite/services/ssr/assets/p-calendar-18-D71jVq54.js                                 3.44 kB │ gzip:   1.21 kB
node_modules/.nitro/vite/services/ssr/assets/popover-BTVom_Xr.js                                       3.46 kB │ gzip:   1.32 kB
node_modules/.nitro/vite/services/ssr/assets/p-drawer-10-CsvLDXv2.js                                   3.47 kB │ gzip:   0.81 kB
node_modules/.nitro/vite/services/ssr/assets/p-dialog-4-7E1LmylN.js                                    3.48 kB │ gzip:   1.02 kB
node_modules/.nitro/vite/services/ssr/assets/theme-provider-BBqcWjP6.js                                3.49 kB │ gzip:   1.17 kB
node_modules/.nitro/vite/services/ssr/assets/radio-group-CCPbhaxI.js                                   3.51 kB │ gzip:   1.13 kB
node_modules/.nitro/vite/services/ssr/assets/p-drawer-10-CfKH99nW.js                                   3.51 kB │ gzip:   0.79 kB
node_modules/.nitro/vite/services/ssr/assets/p-otp-field-6-Di9OmATk.js                                 3.54 kB │ gzip:   1.27 kB
node_modules/.nitro/vite/services/ssr/assets/tabs-DCWAAiq-.js                                          3.56 kB │ gzip:   1.43 kB
node_modules/.nitro/vite/services/ssr/assets/p-preview-card-1-49wiLOqD.js                              3.59 kB │ gzip:   1.33 kB
node_modules/.nitro/vite/services/ssr/assets/p-drawer-12-DBhd16Di.js                                   3.60 kB │ gzip:   1.12 kB
node_modules/.nitro/vite/services/ssr/assets/input-group-B1rO9gzQ.js                                   3.61 kB │ gzip:   1.36 kB
node_modules/.nitro/vite/services/ssr/assets/p-date-picker-5-C0iAum71.js                               3.65 kB │ gzip:   1.29 kB
node_modules/.nitro/vite/services/ssr/assets/docs.functions-BQWmVLY-.js                                3.67 kB │ gzip:   1.46 kB
node_modules/.nitro/vite/services/ssr/assets/p-calendar-21-ks0C4iiG.js                                 3.68 kB │ gzip:   0.91 kB
node_modules/.nitro/vite/services/ssr/assets/input-BtAA1LiG.js                                         3.70 kB │ gzip:   1.55 kB
node_modules/.nitro/vite/services/ssr/assets/p-slider-21-Dn_5oSaF.js                                   3.72 kB │ gzip:   1.20 kB
node_modules/.nitro/vite/services/ssr/assets/p-toast-9-DKc0gz20.js                                     3.74 kB │ gzip:   1.36 kB
node_modules/.nitro/vite/services/ssr/assets/p-input-group-27-CCppI5uQ.js                              3.74 kB │ gzip:   1.36 kB
node_modules/.nitro/vite/services/ssr/assets/p-calendar-17-BMYZBhxd.js                                 3.75 kB │ gzip:   1.30 kB
node_modules/.nitro/vite/services/ssr/assets/breadcrumb-FwlGysP9.js                                    3.77 kB │ gzip:   1.11 kB
node_modules/.nitro/vite/services/ssr/assets/empty-C8qDi_PU.js                                         3.77 kB │ gzip:   1.21 kB
node_modules/.nitro/vite/services/ssr/assets/checkbox-BzoT53d2.js                                      3.79 kB │ gzip:   1.31 kB
node_modules/.nitro/vite/services/ssr/assets/p-skeleton-1-0FN1LsHI.js                                  3.80 kB │ gzip:   1.33 kB
node_modules/.nitro/vite/services/ssr/assets/p-field-18-BeYbr2a9.js                                    3.86 kB │ gzip:   1.23 kB
node_modules/.nitro/vite/services/ssr/assets/p-table-5-7HAgYQEH.js                                     3.88 kB │ gzip:   1.15 kB
node_modules/.nitro/vite/services/ssr/assets/p-date-picker-3-DOyYu4Mh.js                               3.91 kB │ gzip:   1.40 kB
node_modules/.nitro/vite/services/ssr/assets/p-field-18-Bg-uAdYi.js                                    3.91 kB │ gzip:   1.21 kB
node_modules/.nitro/vite/services/ssr/assets/_tanstack-start-manifest_v-99iBO38D.js                    3.94 kB │ gzip:   1.27 kB
node_modules/.nitro/vite/services/ssr/assets/p-popover-4-C8QHQcpx.js                                   3.96 kB │ gzip:   1.30 kB
node_modules/.nitro/vite/services/ssr/assets/p-select-20-C8nq3-4V.js                                   3.99 kB │ gzip:   1.08 kB
node_modules/.nitro/vite/services/ssr/assets/p-drawer-14-CEG40_Jn.js                                   4.03 kB │ gzip:   1.13 kB
node_modules/.nitro/vite/services/ssr/assets/p-drawer-7-CCEjX2Uj.js                                    4.04 kB │ gzip:   0.99 kB
node_modules/.nitro/vite/services/ssr/assets/p-menu-1-C8KoUoJL.js                                      4.05 kB │ gzip:   1.03 kB
node_modules/.nitro/vite/services/ssr/assets/accordion-CQLwncqv.js                                     4.07 kB │ gzip:   1.26 kB
node_modules/.nitro/vite/services/ssr/assets/p-calendar-24-Ph3UbyXC.js                                 4.08 kB │ gzip:   1.45 kB
node_modules/.nitro/vite/services/ssr/assets/group-DBIzKfCH.js                                         4.16 kB │ gzip:   2.00 kB
node_modules/.nitro/vite/services/ssr/assets/textarea-D2ofw2-L.js                                      4.16 kB │ gzip:   1.41 kB
node_modules/.nitro/vite/services/ssr/assets/p-autocomplete-12-tuolig-p.js                             4.21 kB │ gzip:   1.57 kB
node_modules/.nitro/vite/services/ssr/assets/p-popover-3-CspyX4xx.js                                   4.21 kB │ gzip:   1.32 kB
node_modules/.nitro/vite/services/ssr/assets/p-calendar-20-C8SK6D9z.js                                 4.22 kB │ gzip:   0.97 kB
node_modules/.nitro/vite/services/ssr/assets/tooltip-DUIpQmJ-.js                                       4.23 kB │ gzip:   1.41 kB
node_modules/.nitro/vite/services/ssr/assets/calendar-DhYOSs8-.js                                      4.26 kB │ gzip:   1.64 kB
node_modules/.nitro/vite/services/ssr/assets/p-combobox-8-0jhOM1Fh.js                                  4.27 kB │ gzip:   1.20 kB
node_modules/.nitro/vite/services/ssr/assets/p-button-40-ACjx6tUH.js                                   4.28 kB │ gzip:   1.61 kB
node_modules/.nitro/vite/services/ssr/assets/p-combobox-19-C-CCSrCp.js                                 4.29 kB │ gzip:   1.63 kB
node_modules/.nitro/vite/services/ssr/assets/p-combobox-20-imxr0GEH.js                                 4.33 kB │ gzip:   1.66 kB
node_modules/.nitro/vite/services/ssr/assets/p-autocomplete-10-BCOkzJ63.js                             4.40 kB │ gzip:   1.22 kB
node_modules/.nitro/vite/services/ssr/assets/p-menu-1-BMqjXgDH.js                                      4.51 kB │ gzip:   1.03 kB
node_modules/.nitro/vite/services/ssr/assets/p-sheet-3-DsrYWmWI.js                                     4.52 kB │ gzip:   0.84 kB
node_modules/.nitro/vite/services/ssr/assets/p-input-group-26-BiJnyJPO.js                              4.56 kB │ gzip:   1.71 kB
node_modules/.nitro/vite/services/ssr/assets/p-table-2-DtX6qqsZ.js                                     4.56 kB │ gzip:   1.25 kB
node_modules/.nitro/vite/services/ssr/assets/p-command-1-B4lAaTLi.js                                   4.61 kB │ gzip:   1.44 kB
node_modules/.nitro/vite/services/ssr/assets/p-table-7-DzRzD51Z.js                                     4.61 kB │ gzip:   1.29 kB
node_modules/.nitro/vite/services/ssr/assets/p-table-1-Bn1ZENpt.js                                     4.71 kB │ gzip:   0.81 kB
node_modules/.nitro/vite/services/ssr/assets/p-sheet-3-CS6Tbd1O.js                                     4.77 kB │ gzip:   0.88 kB
node_modules/.nitro/vite/services/ssr/assets/code-block-BhbxYLOb.js                                    4.86 kB │ gzip:   1.91 kB
node_modules/.nitro/vite/services/ssr/assets/p-date-picker-4-ByvA0oYc.js                               4.88 kB │ gzip:   1.17 kB
node_modules/.nitro/vite/services/ssr/assets/alert-ts7R_bMr.js                                         4.91 kB │ gzip:   1.23 kB
node_modules/.nitro/vite/services/ssr/assets/p-input-10-CCaw2w6v.js                                    4.91 kB │ gzip:   1.48 kB
node_modules/.nitro/vite/services/ssr/assets/scroll-area-D44dpbNT.js                                   4.91 kB │ gzip:   1.45 kB
node_modules/.nitro/vite/services/ssr/assets/foundation-CmKHR8Ps.js                                    4.92 kB │ gzip:   1.44 kB
node_modules/.nitro/vite/services/ssr/assets/pagination-CO3d-Z3n.js                                    4.97 kB │ gzip:   1.39 kB
node_modules/.nitro/vite/services/ssr/assets/number-field-BZ3gaKSe.js                                  4.98 kB │ gzip:   1.83 kB
node_modules/.nitro/vite/services/ssr/assets/p-pagination-3-COTxIn36.js                                4.98 kB │ gzip:   1.44 kB
node_modules/.nitro/vite/services/ssr/assets/p-combobox-8-BFkYXCY1.js                                  5.02 kB │ gzip:   1.42 kB
node_modules/.nitro/vite/services/ssr/assets/p-radio-group-6-I0_2_cBE.js                               5.03 kB │ gzip:   1.26 kB
node_modules/.nitro/vite/services/ssr/assets/alert-dialog-DqO54-q_.js                                  5.18 kB │ gzip:   1.74 kB
node_modules/.nitro/vite/services/ssr/assets/p-autocomplete-10-BOr0qOIJ.js                             5.18 kB │ gzip:   1.43 kB
node_modules/.nitro/vite/services/ssr/assets/slider-CTEl1qul.js                                        5.38 kB │ gzip:   1.60 kB
node_modules/.nitro/vite/services/ssr/assets/empty-BOaW2Nm_.js                                         5.39 kB │ gzip:   1.39 kB
node_modules/.nitro/vite/services/ssr/assets/p-button-40-Dp6ljKHG.js                                   5.44 kB │ gzip:   1.82 kB
node_modules/.nitro/vite/services/ssr/assets/otp-field-yEUTX-Pz.js                                     5.45 kB │ gzip:   1.45 kB
node_modules/.nitro/vite/services/ssr/assets/examples-B0uP_h_P.js                                      5.46 kB │ gzip:   2.01 kB
node_modules/.nitro/vite/services/ssr/assets/p-command-1-D-Q89VX9.js                                   5.53 kB │ gzip:   1.59 kB
node_modules/.nitro/vite/services/ssr/assets/p-calendar-19-DU0rilXe.js                                 5.54 kB │ gzip:   1.30 kB
node_modules/.nitro/vite/services/ssr/assets/p-table-3-52EpLi7Y.js                                     5.57 kB │ gzip:   1.90 kB
node_modules/.nitro/vite/services/ssr/assets/p-table-6-BTLKDSWE.js                                     5.63 kB │ gzip:   1.93 kB
node_modules/.nitro/vite/services/ssr/assets/p-toolbar-1-C9bueK3o.js                                   5.72 kB │ gzip:   1.17 kB
node_modules/.nitro/vite/services/ssr/assets/p-table-1--HCwQvSG.js                                     5.75 kB │ gzip:   0.99 kB
node_modules/.nitro/vite/services/ssr/assets/p-dialog-5-DMupMYe5.js                                    5.80 kB │ gzip:   1.56 kB
node_modules/.nitro/vite/services/ssr/assets/p-group-23-hUPrNtdj.js                                    5.80 kB │ gzip:   2.02 kB
node_modules/.nitro/vite/services/ssr/assets/p-calendar-21-BPpj3jB2.js                                 5.85 kB │ gzip:   1.15 kB
node_modules/.nitro/vite/services/ssr/assets/p-popover-4-ZquHlY5i.js                                   5.89 kB │ gzip:   1.59 kB
node_modules/.nitro/vite/services/ssr/assets/p-calendar-25-ZKl8iITz.js                                 5.92 kB │ gzip:   2.07 kB
node_modules/.nitro/vite/services/ssr/assets/p-autocomplete-12-Dq6I54Nu.js                             6.03 kB │ gzip:   1.90 kB
node_modules/.nitro/vite/services/ssr/assets/p-skeleton-1-BmkXJvAB.js                                  6.27 kB │ gzip:   1.68 kB
node_modules/.nitro/vite/services/ssr/assets/p-toolbar-1-CL7e7GmK.js                                   6.40 kB │ gzip:   1.57 kB
node_modules/.nitro/vite/services/ssr/assets/dialog-BD2K6D-H.js                                        6.47 kB │ gzip:   2.19 kB
node_modules/.nitro/vite/services/ssr/assets/p-autocomplete-16-Drr0jJjI.js                             6.53 kB │ gzip:   2.50 kB
node_modules/.nitro/vite/services/ssr/assets/input-group-C0FOnbSN.js                                   6.55 kB │ gzip:   1.85 kB
node_modules/.nitro/vite/services/ssr/assets/p-dialog-5-BC_qltyl.js                                    6.73 kB │ gzip:   1.71 kB
node_modules/.nitro/vite/services/ssr/assets/tokens.stylex-tpCT_wuj.js                                 6.74 kB │ gzip:   1.49 kB
node_modules/.nitro/vite/services/ssr/assets/p-input-group-26-EBmqgLLk.js                              6.76 kB │ gzip:   2.01 kB
node_modules/.nitro/vite/services/ssr/assets/p-combobox-19-BYsxLlQx.js                                 6.76 kB │ gzip:   1.99 kB
node_modules/.nitro/vite/services/ssr/assets/button-DW78O5Ea.js                                        6.82 kB │ gzip:   2.38 kB
node_modules/.nitro/vite/services/ssr/assets/toggle-BHVxwpt-.js                                        6.82 kB │ gzip:   1.51 kB
node_modules/.nitro/vite/services/ssr/assets/card-DvJA7PWE.js                                          6.86 kB │ gzip:   1.42 kB
node_modules/.nitro/vite/services/ssr/assets/p-combobox-20-ATQMqk-6.js                                 6.92 kB │ gzip:   2.05 kB
node_modules/.nitro/vite/services/ssr/assets/popover-BPUPpBPL.js                                       7.04 kB │ gzip:   1.82 kB
node_modules/.nitro/vite/services/ssr/assets/p-group-23-DuRplnqp.js                                    7.10 kB │ gzip:   2.23 kB
node_modules/.nitro/vite/services/ssr/assets/command-B1ChoD09.js                                       7.14 kB │ gzip:   2.11 kB
node_modules/.nitro/vite/services/ssr/assets/p-table-3-BMy8yjH-.js                                     7.22 kB │ gzip:   2.22 kB
node_modules/.nitro/vite/services/ssr/assets/tabs-ChfpfOGJ.js                                          7.22 kB │ gzip:   1.96 kB
node_modules/.nitro/vite/services/ssr/assets/table-Ci5GakR5.js                                         7.24 kB │ gzip:   1.53 kB
node_modules/.nitro/vite/services/ssr/assets/p-table-6-DFyCPJXa.js                                     7.28 kB │ gzip:   2.24 kB
node_modules/.nitro/vite/services/ssr/assets/sheet-ChBwnyUQ.js                                         7.35 kB │ gzip:   2.33 kB
node_modules/.nitro/vite/services/ssr/assets/routes-vuxP8Luk.js                                        7.36 kB │ gzip:   1.67 kB
node_modules/.nitro/vite/services/ssr/assets/getting-started-CgA5FvzO.js                               7.42 kB │ gzip:   1.94 kB
node_modules/.nitro/vite/services/ssr/assets/theming-By-1NIgy.js                                       7.50 kB │ gzip:   2.44 kB
node_modules/.nitro/vite/services/ssr/assets/p-radio-group-6-CqnDg0jc.js                               7.53 kB │ gzip:   1.69 kB
node_modules/.nitro/vite/services/ssr/assets/p-slider-22-C9Js-_CG.js                                   7.62 kB │ gzip:   2.14 kB
node_modules/.nitro/vite/services/ssr/assets/docs-Vp9qzqCZ.js                                          7.65 kB │ gzip:   2.83 kB
node_modules/.nitro/vite/services/ssr/assets/p-calendar-25-DPb1E1Wc.js                                 7.95 kB │ gzip:   2.49 kB
node_modules/.nitro/vite/services/ssr/assets/alert-dialog-DSakoQwQ.js                                  8.06 kB │ gzip:   1.99 kB
node_modules/.nitro/vite/services/ssr/assets/select-VotCjiR_.js                                        8.06 kB │ gzip:   2.60 kB
node_modules/.nitro/vite/services/ssr/assets/badge-CzYI50qT.js                                         8.37 kB │ gzip:   1.72 kB
node_modules/.nitro/vite/services/ssr/assets/input-DeMlnkDs.js                                         8.48 kB │ gzip:   2.12 kB
node_modules/.nitro/vite/services/ssr/assets/p-slider-22-xMNN5mte.js                                   8.69 kB │ gzip:   2.25 kB
node_modules/.nitro/vite/services/ssr/assets/menu-Dzb_2_jS.js                                          8.92 kB │ gzip:   2.45 kB
node_modules/.nitro/vite/services/ssr/assets/autocomplete-Dk3I0IfD.js                                  9.10 kB │ gzip:   2.55 kB
node_modules/.nitro/vite/services/ssr/assets/context-menu-BDMijWPQ.js                                  9.45 kB │ gzip:   2.48 kB
node_modules/.nitro/vite/services/ssr/assets/number-field-B4XUsJ96.js                                  9.61 kB │ gzip:   2.27 kB
node_modules/.nitro/vite/services/ssr/assets/calendar-CPFqRS0a.js                                      9.94 kB │ gzip:   2.45 kB
node_modules/.nitro/vite/services/ssr/assets/p-drawer-13-Cxo6MaLt.js                                   9.99 kB │ gzip:   1.62 kB
node_modules/.nitro/vite/services/ssr/assets/p-autocomplete-16-7LrryZwM.js                            10.01 kB │ gzip:   3.13 kB
node_modules/.nitro/vite/services/ssr/assets/p-drawer-13-D_9YC_lm.js                                  10.20 kB │ gzip:   1.68 kB
node_modules/.nitro/vite/services/ssr/assets/p-switch-7-CUtmIMdg.js                                   10.28 kB │ gzip:   3.06 kB
node_modules/.nitro/vite/services/ssr/assets/p-switch-8-DmNi6gUi.js                                   10.57 kB │ gzip:   3.11 kB
node_modules/.nitro/vite/services/ssr/assets/card-vKWYZbAs.js                                         10.59 kB │ gzip:   1.63 kB
node_modules/.nitro/vite/services/ssr/assets/command-C_ePC-_C.js                                      10.65 kB │ gzip:   2.37 kB
node_modules/.nitro/vite/services/ssr/assets/dialog-Bf_gHr97.js                                       10.71 kB │ gzip:   2.53 kB
node_modules/.nitro/vite/services/ssr/assets/display-form-C4nxscWX.js                                 10.86 kB │ gzip:   2.43 kB
node_modules/.nitro/vite/services/ssr/assets/p-switch-9-DWy-8g2t.js                                   11.14 kB │ gzip:   3.22 kB
node_modules/.nitro/vite/services/ssr/assets/combobox-C8l-qLE7.js                                     12.32 kB │ gzip:   3.37 kB
node_modules/.nitro/vite/services/ssr/assets/sheet-DvLKYCV9.js                                        12.38 kB │ gzip:   2.76 kB
node_modules/.nitro/vite/services/ssr/assets/autocomplete-DebuXXu4.js                                 14.29 kB │ gzip:   3.12 kB
node_modules/.nitro/vite/services/ssr/assets/remaining-DHaX0TBw.js                                    14.38 kB │ gzip:   2.86 kB
node_modules/.nitro/vite/services/ssr/assets/select-c4eJdIbG.js                                       15.28 kB │ gzip:   3.41 kB
node_modules/.nitro/vite/services/ssr/assets/p-switch-7-DmJ43qPd.js                                   15.98 kB │ gzip:   3.73 kB
node_modules/.nitro/vite/services/ssr/assets/button-Bdu5xKg5.js                                       16.47 kB │ gzip:   2.75 kB
node_modules/.nitro/vite/services/ssr/assets/menu-C4uEqfdb.js                                         16.53 kB │ gzip:   3.39 kB
node_modules/.nitro/vite/services/ssr/assets/context-menu-FUZ_TJuK.js                                 16.62 kB │ gzip:   3.29 kB
node_modules/.nitro/vite/services/ssr/assets/p-table-4-DrAmbKQ6.js                                    16.83 kB │ gzip:   4.31 kB
node_modules/.nitro/vite/services/ssr/assets/p-table-8-DLwo-Btg.js                                    16.88 kB │ gzip:   4.31 kB
node_modules/.nitro/vite/services/ssr/assets/p-switch-8-C6SVfEBK.js                                   16.97 kB │ gzip:   3.81 kB
node_modules/.nitro/vite/services/ssr/assets/installation-D6SEUOZV.js                                 17.16 kB │ gzip:   3.87 kB
node_modules/.nitro/vite/services/ssr/assets/p-switch-9-Cs5kQ-hq.js                                   17.23 kB │ gzip:   3.91 kB
node_modules/.nitro/vite/services/ssr/assets/toast-DPcPpcdC.js                                        17.82 kB │ gzip:   3.96 kB
node_modules/.nitro/vite/services/ssr/assets/p-combobox-10-9cbLmYHb.js                                17.84 kB │ gzip:   3.36 kB
node_modules/.nitro/vite/services/ssr/assets/docs-extract-DmGYNl1Y.js                                 18.23 kB │ gzip:   4.72 kB
node_modules/.nitro/vite/services/ssr/assets/p-command-2-fYriZZsS.js                                  19.06 kB │ gzip:   4.89 kB
node_modules/.nitro/vite/services/ssr/assets/drawer-ChLIRVHS.js                                       20.26 kB │ gzip:   5.26 kB
node_modules/.nitro/vite/services/ssr/assets/p-combobox-10-BjqYwuKh.js                                20.26 kB │ gzip:   3.84 kB
node_modules/.nitro/vite/services/ssr/assets/_name-DG5d3pD0.js                                        20.87 kB │ gzip:   5.37 kB
node_modules/.nitro/vite/services/ssr/assets/combobox-cz-irnzZ.js                                     21.13 kB │ gzip:   4.29 kB
node_modules/.nitro/vite/services/ssr/assets/group-3Dkafj4x.js                                        23.48 kB │ gzip:   2.77 kB
node_modules/.nitro/vite/services/ssr/assets/p-table-4-DFvFQY1l.js                                    24.16 kB │ gzip:   5.04 kB
node_modules/.nitro/vite/services/ssr/assets/docs-notes-CEZdqejq.js                                   24.55 kB │ gzip:   8.22 kB
node_modules/.nitro/vite/services/ssr/assets/p-table-8-wAhTTSOV.js                                    25.16 kB │ gzip:   5.05 kB
node_modules/.nitro/vite/services/ssr/assets/p-command-2-B1gD6FN1.js                                  27.24 kB │ gzip:   5.91 kB
node_modules/.nitro/vite/services/ssr/assets/sidebar-BjaQErMI.js                                      31.61 kB │ gzip:   5.72 kB
node_modules/.nitro/vite/services/ssr/assets/drawer-Ci_vIHFU.js                                       33.92 kB │ gzip:   6.02 kB
node_modules/.nitro/vite/services/ssr/assets/docs-data-BdJgi6DI.js                                    54.85 kB │ gzip:  11.80 kB
node_modules/.nitro/vite/services/ssr/assets/router-DBJpwtmd.js                                       75.59 kB │ gzip:  16.42 kB
node_modules/.nitro/vite/services/ssr/assets/docs-styles-CYsq2Jk-.js                                 138.16 kB │ gzip:  24.77 kB
node_modules/.nitro/vite/services/ssr/index.js                                                       227.67 kB │ gzip:  51.69 kB
node_modules/.nitro/vite/services/ssr/assets/docs.functions-BHtFK32N.js                            5,651.26 kB │ gzip: 405.53 kB

✓ built in 50.75s
[33m[PLUGIN_TIMINGS] [0mYour build spent 96% of 50.7s inside plugin hooks (48.7s).
Measured inside the callback, so queue time is excluded and time the callback itself awaited is not:
  - @rolldown/plugin-babel transform (83%, 42.1s, 1263 calls)
Those rows are 83% of the build; the rest of the 96% is below.
Not measurable — 4 hooks whose calls overlap, so elapsed time covers work other calls were doing. Profile with `node --cpu-prof`:
  - tanstack-start-core:import-protection resolveId (5226 calls)
  - vite:asset load (582 calls)
  - vite:css transform (3 calls)
  … and 1 more
See https://rolldown.rs/reference/InputOptions.checks#plugintimings for more details.


[nitro] ◐ Building [Nitro] (preset: node-server, compatibility: 2026-09-15)
[nitro] ✔ Generated public .output/public
vite v8.2.2 building nitro environment for production...
transforming...
[plugin unwasm] Failed to load the WebAssembly module; falling back to module mode: Cannot resolve module "env" (from: /home/karyana/Codes/projects/ui/node_modules/.bun/shiki@4.4.3/node_modules/shiki/dist/onig.wasm)
✓ 5124 modules transformed.
ℹ Tracing dependencies:
- @resvg/resvg-js (2.6.2)
- @resvg/resvg-js-linux-x64-musl (2.6.2)
- @resvg/resvg-js-linux-x64-gnu (2.6.2)
✔ Traced 3 dependencies (7 files) in 469ms.
ℹ Ensure your production environment matches the builder OS and architecture (linux-x64) to avoid native module issues.
rendering chunks...
computing gzip size...
.output/server/_ssr/button-QEL5MKeW.mjs                              0.04 kB │ gzip:   0.06 kB
.output/server/_ssr/dialog-Un7jwNl6.mjs                              0.04 kB │ gzip:   0.06 kB
.output/server/_ssr/input-h05CNF7Q.mjs                               0.04 kB │ gzip:   0.06 kB
.output/server/_ssr/toast-ChxINW18.mjs                               0.04 kB │ gzip:   0.06 kB
.output/server/_ssr/toggle-DO7hyD8C.mjs                              0.04 kB │ gzip:   0.06 kB
.output/server/_ssr/spinner-CqDKbrCI.mjs                             0.04 kB │ gzip:   0.06 kB
.output/server/_ssr/textarea-DMuBXNGx.mjs                            0.04 kB │ gzip:   0.06 kB
.output/server/_ssr/separator-bJKqrx2Y.mjs                           0.04 kB │ gzip:   0.06 kB
.output/server/_ssr/scroll-area-CVjHCDQS.mjs                         0.04 kB │ gzip:   0.06 kB
.output/server/_ssr/autocomplete-DqGZU99e.mjs                        0.04 kB │ gzip:   0.06 kB
.output/server/_name-DPfNVKwG.mjs                                    0.11 kB │ gzip:   0.10 kB
.output/server/_libs/devlop.mjs                                      0.13 kB │ gzip:   0.12 kB
.output/server/_ssr/start-BTyy-vbT.mjs                               0.14 kB │ gzip:   0.13 kB
.output/server/_ssr/empty-plugin-adapters-D6d9Kvnb.mjs               0.23 kB │ gzip:   0.16 kB
.output/server/_ssr/p-badge-1-uvFrE4uv.mjs                           0.28 kB │ gzip:   0.21 kB
.output/server/_ssr/p-spinner-1-zs4gW55S.mjs                         0.28 kB │ gzip:   0.21 kB
.output/server/_libs/bail.mjs                                        0.29 kB │ gzip:   0.21 kB
.output/server/_ssr/p-button-1-CKxQbKQP.mjs                          0.29 kB │ gzip:   0.22 kB
.output/server/_ssr/p-toggle-1-CVD_Zg06.mjs                          0.29 kB │ gzip:   0.22 kB
.output/server/_ssr/p-badge-9-BTkO1aV_.mjs                           0.30 kB │ gzip:   0.22 kB
.output/server/_ssr/p-badge-10-CoRayqMc.mjs                          0.30 kB │ gzip:   0.23 kB
.output/server/_ssr/p-badge-5-BDIWnPEF.mjs                           0.30 kB │ gzip:   0.23 kB
.output/server/_ssr/p-badge-8-BRqGsVMU.mjs                           0.30 kB │ gzip:   0.23 kB
.output/server/_ssr/p-slider-7-DrbrwOy7.mjs                          0.30 kB │ gzip:   0.23 kB
.output/server/_ssr/p-badge-2-YIzAu7vr.mjs                           0.30 kB │ gzip:   0.23 kB
.output/server/_ssr/p-badge-6-C6O4j3u7.mjs                           0.30 kB │ gzip:   0.23 kB
.output/server/_ssr/p-badge-7-DCMf32Cp.mjs                           0.30 kB │ gzip:   0.23 kB
.output/server/_ssr/p-button-12-Cua-w7ti.mjs                         0.30 kB │ gzip:   0.22 kB
.output/server/_ssr/p-button-8-DCmuHuTE.mjs                          0.30 kB │ gzip:   0.22 kB
.output/server/_ssr/p-button-9-BIaKnmsc.mjs                          0.30 kB │ gzip:   0.22 kB
.output/server/_ssr/p-badge-3-CEMJdQo8.mjs                           0.31 kB │ gzip:   0.23 kB
.output/server/_ssr/p-slider-3-DCv4V7Uy.mjs                          0.31 kB │ gzip:   0.23 kB
.output/server/_ssr/p-button-10-B76qE7Zq.mjs                         0.31 kB │ gzip:   0.23 kB
.output/server/_ssr/p-button-11-C8qP8O_l.mjs                         0.31 kB │ gzip:   0.23 kB
.output/server/_ssr/p-button-7-Ceom3uwZ.mjs                          0.31 kB │ gzip:   0.23 kB
.output/server/_ssr/p-input-5-BsWhgEON.mjs                           0.31 kB │ gzip:   0.23 kB
.output/server/_ssr/p-slider-8-DcLNAhZK.mjs                          0.31 kB │ gzip:   0.23 kB
.output/server/_ssr/p-badge-4-OhprOQvi.mjs                           0.31 kB │ gzip:   0.23 kB
.output/server/_ssr/p-button-6-CesrR2r3.mjs                          0.31 kB │ gzip:   0.23 kB
.output/server/_ssr/p-meter-2-BStLuUgx.mjs                           0.31 kB │ gzip:   0.23 kB
.output/server/_ssr/p-button-2-BJJC4wNz.mjs                          0.31 kB │ gzip:   0.23 kB
.output/server/_ssr/p-button-4-DT3nF7H5.mjs                          0.32 kB │ gzip:   0.23 kB
.output/server/_ssr/p-button-3-Cmm3_bdx.mjs                          0.32 kB │ gzip:   0.23 kB
.output/server/_ssr/p-slider-1-DQMwoRig.mjs                          0.32 kB │ gzip:   0.24 kB
.output/server/_ssr/p-toggle-2-B8hWNAXC.mjs                          0.32 kB │ gzip:   0.24 kB
.output/server/_ssr/p-button-5-DmwSzzbX.mjs                          0.32 kB │ gzip:   0.23 kB
.output/server/_ssr/p-slider-17-BYOayPzG.mjs                         0.32 kB │ gzip:   0.24 kB
.output/server/_ssr/p-textarea-1-D_yOa5od.mjs                        0.33 kB │ gzip:   0.24 kB
.output/server/_ssr/p-textarea-4-C11P6dEA.mjs                        0.33 kB │ gzip:   0.24 kB
.output/server/_ssr/p-input-1-B4bUZP1u.mjs                           0.34 kB │ gzip:   0.24 kB
.output/server/_ssr/p-textarea-2-BhytFOUb.mjs                        0.34 kB │ gzip:   0.24 kB
.output/server/_ssr/p-textarea-3-CJ7Uhvem.mjs                        0.34 kB │ gzip:   0.25 kB
.output/server/_ssr/p-toggle-4-XykDybeS.mjs                          0.35 kB │ gzip:   0.25 kB
.output/server/_ssr/p-toggle-5-Bax3OONW.mjs                          0.35 kB │ gzip:   0.25 kB
.output/server/_ssr/p-toggle-6-DTaLqcxG.mjs                          0.35 kB │ gzip:   0.24 kB
.output/server/_ssr/p-input-4-CkKDVQ79.mjs                           0.36 kB │ gzip:   0.26 kB
.output/server/_ssr/p-avatar-2-DfsYvxdt.mjs                          0.36 kB │ gzip:   0.24 kB
.output/server/_ssr/p-badge-12-C2Uw9oKp.mjs                          0.37 kB │ gzip:   0.27 kB
.output/server/_ssr/p-button-17-D_Xd-uZG.mjs                         0.37 kB │ gzip:   0.27 kB
.output/server/_ssr/p-input-2-DnLP1K5R.mjs                           0.40 kB │ gzip:   0.26 kB
.output/server/_ssr/p-input-3-FjontvGv.mjs                           0.40 kB │ gzip:   0.26 kB
.output/server/_ssr/p-badge-1-CEgTvb3g.mjs                           0.40 kB │ gzip:   0.28 kB
.output/server/_ssr/p-switch-2-DMen7Ukx.mjs                          0.41 kB │ gzip:   0.26 kB
.output/server/_ssr/p-slider-7-B9hqJdE_.mjs                          0.41 kB │ gzip:   0.29 kB
.output/server/_ssr/p-switch-6-Dl-gRvoq.mjs                          0.42 kB │ gzip:   0.29 kB
.output/server/_ssr/p-badge-9-61uQHgwZ.mjs                           0.42 kB │ gzip:   0.29 kB
.output/server/_ssr/p-badge-10-B-rdx4H3.mjs                          0.42 kB │ gzip:   0.29 kB
.output/server/_ssr/p-badge-5-RBjL-JJo.mjs                           0.42 kB │ gzip:   0.30 kB
.output/server/_ssr/p-slider-8-Dc0DoQ6N.mjs                          0.42 kB │ gzip:   0.29 kB
.output/server/_ssr/p-spinner-1-CGuOl-nu.mjs                         0.42 kB │ gzip:   0.28 kB
.output/server/_ssr/p-badge-8-BgUgOnV8.mjs                           0.42 kB │ gzip:   0.30 kB
.output/server/_ssr/p-badge-13-DsDemuM2.mjs                          0.42 kB │ gzip:   0.30 kB
.output/server/_ssr/p-slider-3-CK7bPz2l.mjs                          0.42 kB │ gzip:   0.29 kB
.output/server/_ssr/p-badge-2-Cgkheidz.mjs                           0.43 kB │ gzip:   0.30 kB
.output/server/_ssr/p-badge-6-CGDig42F.mjs                           0.43 kB │ gzip:   0.30 kB
.output/server/_ssr/p-badge-7-BLeuhYS4.mjs                           0.43 kB │ gzip:   0.30 kB
.output/server/_ssr/p-meter-2-7-FueocV.mjs                           0.43 kB │ gzip:   0.30 kB
.output/server/_ssr/p-badge-3-DVQw-vaz.mjs                           0.43 kB │ gzip:   0.30 kB
.output/server/_ssr/p-badge-14-m1T4rmFp.mjs                          0.43 kB │ gzip:   0.30 kB
.output/server/_ssr/p-badge-4-oPLVB4d5.mjs                           0.43 kB │ gzip:   0.30 kB
.output/server/_ssr/p-switch-1-DYzJhDXp.mjs                          0.43 kB │ gzip:   0.27 kB
.output/server/_ssr/p-slider-1-bsjEn9vv.mjs                          0.43 kB │ gzip:   0.30 kB
.output/server/_ssr/p-slider-17-BempqbaD.mjs                         0.43 kB │ gzip:   0.30 kB
.output/server/_ssr/p-slider-9-Cvnvcinx.mjs                          0.43 kB │ gzip:   0.29 kB
.output/server/_ssr/p-button-1-0UBnhqjo.mjs                          0.44 kB │ gzip:   0.29 kB
.output/server/_ssr/p-slider-10-COJMDPr4.mjs                         0.44 kB │ gzip:   0.30 kB
.output/server/_ssr/p-toggle-1-Bw9ysABj.mjs                          0.44 kB │ gzip:   0.29 kB
.output/server/_ssr/items-CIcMsjNj.mjs                               0.44 kB │ gzip:   0.23 kB
.output/server/_ssr/p-checkbox-2-D0iReNs7.mjs                        0.45 kB │ gzip:   0.27 kB
.output/server/_ssr/p-button-8-BQNm9STx.mjs                          0.45 kB │ gzip:   0.31 kB
.output/server/_ssr/p-button-9-DKm0Gegm.mjs                          0.45 kB │ gzip:   0.31 kB
.output/server/_ssr/p-input-5-B7JxJcAj.mjs                           0.45 kB │ gzip:   0.32 kB
.output/server/_ssr/p-button-10-BtDAKr36.mjs                         0.46 kB │ gzip:   0.31 kB
.output/server/_ssr/p-button-11-CrDeG1qM.mjs                         0.46 kB │ gzip:   0.31 kB
.output/server/_ssr/p-button-7-DCwzDFPR.mjs                          0.46 kB │ gzip:   0.31 kB
.output/server/_ssr/p-button-12-BQtHy8RM.mjs                         0.46 kB │ gzip:   0.31 kB
.output/server/_ssr/p-button-6-D6SSiA3p.mjs                          0.46 kB │ gzip:   0.31 kB
.output/server/_ssr/p-field-15-7Ei8yUMz.mjs                          0.46 kB │ gzip:   0.28 kB
.output/server/_ssr/types-CbBTRx5L.mjs                               0.46 kB │ gzip:   0.28 kB
.output/server/_ssr/p-button-2-2JjUNNnP.mjs                          0.46 kB │ gzip:   0.31 kB
.output/server/_ssr/p-checkbox-1-mk693eo7.mjs                        0.47 kB │ gzip:   0.27 kB
.output/server/_ssr/p-badge-13-C_vUC8vP.mjs                          0.47 kB │ gzip:   0.31 kB
.output/server/_ssr/p-button-4-CSwQxbIh.mjs                          0.47 kB │ gzip:   0.32 kB
.output/server/_ssr/p-textarea-1-ryBllP0p.mjs                        0.47 kB │ gzip:   0.31 kB
.output/server/_ssr/p-button-3-mLJXta_C.mjs                          0.47 kB │ gzip:   0.31 kB
.output/server/_ssr/p-calendar-1-75OZWfns.mjs                        0.47 kB │ gzip:   0.31 kB
.output/server/_ssr/p-badge-14-BYc7tGA0.mjs                          0.47 kB │ gzip:   0.31 kB
.output/server/_ssr/p-button-29-DroDqO2R.mjs                         0.47 kB │ gzip:   0.32 kB
.output/server/_ssr/p-toggle-2-B0W-pB8J.mjs                          0.47 kB │ gzip:   0.32 kB
.output/server/_ssr/p-field-12-CuBEKdR2.mjs                          0.47 kB │ gzip:   0.28 kB
.output/server/_ssr/p-button-5-DWnKDnyx.mjs                          0.47 kB │ gzip:   0.32 kB
.output/server/_ssr/p-toggle-4--nlrJuRk.mjs                          0.48 kB │ gzip:   0.32 kB
.output/server/_ssr/p-toggle-5-CkIgdorC.mjs                          0.48 kB │ gzip:   0.32 kB
.output/server/_ssr/p-textarea-4-CRjz-cd9.mjs                        0.48 kB │ gzip:   0.32 kB
.output/server/_ssr/p-toggle-6-CSIIVbeK.mjs                          0.48 kB │ gzip:   0.32 kB
.output/server/_ssr/p-button-29-Dvv3iOUh.mjs                         0.48 kB │ gzip:   0.31 kB
.output/server/_ssr/p-textarea-2-Dbw45MwT.mjs                        0.48 kB │ gzip:   0.32 kB
.output/server/_ssr/p-textarea-3-DkpHqLkE.mjs                        0.48 kB │ gzip:   0.32 kB
.output/server/_ssr/p-alert-1-NW_kwopu.mjs                           0.49 kB │ gzip:   0.29 kB
.output/server/_ssr/p-input-1-Ch_ZJvqA.mjs                           0.49 kB │ gzip:   0.33 kB
.output/server/_ssr/form-D9_-gEGk.mjs                                0.49 kB │ gzip:   0.32 kB
.output/server/_ssr/p-avatar-2-CLsuL7a5.mjs                          0.50 kB │ gzip:   0.30 kB
.output/server/_ssr/p-input-2-Bz5Wrnra.mjs                           0.50 kB │ gzip:   0.34 kB
.output/server/_ssr/p-input-3-C6r2qpdq.mjs                           0.50 kB │ gzip:   0.34 kB
.output/server/_ssr/p-input-4-Cm90hp0X.mjs                           0.50 kB │ gzip:   0.34 kB
.output/server/_ssr/p-badge-12-DYo3lnwI.mjs                          0.51 kB │ gzip:   0.33 kB
.output/server/_ssr/p-slider-9-D8r-AFIL.mjs                          0.51 kB │ gzip:   0.35 kB
.output/server/_ssr/p-slider-10-BOPOOizi.mjs                         0.51 kB │ gzip:   0.35 kB
.output/server/_ssr/p-textarea-13-Dyc-1mL7.mjs                       0.51 kB │ gzip:   0.35 kB
.output/server/_ssr/p-input-15-B6-q0ZyR.mjs                          0.53 kB │ gzip:   0.37 kB
.output/server/_ssr/p-input-19-B2LOOh9O.mjs                          0.53 kB │ gzip:   0.36 kB
.output/server/_ssr/p-switch-2-BfewkwjZ.mjs                          0.54 kB │ gzip:   0.33 kB
.output/server/_ssr/p-avatar-1-W5RNcj7U.mjs                          0.54 kB │ gzip:   0.35 kB
.output/server/_ssr/p-button-17-DKkEm2Vz.mjs                         0.54 kB │ gzip:   0.34 kB
.output/server/_ssr/p-switch-6-BsIvE8dj.mjs                          0.55 kB │ gzip:   0.34 kB
.output/server/_ssr/p-textarea-9-D971Mjbx.mjs                        0.55 kB │ gzip:   0.38 kB
.output/server/_ssr/p-badge-15-CpToCyGi.mjs                          0.56 kB │ gzip:   0.36 kB
.output/server/_ssr/p-switch-1-CSQmMrMG.mjs                          0.56 kB │ gzip:   0.34 kB
.output/server/_ssr/p-slider-18-Bw5t-SeZ.mjs                         0.56 kB │ gzip:   0.37 kB
.output/server/_ssr/p-field-1-BydCW8uI.mjs                           0.56 kB │ gzip:   0.32 kB
.output/server/_ssr/p-field-4-B1Hlhxhu.mjs                           0.56 kB │ gzip:   0.33 kB
.output/server/_ssr/p-badge-16-BGozXUUm.mjs                          0.56 kB │ gzip:   0.37 kB
.output/server/_ssr/p-badge-18-DkpM7rD4.mjs                          0.57 kB │ gzip:   0.38 kB
.output/server/_ssr/p-tooltip-1-DBR_0Bud.mjs                         0.57 kB │ gzip:   0.31 kB
.output/server/_ssr/p-badge-17-Cf4JtPdf.mjs                          0.57 kB │ gzip:   0.38 kB
.output/server/_ssr/stylex-1HZPKRx_.mjs                              0.57 kB │ gzip:   0.32 kB
.output/server/_ssr/p-calendar-9-iaJ9r_Mk.mjs                        0.57 kB │ gzip:   0.35 kB
.output/server/_libs/clsx.mjs                                        0.58 kB │ gzip:   0.33 kB
.output/server/_ssr/p-textarea-13-NHyvXjLw.mjs                       0.58 kB │ gzip:   0.36 kB
.output/server/_ssr/p-checkbox-2-B3RIeDcr.mjs                        0.59 kB │ gzip:   0.36 kB
.output/server/_ssr/p-field-3-hJSe06tV.mjs                           0.59 kB │ gzip:   0.34 kB
.output/server/_ssr/p-checkbox-1-C_dtL6Z-.mjs                        0.59 kB │ gzip:   0.35 kB
.output/server/_ssr/p-input-group-11-CI_ySkkl.mjs                    0.60 kB │ gzip:   0.34 kB
.output/server/_ssr/form-BEbwlWnK.mjs                                0.60 kB │ gzip:   0.32 kB
.output/server/_ssr/p-button-41-BYOErGEo.mjs                         0.61 kB │ gzip:   0.36 kB
.output/server/_ssr/p-calendar-4-BIcCCAYw.mjs                        0.61 kB │ gzip:   0.38 kB
.output/server/_ssr/p-badge-15-BWPna6PU.mjs                          0.61 kB │ gzip:   0.38 kB
.output/server/_ssr/p-toast-1-yDb0OywU.mjs                           0.61 kB │ gzip:   0.36 kB
.output/server/_ssr/p-field-15-CHJ_iF0g.mjs                          0.62 kB │ gzip:   0.35 kB
.output/server/_ssr/p-field-10-8ejzOOOK.mjs                          0.62 kB │ gzip:   0.36 kB
.output/server/_ssr/p-calendar-3-DzHF5Xt3.mjs                        0.62 kB │ gzip:   0.37 kB
.output/server/_ssr/p-menu-2--FzBzSlW.mjs                            0.63 kB │ gzip:   0.33 kB
.output/server/_ssr/p-button-33-DEMAcN7A.mjs                         0.63 kB │ gzip:   0.38 kB
.output/server/_ssr/p-avatar-6-DRpEXlJb.mjs                          0.63 kB │ gzip:   0.34 kB
.output/server/_ssr/p-number-field-1-DDuX7Vd4.mjs                    0.63 kB │ gzip:   0.31 kB
.output/server/_ssr/p-field-12-CnTWQi3y.mjs                          0.63 kB │ gzip:   0.36 kB
.output/server/_ssr/p-input-group-10-DTSSFw6_.mjs                    0.64 kB │ gzip:   0.35 kB
.output/server/_ssr/p-calendar-8-BmFqgopR.mjs                        0.64 kB │ gzip:   0.37 kB
.output/server/_ssr/p-number-field-4-BU_NlmC9.mjs                    0.64 kB │ gzip:   0.32 kB
.output/server/_ssr/p-number-field-2-Hd086DQT.mjs                    0.64 kB │ gzip:   0.32 kB
.output/server/_ssr/p-number-field-3-BmanBHx5.mjs                    0.64 kB │ gzip:   0.32 kB
.output/server/_ssr/p-button-32-CgQlhM7R.mjs                         0.65 kB │ gzip:   0.38 kB
.output/server/_ssr/p-toast-3-B6DYSE05.mjs                           0.65 kB │ gzip:   0.38 kB
.output/server/_ssr/p-calendar-11-Dc96IuT4.mjs                       0.65 kB │ gzip:   0.40 kB
.output/server/_ssr/checkbox-group-BbVsYu_w.mjs                      0.65 kB │ gzip:   0.41 kB
.output/server/_ssr/p-number-field-7-CGFQ7ZBc.mjs                    0.65 kB │ gzip:   0.33 kB
.output/server/_ssr/p-badge-11-CHDRgaRa.mjs                          0.65 kB │ gzip:   0.41 kB
.output/server/_ssr/p-input-19-DOfthNB2.mjs                          0.65 kB │ gzip:   0.37 kB
.output/server/_ssr/p-slider-18-SeN89RdH.mjs                         0.65 kB │ gzip:   0.40 kB
.output/server/_ssr/p-button-33-CPc2_hTe.mjs                         0.65 kB │ gzip:   0.38 kB
.output/server/_ssr/p-radio-group-2-BfeMepVQ.mjs                     0.66 kB │ gzip:   0.32 kB
.output/server/_ssr/p-calendar-1-Bn6SsRhb.mjs                        0.66 kB │ gzip:   0.37 kB
.output/server/_ssr/p-menu-3-pU2vj2PN.mjs                            0.66 kB │ gzip:   0.34 kB
.output/server/_ssr/p-button-32-Cw1BTlrf.mjs                         0.66 kB │ gzip:   0.37 kB
.output/server/_ssr/p-button-34-CTfPr4_q.mjs                         0.66 kB │ gzip:   0.43 kB
.output/server/_ssr/p-input-group-4-DqXt6ysC.mjs                     0.67 kB │ gzip:   0.34 kB
.output/server/_ssr/p-toggle-3-DxmzQhSQ.mjs                          0.67 kB │ gzip:   0.41 kB
.output/server/_ssr/p-avatar-6-DTEgU0Yn.mjs                          0.67 kB │ gzip:   0.37 kB
.output/server/_ssr/p-button-16-BUrQbHxy.mjs                         0.67 kB │ gzip:   0.42 kB
.output/server/_ssr/p-menu-8-BzfsuFD0.mjs                            0.67 kB │ gzip:   0.35 kB
.output/server/_ssr/p-input-group-9-J_W8-nqf.mjs                     0.68 kB │ gzip:   0.36 kB
.output/server/_ssr/p-progress-1-ChuUNYOM.mjs                        0.68 kB │ gzip:   0.40 kB
.output/server/_ssr/p-number-field-6-Cm49PsPR.mjs                    0.68 kB │ gzip:   0.32 kB
.output/server/_ssr/p-button-13-Dbpo3EEF.mjs                         0.69 kB │ gzip:   0.43 kB
.output/server/_ssr/p-calendar-2-CQ7FpBXp.mjs                        0.69 kB │ gzip:   0.40 kB
.output/server/_ssr/p-button-18-D-wJErEt.mjs                         0.69 kB │ gzip:   0.43 kB
.output/server/_ssr/p-avatar-1-DvbWmclt.mjs                          0.69 kB │ gzip:   0.42 kB
.output/server/_ssr/p-button-14-De7G6a5-.mjs                         0.69 kB │ gzip:   0.43 kB
.output/server/_ssr/p-button-15-nkuFSL_D.mjs                         0.69 kB │ gzip:   0.43 kB
.output/server/_ssr/p-input-17-CATY8hIp.mjs                          0.69 kB │ gzip:   0.42 kB
.output/server/_ssr/p-textarea-10-Bqy35PmF.mjs                       0.69 kB │ gzip:   0.40 kB
.output/server/_ssr/p-toast-1-BUI-s5Xa.mjs                           0.70 kB │ gzip:   0.44 kB
.output/server/_ssr/p-button-20-C5coH5CZ.mjs                         0.70 kB │ gzip:   0.44 kB
.output/server/_ssr/p-number-field-8-KZBwphzS.mjs                    0.70 kB │ gzip:   0.35 kB
.output/server/_ssr/p-alert-1-Ci724oBd.mjs                           0.70 kB │ gzip:   0.36 kB
.output/server/_ssr/p-badge-16-DI4qbVDu.mjs                          0.70 kB │ gzip:   0.42 kB
.output/server/_ssr/source-files-CQNP89oL.mjs                        0.71 kB │ gzip:   0.37 kB
.output/server/_ssr/p-badge-17-C0xWG33S.mjs                          0.71 kB │ gzip:   0.43 kB
.output/server/_ssr/p-badge-18-DBYut3iL.mjs                          0.71 kB │ gzip:   0.43 kB
.output/server/_ssr/p-input-17-au7pgDYI.mjs                          0.71 kB │ gzip:   0.40 kB
.output/server/_ssr/p-textarea-10-BQ-uk-36.mjs                       0.71 kB │ gzip:   0.40 kB
.output/server/_ssr/p-calendar-9-D_wFciWa.mjs                        0.71 kB │ gzip:   0.41 kB
.output/server/_ssr/p-otp-field-2-CMaX_Bdt.mjs                       0.71 kB │ gzip:   0.43 kB
.output/server/_ssr/label-DfuZgx5i.mjs                               0.72 kB │ gzip:   0.47 kB
.output/server/_ssr/p-toast-3-BXrvDyCt.mjs                           0.72 kB │ gzip:   0.45 kB
.output/server/_ssr/p-radio-group-1-C9QZyJJ7.mjs                     0.72 kB │ gzip:   0.34 kB
.output/server/_ssr/spinner-CgxECgUK.mjs                             0.74 kB │ gzip:   0.45 kB
.output/server/_ssr/p-otp-field-1-by02I0hp.mjs                       0.74 kB │ gzip:   0.43 kB
.output/server/_ssr/p-button-30-BL_9LkjS.mjs                         0.74 kB │ gzip:   0.46 kB
.output/server/_ssr/p-calendar-7-DnEQvLGQ.mjs                        0.75 kB │ gzip:   0.38 kB
.output/server/_ssr/p-calendar-4-QSEF7nfW.mjs                        0.75 kB │ gzip:   0.43 kB
.output/server/_ssr/p-toast-10-MbvNgdT6.mjs                          0.75 kB │ gzip:   0.42 kB
.output/server/_ssr/skeleton-CboOcQGi.mjs                            0.76 kB │ gzip:   0.49 kB
.output/server/_libs/decode-named-character-reference+[...].mjs      0.77 kB │ gzip:   0.45 kB
.output/server/_ssr/p-textarea-14-f6wLxHop.mjs                       0.77 kB │ gzip:   0.44 kB
.output/server/_ssr/p-textarea-15-DGN4JVhh.mjs                       0.77 kB │ gzip:   0.44 kB
.output/server/_ssr/p-otp-field-2-uknbXzAL.mjs                       0.77 kB │ gzip:   0.46 kB
.output/server/_ssr/p-group-20-BA9YiHRy.mjs                          0.77 kB │ gzip:   0.38 kB
.output/server/_ssr/p-textarea-9-DMW5YpW7.mjs                        0.78 kB │ gzip:   0.43 kB
.output/server/_ssr/p-calendar-11-DEQibuwn.mjs                       0.78 kB │ gzip:   0.45 kB
.output/server/_ssr/p-calendar-3-D4IbhaGt.mjs                        0.78 kB │ gzip:   0.42 kB
.output/server/_ssr/p-toast-11-zoLoKCKw.mjs                          0.78 kB │ gzip:   0.44 kB
.output/server/_ssr/p-checkbox-group-1-m6D5uAsf.mjs                  0.78 kB │ gzip:   0.35 kB
.output/server/_ssr/p-field-16-C6YHsZJy.mjs                          0.79 kB │ gzip:   0.43 kB
.output/server/_ssr/p-calendar-2-DNxaBey_.mjs                        0.79 kB │ gzip:   0.45 kB
.output/server/_ssr/p-calendar-7-DbL2KbsP.mjs                        0.79 kB │ gzip:   0.42 kB
.output/server/_ssr/p-field-2-BfnMhift.mjs                           0.79 kB │ gzip:   0.43 kB
.output/server/_ssr/p-input-15-D8EbBhfS.mjs                          0.79 kB │ gzip:   0.41 kB
.output/server/_ssr/p-checkbox-group-2-4XmY-HLH.mjs                  0.79 kB │ gzip:   0.35 kB
.output/server/_ssr/p-tooltip-1-0hE1f0so.mjs                         0.79 kB │ gzip:   0.41 kB
.output/server/_ssr/p-textarea-14-CctbwDYM.mjs                       0.79 kB │ gzip:   0.42 kB
.output/server/_ssr/p-alert-2-B5GkWAks.mjs                           0.80 kB │ gzip:   0.41 kB
.output/server/_ssr/p-input-group-11-C_2YWJ6S.mjs                    0.80 kB │ gzip:   0.43 kB
.output/server/_ssr/p-textarea-15-BbpN154O.mjs                       0.80 kB │ gzip:   0.42 kB
.output/server/_ssr/p-textarea-12-n1iOl-5O.mjs                       0.80 kB │ gzip:   0.44 kB
.output/server/_ssr/p-toggle-3-HiKJ-5H1.mjs                          0.80 kB │ gzip:   0.44 kB
.output/server/_ssr/p-field-16-CDJb_zEb.mjs                          0.80 kB │ gzip:   0.42 kB
.output/server/_ssr/p-toast-10-CiDNxDDb.mjs                          0.80 kB │ gzip:   0.49 kB
.output/server/_ssr/p-menu-5-CRSdTUct.mjs                            0.80 kB │ gzip:   0.39 kB
.output/server/_ssr/p-button-41-C6eKic1k.mjs                         0.81 kB │ gzip:   0.45 kB
.output/server/_ssr/p-textarea-5-C6UE-xJe.mjs                        0.81 kB │ gzip:   0.44 kB
.output/server/_ssr/p-menu-4-Xt65HBV_.mjs                            0.81 kB │ gzip:   0.39 kB
.output/server/_ssr/p-badge-11-Ct2DdMve.mjs                          0.81 kB │ gzip:   0.45 kB
.output/server/_ssr/p-field-1-DROIE5yo.mjs                           0.82 kB │ gzip:   0.43 kB
.output/server/_ssr/p-group-7-B2r23QvL.mjs                           0.82 kB │ gzip:   0.40 kB
.output/server/_ssr/p-alert-4-1fpO5yjV.mjs                           0.82 kB │ gzip:   0.43 kB
.output/server/_ssr/p-toast-11-2zQAVmQ1.mjs                          0.83 kB │ gzip:   0.50 kB
.output/server/_ssr/p-input-group-4-BH5rdfNq.mjs                     0.83 kB │ gzip:   0.42 kB
.output/server/_ssr/p-menu-9-U1rNwXYu.mjs                            0.83 kB │ gzip:   0.37 kB
.output/server/_ssr/p-button-18-CnVfQgEL.mjs                         0.83 kB │ gzip:   0.44 kB
.output/server/_ssr/p-otp-field-1-NDzIsXVs.mjs                       0.83 kB │ gzip:   0.47 kB
.output/server/_ssr/p-button-16-CJmvsTdW.mjs                         0.83 kB │ gzip:   0.45 kB
.output/server/_ssr/p-input-group-10-B9QR-SyG.mjs                    0.84 kB │ gzip:   0.44 kB
.output/server/_ssr/p-calendar-8-BVYj8_LA.mjs                        0.84 kB │ gzip:   0.44 kB
.output/server/_ssr/p-field-10-C9VqMyRw.mjs                          0.84 kB │ gzip:   0.44 kB
.output/server/_ssr/p-alert-7-DDllVThm.mjs                           0.84 kB │ gzip:   0.44 kB
.output/server/_ssr/p-slider-20-CrqmNrAR.mjs                         0.84 kB │ gzip:   0.47 kB
.output/server/_ssr/p-alert-5-B59YHn0P.mjs                           0.84 kB │ gzip:   0.44 kB
.output/server/_ssr/p-alert-6-DqX61zeJ.mjs                           0.84 kB │ gzip:   0.44 kB
.output/server/_ssr/p-button-13-BTNaf0C1.mjs                         0.84 kB │ gzip:   0.47 kB
.output/server/_ssr/p-button-14-D8_5FMHE.mjs                         0.85 kB │ gzip:   0.47 kB
.output/server/_ssr/p-button-15-DJj2Q8Nt.mjs                         0.85 kB │ gzip:   0.47 kB
.output/server/_ssr/p-progress-1-DG1jAzOH.mjs                        0.85 kB │ gzip:   0.47 kB
.output/server/_ssr/p-alert-2-BKwNvyzb.mjs                           0.85 kB │ gzip:   0.45 kB
.output/server/_ssr/p-group-8-wf4elOSG.mjs                           0.85 kB │ gzip:   0.40 kB
.output/server/_ssr/p-field-4-COy73Fin.mjs                           0.85 kB │ gzip:   0.44 kB
.output/server/_ssr/p-alert-4--IPHpNq7.mjs                           0.85 kB │ gzip:   0.46 kB
.output/server/_ssr/p-meter-1-DtNSixSH.mjs                           0.86 kB │ gzip:   0.46 kB
.output/server/_ssr/p-input-6-Cx-9ezCp.mjs                           0.86 kB │ gzip:   0.46 kB
.output/server/_ssr/p-number-field-1-D1FHAEGK.mjs                    0.87 kB │ gzip:   0.39 kB
.output/server/_ssr/p-alert-5-Bg3QpC-x.mjs                           0.87 kB │ gzip:   0.46 kB
.output/server/_ssr/p-alert-7-DL8v8z3f.mjs                           0.88 kB │ gzip:   0.47 kB
.output/server/_ssr/p-menu-7-DxGLCcSq.mjs                            0.88 kB │ gzip:   0.37 kB
.output/server/_ssr/p-progress-2-DOEKQFFn.mjs                        0.88 kB │ gzip:   0.44 kB
.output/server/_ssr/p-alert-6-Dk6moCjy.mjs                           0.88 kB │ gzip:   0.46 kB
.output/server/_ssr/separator-BfK31fak.mjs                           0.88 kB │ gzip:   0.49 kB
.output/server/_ssr/p-select-4-AvYv0eiu.mjs                          0.88 kB │ gzip:   0.43 kB
.output/server/_ssr/p-field-3-BGgJE6TQ.mjs                           0.88 kB │ gzip:   0.45 kB
.output/server/_ssr/p-button-20-35aIffbt.mjs                         0.88 kB │ gzip:   0.47 kB
.output/server/_ssr/p-number-field-2-CGrYYbkk.mjs                    0.88 kB │ gzip:   0.41 kB
.output/server/_ssr/p-number-field-3-D4agMsSK.mjs                    0.88 kB │ gzip:   0.40 kB
.output/server/_ssr/fieldset-D21qyGBB.mjs                            0.88 kB │ gzip:   0.44 kB
.output/server/_ssr/p-select-2-HpVqWT9r.mjs                          0.88 kB │ gzip:   0.43 kB
.output/server/_ssr/p-select-3-Cm_N2EZM.mjs                          0.88 kB │ gzip:   0.44 kB
.output/server/_ssr/p-slider-6-DQcPCcjW.mjs                          0.88 kB │ gzip:   0.47 kB
.output/server/_ssr/p-input-7-DvpFz_lm.mjs                           0.89 kB │ gzip:   0.47 kB
.output/server/_ssr/p-input-group-1-BdJw1ur8.mjs                     0.89 kB │ gzip:   0.46 kB
.output/server/_ssr/p-input-group-20-Dzm_Xrhb.mjs                    0.89 kB │ gzip:   0.46 kB
.output/server/_ssr/p-number-field-4-D0a7xN7V.mjs                    0.89 kB │ gzip:   0.41 kB
.output/server/_ssr/p-number-field-7-DHi5YdH2.mjs                    0.89 kB │ gzip:   0.41 kB
.output/server/_ssr/p-input-group-9-Rc6R9nGX.mjs                     0.89 kB │ gzip:   0.46 kB
.output/server/_ssr/checkbox-group-BUyyduWE.mjs                      0.89 kB │ gzip:   0.43 kB
.output/server/_ssr/p-input-7-DDL7ViMZ.mjs                           0.89 kB │ gzip:   0.45 kB
.output/server/_ssr/p-meter-3-Dipq4nMG.mjs                           0.89 kB │ gzip:   0.48 kB
.output/server/_ssr/p-input-13-_ADz3dUh.mjs                          0.90 kB │ gzip:   0.47 kB
.output/server/_ssr/p-number-field-11-DjrW8wfK.mjs                   0.90 kB │ gzip:   0.43 kB
.output/server/_ssr/p-slider-2-CTvH7lDy.mjs                          0.90 kB │ gzip:   0.46 kB
.output/server/_ssr/p-select-5-Bo2uA7xk.mjs                          0.90 kB │ gzip:   0.44 kB
.output/server/_ssr/p-input-group-13-BqM0UMPC.mjs                    0.90 kB │ gzip:   0.47 kB
.output/server/_ssr/p-input-group-14-CejXawM4.mjs                    0.90 kB │ gzip:   0.47 kB
.output/server/_ssr/p-input-group-2-BbqPWobq.mjs                     0.91 kB │ gzip:   0.48 kB
.output/server/_ssr/p-meter-4-BvkpTVqR.mjs                           0.91 kB │ gzip:   0.49 kB
.output/server/_ssr/p-input-group-16-CNZDLfDw.mjs                    0.91 kB │ gzip:   0.50 kB
.output/server/_ssr/p-textarea-7-BprbeVZ0.mjs                        0.91 kB │ gzip:   0.48 kB
.output/server/_ssr/p-textarea-5-BUk9t2PM.mjs                        0.92 kB │ gzip:   0.48 kB
.output/server/_ssr/p-select-23-DER5SaxN.mjs                         0.92 kB │ gzip:   0.44 kB
.output/server/_ssr/p-number-field-11-D0ifNiOI.mjs                   0.92 kB │ gzip:   0.43 kB
.output/server/_ssr/p-number-field-8-D22NUoiT.mjs                    0.92 kB │ gzip:   0.43 kB
.output/server/_ssr/p-meter-1-SSkdmTTl.mjs                           0.92 kB │ gzip:   0.44 kB
.output/server/_ssr/p-progress-2-LyulRddO.mjs                        0.93 kB │ gzip:   0.43 kB
.output/server/_ssr/p-input-group-3-CrAHv9x_.mjs                     0.93 kB │ gzip:   0.52 kB
.output/server/_ssr/p-button-23-C8f6lmwx.mjs                         0.94 kB │ gzip:   0.54 kB
.output/server/_ssr/p-input-6-rUEw7vCe.mjs                           0.94 kB │ gzip:   0.50 kB
.output/server/_ssr/p-field-17-Ckz9ar7G.mjs                          0.94 kB │ gzip:   0.41 kB
.output/server/_ssr/p-meter-3-CvO06q3u.mjs                           0.94 kB │ gzip:   0.46 kB
.output/server/_ssr/p-field-2-Rbijn35N.mjs                           0.94 kB │ gzip:   0.47 kB
.output/server/_ssr/p-menu-6-CBDz5PQ0.mjs                            0.94 kB │ gzip:   0.40 kB
.output/server/_ssr/p-textarea-12-Dxmz6U7w.mjs                       0.94 kB │ gzip:   0.47 kB
.output/server/_ssr/p-button-28-BqrmITcx.mjs                         0.95 kB │ gzip:   0.51 kB
.output/server/_ssr/p-menu-2-IdcYOOvP.mjs                            0.95 kB │ gzip:   0.44 kB
.output/server/_ssr/p-progress-3-BiWnqskg.mjs                        0.95 kB │ gzip:   0.49 kB
.output/server/_ssr/p-meter-4-VEWuYMaG.mjs                           0.96 kB │ gzip:   0.46 kB
.output/server/_ssr/p-number-field-6-Z_z-LaIE.mjs                    0.96 kB │ gzip:   0.41 kB
.output/server/_ssr/p-scroll-area-2-WR0VTySM.mjs                     0.97 kB │ gzip:   0.53 kB
.output/server/_ssr/p-avatar-7-Bu2QFWVT.mjs                          0.98 kB │ gzip:   0.54 kB
.output/server/_ssr/p-avatar-8-C-NETtAB.mjs                          0.98 kB │ gzip:   0.54 kB
.output/server/_ssr/p-progress-3-DuCVDoOd.mjs                        0.98 kB │ gzip:   0.46 kB
.output/server/_ssr/p-toast-4-BUcTKPIi.mjs                           0.99 kB │ gzip:   0.53 kB
.output/server/_ssr/p-menu-3-c902ZzLI.mjs                            0.99 kB │ gzip:   0.46 kB
.output/server/_ssr/p-input-group-1-CvBn3gjR.mjs                     1.00 kB │ gzip:   0.49 kB
.output/server/_name-BxbF8amk.mjs                                    1.00 kB │ gzip:   0.45 kB
.output/server/_ssr/p-input-group-20-UD21GYqj.mjs                    1.00 kB │ gzip:   0.50 kB
.output/server/_ssr/p-scroll-area-5-D08raziq.mjs                     1.00 kB │ gzip:   0.54 kB
.output/server/_ssr/p-slider-4-DZ1_uKoR.mjs                          1.00 kB │ gzip:   0.49 kB
.output/server/_ssr/p-input-group-16-BqSaxuOu.mjs                    1.00 kB │ gzip:   0.50 kB
.output/server/_ssr/p-group-17-BkBDYerL.mjs                          1.01 kB │ gzip:   0.48 kB
.output/server/_ssr/p-avatar-10-BSeEWceV.mjs                         1.01 kB │ gzip:   0.54 kB
.output/server/_ssr/p-input-12-CBjpcQRT.mjs                          1.01 kB │ gzip:   0.55 kB
.output/server/_ssr/p-input-group-2-7IOvFtoo.mjs                     1.01 kB │ gzip:   0.51 kB
.output/server/_ssr/p-slider-6-j1Mo9Hhh.mjs                          1.01 kB │ gzip:   0.55 kB
.output/server/_ssr/p-input-11-BVPLyB_v.mjs                          1.01 kB │ gzip:   0.54 kB
.output/server/_ssr/p-button-31-DoAOnutM.mjs                         1.02 kB │ gzip:   0.52 kB
.output/server/_ssr/p-calendar-12-Chy6CJJN.mjs                       1.02 kB │ gzip:   0.53 kB
.output/server/_ssr/p-radio-group-2-BRx_-Vfb.mjs                     1.02 kB │ gzip:   0.43 kB
.output/server/_ssr/p-select-1-vbFMJoq8.mjs                          1.02 kB │ gzip:   0.47 kB
.output/server/_ssr/p-context-menu-4-Q7koRYTK.mjs                    1.02 kB │ gzip:   0.50 kB
.output/server/_ssr/p-input-13-D6VxJ2C8.mjs                          1.02 kB │ gzip:   0.51 kB
.output/server/_ssr/p-slider-20-DubaeSbJ.mjs                         1.02 kB │ gzip:   0.51 kB
.output/server/_ssr/p-date-picker-8-DD_js-NW.mjs                     1.03 kB │ gzip:   0.48 kB
.output/server/_ssr/p-input-group-6-Dhy45raH.mjs                     1.03 kB │ gzip:   0.46 kB
.output/server/_ssr/p-toast-4-DW8DLar0.mjs                           1.03 kB │ gzip:   0.46 kB
.output/server/_ssr/p-calendar-22-CKaW89X2.mjs                       1.03 kB │ gzip:   0.54 kB
.output/server/_ssr/p-slider-2-BounncwA.mjs                          1.04 kB │ gzip:   0.51 kB
.output/server/_ssr/p-input-16-r6GTtqNU.mjs                          1.04 kB │ gzip:   0.57 kB
.output/server/_ssr/p-textarea-7-CjgfadcA.mjs                        1.04 kB │ gzip:   0.51 kB
.output/server/_ssr/p-avatar-9-6cy1PjGu.mjs                          1.04 kB │ gzip:   0.54 kB
.output/server/_ssr/p-group-20-DbEFr_GM.mjs                          1.04 kB │ gzip:   0.51 kB
.output/server/_ssr/p-select-21-rDZn2oH4.mjs                         1.05 kB │ gzip:   0.50 kB
.output/server/_ssr/p-input-group-13-DqlqEmWZ.mjs                    1.05 kB │ gzip:   0.51 kB
.output/server/_ssr/p-input-group-14-CzgpH1vA.mjs                    1.05 kB │ gzip:   0.51 kB
.output/server/_ssr/p-select-2-DuHNsqya.mjs                          1.05 kB │ gzip:   0.49 kB
.output/server/_ssr/p-select-3-BWUT8-qw.mjs                          1.05 kB │ gzip:   0.49 kB
.output/server/_ssr/p-calendar-23-CJ5oupwE.mjs                       1.06 kB │ gzip:   0.56 kB
.output/server/_ssr/p-select-21-cra6jguc.mjs                         1.06 kB │ gzip:   0.50 kB
.output/server/_ssr/p-select-4-BAGAlOHl.mjs                          1.06 kB │ gzip:   0.50 kB
.output/server/_ssr/p-context-menu-8-BjE_HV3I.mjs                    1.06 kB │ gzip:   0.50 kB
.output/server/_ssr/p-checkbox-4-BV7v8NvJ.mjs                        1.06 kB │ gzip:   0.54 kB
.output/server/_ssr/p-avatar-11-CWhDSP-J.mjs                         1.07 kB │ gzip:   0.54 kB
.output/server/_ssr/p-input-18-MqTDeHmR.mjs                          1.07 kB │ gzip:   0.54 kB
.output/server/_ssr/p-select-5-8iw6SluW.mjs                          1.07 kB │ gzip:   0.50 kB
.output/server/_ssr/p-otp-field-3-BHAWrZ2P.mjs                       1.08 kB │ gzip:   0.49 kB
.output/server/_ssr/p-button-28-dXw4zIiC.mjs                         1.08 kB │ gzip:   0.55 kB
.output/server/_ssr/p-checkbox-group-1-Dzx6Hced.mjs                  1.08 kB │ gzip:   0.44 kB
.output/server/_ssr/p-number-field-5-CA56vM-2.mjs                    1.09 kB │ gzip:   0.50 kB
.output/server/_ssr/p-textarea-11-BNDuHX40.mjs                       1.09 kB │ gzip:   0.55 kB
.output/server/_chunks/ssr-renderer.mjs                              1.09 kB │ gzip:   0.54 kB
.output/server/_ssr/p-scroll-area-4-vMdodUIq.mjs                     1.09 kB │ gzip:   0.54 kB
.output/server/_ssr/p-select-12-BEmJVSND.mjs                         1.09 kB │ gzip:   0.48 kB
.output/server/_ssr/p-select-15-DGnT1yxr.mjs                         1.09 kB │ gzip:   0.51 kB
.output/server/_ssr/p-calendar-22-BGCTnWtA.mjs                       1.09 kB │ gzip:   0.58 kB
.output/server/_ssr/p-select-22-DNzEHYma.mjs                         1.09 kB │ gzip:   0.53 kB
.output/server/_ssr/p-alert-3-C9Nqs7my.mjs                           1.09 kB │ gzip:   0.53 kB
.output/server/_ssr/p-slider-4-Vpp1Ea6C.mjs                          1.10 kB │ gzip:   0.56 kB
.output/server/_ssr/p-scroll-area-1-DFDG0z1Q.mjs                     1.10 kB │ gzip:   0.55 kB
.output/server/_ssr/p-breadcrumb-2-hygmbB6o.mjs                      1.10 kB │ gzip:   0.39 kB
.output/server/_ssr/p-menu-8-Doa7d0lI.mjs                            1.11 kB │ gzip:   0.47 kB
.output/server/_ssr/p-button-31-B0OINVff.mjs                         1.11 kB │ gzip:   0.54 kB
.output/server/_ssr/p-checkbox-group-2--GkJ0jSe.mjs                  1.11 kB │ gzip:   0.46 kB
.output/server/_ssr/p-group-7-ryxFaWSb.mjs                           1.11 kB │ gzip:   0.52 kB
.output/server/_ssr/p-calendar-23-C8vlBOf4.mjs                       1.11 kB │ gzip:   0.59 kB
.output/server/_ssr/p-radio-group-1-DOmcfj7k.mjs                     1.12 kB │ gzip:   0.44 kB
.output/server/_ssr/p-button-21-coEii8UE.mjs                         1.12 kB │ gzip:   0.59 kB
.output/server/_ssr/p-group-8-BP4a_VLv.mjs                           1.12 kB │ gzip:   0.53 kB
.output/server/_ssr/p-button-27-Ciddxldy.mjs                         1.12 kB │ gzip:   0.55 kB
.output/server/_ssr/p-calendar-10-DlCmRUGw.mjs                       1.12 kB │ gzip:   0.55 kB
.output/server/_ssr/p-input-group-5-ZN2Sj0Ae.mjs                     1.13 kB │ gzip:   0.54 kB
.output/server/_ssr/spinner-CsDgC5Kx.mjs                             1.13 kB │ gzip:   0.58 kB
.output/server/_ssr/p-input-group-6-Tc-6MR0D.mjs                     1.13 kB │ gzip:   0.48 kB
.output/server/_ssr/p-button-34-DlBL1fBp.mjs                         1.14 kB │ gzip:   0.60 kB
.output/server/_ssr/p-select-15-D9wy2VIu.mjs                         1.14 kB │ gzip:   0.52 kB
.output/server/_ssr/p-otp-field-3-DgNqJzE9.mjs                       1.14 kB │ gzip:   0.53 kB
.output/server/_ssr/p-input-18-rqlhspXw.mjs                          1.14 kB │ gzip:   0.58 kB
.output/server/_ssr/p-button-30-BcqlxZ2g.mjs                         1.15 kB │ gzip:   0.58 kB
.output/server/_ssr/switch-awuJPlAl.mjs                              1.15 kB │ gzip:   0.70 kB
.output/server/_ssr/p-context-menu-1-DjInc9CC.mjs                    1.15 kB │ gzip:   0.50 kB
.output/server/_ssr/p-select-23-DRmhyIVD.mjs                         1.15 kB │ gzip:   0.51 kB
.output/server/_ssr/p-switch-3-CCULV2eV.mjs                          1.15 kB │ gzip:   0.54 kB
.output/server/_ssr/p-textarea-11-Dg9GKRY1.mjs                       1.16 kB │ gzip:   0.58 kB
.output/server/_ssr/fieldset-CROrgx4_.mjs                            1.16 kB │ gzip:   0.46 kB
.output/server/_ssr/kbd-CyjJj3_m.mjs                                 1.16 kB │ gzip:   0.58 kB
.output/server/_ssr/p-select-1-BDNuGy26.mjs                          1.16 kB │ gzip:   0.51 kB
.output/server/_ssr/p-otp-field-4-BF0BOhwI.mjs                       1.17 kB │ gzip:   0.58 kB
.output/server/_ssr/p-field-11-Bv_OltQ7.mjs                          1.17 kB │ gzip:   0.50 kB
.output/server/_ssr/p-toast-6-D5epE42g.mjs                           1.17 kB │ gzip:   0.62 kB
.output/server/_ssr/separator-Cju71VLI.mjs                           1.17 kB │ gzip:   0.53 kB
.output/server/_ssr/p-toast-5-D2tnQp8P.mjs                           1.17 kB │ gzip:   0.64 kB
.output/server/_ssr/p-menu-5-CTUes0aB.mjs                            1.18 kB │ gzip:   0.47 kB
.output/server/_ssr/p-otp-field-4-NPzzAh30.mjs                       1.18 kB │ gzip:   0.59 kB
.output/server/_ssr/p-badge-20-kVu_MMMQ.mjs                          1.18 kB │ gzip:   0.66 kB
.output/server/_ssr/p-checkbox-3-BKGskSpF.mjs                        1.18 kB │ gzip:   0.55 kB
.output/server/_ssr/p-switch-3-C4RXwKzG.mjs                          1.19 kB │ gzip:   0.55 kB
.output/server/_ssr/p-alert-3-BZN_9f2E.mjs                           1.19 kB │ gzip:   0.52 kB
.output/server/_ssr/p-calendar-10-C-XCrKcR.mjs                       1.19 kB │ gzip:   0.58 kB
.output/server/_ssr/p-input-14-WIrpeiSj.mjs                          1.19 kB │ gzip:   0.57 kB
.output/server/_ssr/p-pagination-1-CCmggSpD.mjs                      1.19 kB │ gzip:   0.36 kB
.output/server/_ssr/p-menu-9-bHfpaGjR.mjs                            1.19 kB │ gzip:   0.49 kB
.output/server/_ssr/p-tabs-1-BKhxF6eJ.mjs                            1.20 kB │ gzip:   0.49 kB
.output/server/_ssr/p-avatar-10-FaYCE3on.mjs                         1.20 kB │ gzip:   0.59 kB
.output/server/_ssr/p-calendar-12-DmMPPiLv.mjs                       1.20 kB │ gzip:   0.57 kB
.output/server/_ssr/p-context-menu-2-Dpa8nhb-.mjs                    1.20 kB │ gzip:   0.52 kB
.output/server/_ssr/p-skeleton-2-DChjkmGI.mjs                        1.21 kB │ gzip:   0.47 kB
.output/server/_ssr/p-tabs-14-BoyplA2-.mjs                           1.21 kB │ gzip:   0.49 kB
.output/server/_ssr/p-tabs-15-B3GNBFo4.mjs                           1.21 kB │ gzip:   0.50 kB
.output/server/_ssr/collapsible-CJVrxcX-.mjs                         1.21 kB │ gzip:   0.52 kB
.output/server/_ssr/p-calendar-15-C2xAT2fn.mjs                       1.21 kB │ gzip:   0.60 kB
.output/server/_ssr/p-checkbox-3-DL3dD-J_.mjs                        1.22 kB │ gzip:   0.56 kB
.output/server/_ssr/p-input-14-C9sthEIK.mjs                          1.22 kB │ gzip:   0.55 kB
.output/server/_ssr/p-group-17-Cui9vUpY.mjs                          1.22 kB │ gzip:   0.58 kB
.output/server/_ssr/p-button-37-TKzlp30J.mjs                         1.23 kB │ gzip:   0.63 kB
.output/server/_ssr/p-textarea-8-BjwXlGpk.mjs                        1.23 kB │ gzip:   0.57 kB
.output/server/_ssr/p-input-group-15-CdfthcHC.mjs                    1.23 kB │ gzip:   0.60 kB
.output/server/_ssr/p-textarea-8-CMfrR1yp.mjs                        1.23 kB │ gzip:   0.55 kB
.output/server/_ssr/p-input-group-24-BHIXcQAt.mjs                    1.23 kB │ gzip:   0.63 kB
.output/server/_ssr/p-avatar-8-yamhrhHu.mjs                          1.24 kB │ gzip:   0.61 kB
.output/server/_ssr/p-avatar-7-DSxN9F5a.mjs                          1.24 kB │ gzip:   0.62 kB
.output/server/_ssr/p-otp-field-9-DiYoeFh4.mjs                       1.24 kB │ gzip:   0.63 kB
.output/server/_ssr/label-Djdowa0d.mjs                               1.24 kB │ gzip:   0.58 kB
.output/server/_ssr/p-menu-4-BE8Fnr4g.mjs                            1.25 kB │ gzip:   0.50 kB
.output/server/_ssr/p-select-22-CYU8f7NE.mjs                         1.25 kB │ gzip:   0.59 kB
.output/server/_ssr/p-date-picker-8-CB1A8GdW.mjs                     1.25 kB │ gzip:   0.57 kB
.output/server/_ssr/p-select-12-Cb2bLfwy.mjs                         1.25 kB │ gzip:   0.54 kB
.output/server/_ssr/p-switch-4-DMOzQd6k.mjs                          1.26 kB │ gzip:   0.62 kB
.output/server/_ssr/p-number-field-9-6W6dPE11.mjs                    1.26 kB │ gzip:   0.47 kB
.output/server/_ssr/p-calendar-15-D2HgcFB1.mjs                       1.27 kB │ gzip:   0.61 kB
.output/server/_ssr/p-radio-group-7-DiItXueN.mjs                     1.27 kB │ gzip:   0.60 kB
.output/server/_ssr/p-radio-group-9-BMJWEzpJ.mjs                     1.27 kB │ gzip:   0.61 kB
.output/server/_ssr/p-radio-group-8-Dthcaq43.mjs                     1.28 kB │ gzip:   0.60 kB
.output/server/_ssr/p-select-8-ChRNFdv9.mjs                          1.28 kB │ gzip:   0.60 kB
.output/server/_ssr/p-calendar-16-2kN_arz1.mjs                       1.29 kB │ gzip:   0.61 kB
.output/server/_ssr/p-toggle-7-Ca-mN_bc.mjs                          1.29 kB │ gzip:   0.54 kB
.output/server/_ssr/p-calendar-16-QrjuqPYv.mjs                       1.29 kB │ gzip:   0.61 kB
.output/server/_ssr/p-context-menu-4-CTm-RT9d.mjs                    1.29 kB │ gzip:   0.58 kB
.output/server/_ssr/p-context-menu-7-DTLvr4_0.mjs                    1.29 kB │ gzip:   0.54 kB
.output/server/_ssr/p-frame-1-ppVtzsM6.mjs                           1.29 kB │ gzip:   0.52 kB
.output/server/_ssr/p-toggle-group-1-DuNNwTK7.mjs                    1.29 kB │ gzip:   0.53 kB
.output/server/_ssr/p-number-field-5-CcRYyI-8.mjs                    1.30 kB │ gzip:   0.54 kB
.output/server/_ssr/p-button-35-C7L-aS33.mjs                         1.30 kB │ gzip:   0.63 kB
.output/server/_ssr/p-otp-field-10-W-gTxFsx.mjs                      1.30 kB │ gzip:   0.63 kB
.output/server/_ssr/p-toggle-group-6-x_-k69BT.mjs                    1.30 kB │ gzip:   0.54 kB
.output/server/_ssr/p-toggle-group-8-DahH9VfW.mjs                    1.30 kB │ gzip:   0.54 kB
.output/server/_ssr/p-group-16-BYZ1tJb8.mjs                          1.30 kB │ gzip:   0.62 kB
.output/server/_ssr/p-toggle-group-2-BI8Jh-1i.mjs                    1.30 kB │ gzip:   0.54 kB
.output/server/_ssr/p-toggle-group-3-D2mj3GjZ.mjs                    1.30 kB │ gzip:   0.54 kB
.output/server/_ssr/p-combobox-1-CpU75zk3.mjs                        1.30 kB │ gzip:   0.53 kB
.output/server/_ssr/p-context-menu-1-BhL_FwQ0.mjs                    1.30 kB │ gzip:   0.57 kB
.output/server/_ssr/p-toggle-group-7-CfKzfJ6h.mjs                    1.30 kB │ gzip:   0.54 kB
.output/server/_ssr/p-accordion-1-CCDqgeba.mjs                       1.31 kB │ gzip:   0.65 kB
.output/server/_ssr/p-slider-15-BDka8GAJ.mjs                         1.32 kB │ gzip:   0.66 kB
.output/server/_ssr/p-fieldset-1-BLJpx-c5.mjs                        1.33 kB │ gzip:   0.56 kB
.output/server/_ssr/p-tabs-5-BVIwwTBB.mjs                            1.33 kB │ gzip:   0.54 kB
.output/server/_ssr/p-button-36-D62HEV-3.mjs                         1.33 kB │ gzip:   0.63 kB
.output/server/_ssr/p-field-17-C4sXY24P.mjs                          1.34 kB │ gzip:   0.51 kB
.output/server/_ssr/p-tabs-3-DLzxYkXL.mjs                            1.34 kB │ gzip:   0.53 kB
.output/server/_ssr/p-context-menu-8-CPSyzlxA.mjs                    1.34 kB │ gzip:   0.60 kB
.output/server/_ssr/p-frame-1-KkXJTBtB.mjs                           1.34 kB │ gzip:   0.50 kB
.output/server/_ssr/p-group-16-CfKL8Oq9.mjs                          1.34 kB │ gzip:   0.61 kB
.output/server/_ssr/p-otp-field-8-aVjQXNZg.mjs                       1.34 kB │ gzip:   0.66 kB
.output/server/_ssr/p-input-group-15-B6osfFbR.mjs                    1.35 kB │ gzip:   0.63 kB
.output/server/_ssr/p-toast-5-CKmnIysu.mjs                           1.35 kB │ gzip:   0.60 kB
.output/server/_ssr/p-combobox-6-C2YcLvbS.mjs                        1.35 kB │ gzip:   0.54 kB
.output/server/_ssr/p-combobox-7-z_5dvUif.mjs                        1.35 kB │ gzip:   0.54 kB
.output/server/_ssr/p-button-19-Ouz5IpCB.mjs                         1.35 kB │ gzip:   0.63 kB
.output/server/_ssr/p-button-35-BW_PPfy8.mjs                         1.35 kB │ gzip:   0.65 kB
.output/server/_ssr/p-slider-12-Ddtb4RVH.mjs                         1.35 kB │ gzip:   0.62 kB
.output/server/_ssr/p-combobox-3-CRBy4buU.mjs                        1.35 kB │ gzip:   0.54 kB
.output/server/_ssr/p-combobox-4-JWi4bHqL.mjs                        1.35 kB │ gzip:   0.54 kB
.output/server/_ssr/p-toggle-7-rjC4pJjV.mjs                          1.36 kB │ gzip:   0.51 kB
.output/server/_ssr/use-copy-to-clipboard-CQF7LH6s.mjs               1.36 kB │ gzip:   0.61 kB
.output/server/_ssr/p-button-27-KRtSYec6.mjs                         1.36 kB │ gzip:   0.63 kB
.output/server/_ssr/p-drawer-2-BnauxP22.mjs                          1.36 kB │ gzip:   0.56 kB
.output/server/_ssr/p-button-26-B5ELAz1L.mjs                         1.36 kB │ gzip:   0.66 kB
.output/server/_ssr/p-combobox-2-B4MvdymB.mjs                        1.36 kB │ gzip:   0.55 kB
.output/server/_ssr/p-frame-3-ALPZMx_W.mjs                           1.36 kB │ gzip:   0.52 kB
.output/server/_ssr/p-avatar-11-CqFnWGnl.mjs                         1.37 kB │ gzip:   0.62 kB
.output/server/_ssr/p-drawer-1-Cf2A22Ai.mjs                          1.37 kB │ gzip:   0.57 kB
.output/server/_ssr/p-slider-5-DLZfqC4o.mjs                          1.37 kB │ gzip:   0.66 kB
.output/server/_ssr/p-toast-6-DIc5W66V.mjs                           1.37 kB │ gzip:   0.75 kB
.output/server/_ssr/p-toggle-group-1-BUsaTaUx.mjs                    1.37 kB │ gzip:   0.50 kB
.output/server/_ssr/p-select-8-j_LUoOeA.mjs                          1.38 kB │ gzip:   0.64 kB
.output/server/_ssr/p-slider-19-BTrvXkmp.mjs                         1.38 kB │ gzip:   0.64 kB
.output/server/_ssr/p-toggle-group-2-B23sb_7d.mjs                    1.39 kB │ gzip:   0.51 kB
.output/server/_ssr/p-toggle-group-3-X9f8wPRx.mjs                    1.39 kB │ gzip:   0.51 kB
.output/server/_ssr/p-dialog-2-DGCwwm-s.mjs                          1.39 kB │ gzip:   0.56 kB
.output/server/_ssr/p-tabs-2-GqsJohbQ.mjs                            1.39 kB │ gzip:   0.55 kB
.output/server/_ssr/p-toggle-group-6-BboZ1Hf3.mjs                    1.39 kB │ gzip:   0.51 kB
.output/server/_ssr/p-toggle-group-8-CoUMUQZM.mjs                    1.39 kB │ gzip:   0.51 kB
.output/server/_ssr/p-select-16-CeLzRDTd.mjs                         1.39 kB │ gzip:   0.61 kB
.output/server/_ssr/p-group-9-D52lb3Hu.mjs                           1.39 kB │ gzip:   0.58 kB
.output/server/_ssr/p-input-group-24-ZhnuA31X.mjs                    1.39 kB │ gzip:   0.69 kB
.output/server/_ssr/p-menu-7-D3BO9Y1f.mjs                            1.39 kB │ gzip:   0.49 kB
.output/server/_ssr/p-select-16-DIq7wPFj.mjs                         1.40 kB │ gzip:   0.59 kB
.output/server/_ssr/p-group-9-Dt_KLEQq.mjs                           1.40 kB │ gzip:   0.59 kB
.output/server/_ssr/p-toggle-group-4-DgO41iYS.mjs                    1.40 kB │ gzip:   0.56 kB
.output/server/_ssr/p-alert-dialog-1-DLdtn0f3.mjs                    1.40 kB │ gzip:   0.51 kB
.output/server/_ssr/p-select-7-DrZETIx_.mjs                          1.40 kB │ gzip:   0.67 kB
.output/server/_ssr/p-toggle-group-7-DbJD7wJ5.mjs                    1.40 kB │ gzip:   0.52 kB
.output/server/_ssr/p-checkbox-group-3-C_Y3UlT-.mjs                  1.40 kB │ gzip:   0.62 kB
.output/server/_ssr/p-otp-field-10-JW3WSR7S.mjs                      1.41 kB │ gzip:   0.70 kB
.output/server/_ssr/p-alert-dialog-2-CeIub38E.mjs                    1.42 kB │ gzip:   0.52 kB
.output/server/_ssr/p-accordion-1-BiqdLfxI.mjs                       1.42 kB │ gzip:   0.67 kB
.output/server/_ssr/p-autocomplete-2-CQPPpTAD.mjs                    1.42 kB │ gzip:   0.54 kB
.output/server/_ssr/p-avatar-9-DSVKTZkX.mjs                          1.42 kB │ gzip:   0.65 kB
.output/server/_ssr/p-button-36-DxU11K8j.mjs                         1.42 kB │ gzip:   0.63 kB
.output/server/_ssr/p-autocomplete-6-6u5Qbr6S.mjs                    1.43 kB │ gzip:   0.54 kB
.output/server/_ssr/p-autocomplete-7-CryMUXAJ.mjs                    1.43 kB │ gzip:   0.54 kB
.output/server/_ssr/p-context-menu-2-CNPG8--r.mjs                    1.43 kB │ gzip:   0.63 kB
.output/server/_ssr/p-autocomplete-8-C78WEFgF.mjs                    1.43 kB │ gzip:   0.54 kB
.output/server/_ssr/p-field-11-vIRpk-hC.mjs                          1.43 kB │ gzip:   0.58 kB
.output/server/_ssr/p-accordion-2-BzH3jcLz.mjs                       1.43 kB │ gzip:   0.59 kB
.output/server/_ssr/p-autocomplete-3-BfRT5uAP.mjs                    1.43 kB │ gzip:   0.54 kB
.output/server/_ssr/p-autocomplete-4-DaofiIAe.mjs                    1.43 kB │ gzip:   0.54 kB
.output/server/_ssr/p-field-5-DWZ2qKgj.mjs                           1.43 kB │ gzip:   0.63 kB
.output/server/_ssr/p-otp-field-9-Il59CaR0.mjs                       1.43 kB │ gzip:   0.68 kB
.output/server/_ssr/p-input-group-21-DCw62B9D.mjs                    1.44 kB │ gzip:   0.62 kB
.output/server/_ssr/p-accordion-3-D8V4ocMY.mjs                       1.44 kB │ gzip:   0.59 kB
.output/server/_ssr/p-context-menu-7-QwfEzi0L.mjs                    1.45 kB │ gzip:   0.61 kB
.output/server/_ssr/p-group-22-DDQil70i.mjs                          1.45 kB │ gzip:   0.57 kB
.output/server/_ssr/p-autocomplete-9-D97ra2Mj.mjs                    1.45 kB │ gzip:   0.55 kB
.output/server/_ssr/p-otp-field-8-Cptwmx9f.mjs                       1.46 kB │ gzip:   0.74 kB
.output/server/_ssr/p-breadcrumb-3-BiLk_DSL.mjs                      1.46 kB │ gzip:   0.54 kB
.output/server/_ssr/p-field-6-BLTpNnkl.mjs                           1.46 kB │ gzip:   0.67 kB
.output/server/_ssr/p-input-group-22-BVrses9X.mjs                    1.46 kB │ gzip:   0.70 kB
.output/server/_ssr/p-checkbox-group-3-HY-qqWP7.mjs                  1.47 kB │ gzip:   0.62 kB
.output/server/_ssr/p-drawer-3-BJHKPN3k.mjs                          1.47 kB │ gzip:   0.68 kB
.output/server/_ssr/p-frame-3-CLbiGVaa.mjs                           1.47 kB │ gzip:   0.49 kB
.output/server/_ssr/p-combobox-1-CjYQ1ge4.mjs                        1.48 kB │ gzip:   0.59 kB
.output/server/_ssr/p-autocomplete-1-DMtzSmru.mjs                    1.48 kB │ gzip:   0.55 kB
.output/server/_ssr/p-button-23-CK5AXJ77.mjs                         1.48 kB │ gzip:   0.68 kB
.output/server/_ssr/p-drawer-2-CgTKi4vm.mjs                          1.49 kB │ gzip:   0.57 kB
.output/server/_ssr/p-select-7-Om6X3S9W.mjs                          1.49 kB │ gzip:   0.68 kB
.output/server/_ssr/p-slider-12-LpS5ko3d.mjs                         1.49 kB │ gzip:   0.63 kB
.output/server/_ssr/p-slider-15-Bo9HvC9U.mjs                         1.49 kB │ gzip:   0.70 kB
.output/server/_ssr/p-group-19-Bpd6oV9h.mjs                          1.49 kB │ gzip:   0.62 kB
.output/server/_libs/escape-html.mjs                                 1.49 kB │ gzip:   0.70 kB
.output/server/_ssr/p-combobox-3-CBdcIOAb.mjs                        1.50 kB │ gzip:   0.59 kB
.output/server/_ssr/p-combobox-4-oAhDpZ6P.mjs                        1.50 kB │ gzip:   0.59 kB
.output/server/_ssr/p-combobox-7-DcmNXqIW.mjs                        1.50 kB │ gzip:   0.60 kB
.output/server/_ssr/p-toggle-group-9-CdCcwYbY.mjs                    1.50 kB │ gzip:   0.65 kB
.output/server/_ssr/p-input-group-3-DFNzm13P.mjs                     1.50 kB │ gzip:   0.70 kB
.output/server/_ssr/p-combobox-6-gWPeIghH.mjs                        1.50 kB │ gzip:   0.60 kB
.output/server/_ssr/p-slider-19-D-zJDrkE.mjs                         1.51 kB │ gzip:   0.66 kB
.output/server/_ssr/p-scroll-area-2-5M_3c7VS.mjs                     1.51 kB │ gzip:   0.65 kB
.output/server/_ssr/p-toggle-group-5-6G1gy_W8.mjs                    1.51 kB │ gzip:   0.59 kB
.output/server/_ssr/p-breadcrumb-6-s7fFom9c.mjs                      1.51 kB │ gzip:   0.55 kB
.output/server/_ssr/p-field-6-DPDP0FzY.mjs                           1.51 kB │ gzip:   0.67 kB
.output/server/_ssr/skeleton-CouK-S5a.mjs                            1.51 kB │ gzip:   0.67 kB
.output/server/_ssr/p-breadcrumb-2-B0ORhemd.mjs                      1.51 kB │ gzip:   0.45 kB
.output/server/_ssr/p-checkbox-5-De9T3qjW.mjs                        1.51 kB │ gzip:   0.70 kB
.output/server/_ssr/p-drawer-1-Cue1nMlN.mjs                          1.52 kB │ gzip:   0.58 kB
.output/server/_ssr/p-slider-11-DF92tmHP.mjs                         1.52 kB │ gzip:   0.64 kB
.output/server/_ssr/p-collapsible-1-DPXnY8Rq.mjs                     1.52 kB │ gzip:   0.61 kB
.output/server/_ssr/p-combobox-15-CjNVCsJJ.mjs                       1.52 kB │ gzip:   0.61 kB
.output/server/_ssr/p-date-picker-1-DwmpvTC9.mjs                     1.52 kB │ gzip:   0.69 kB
.output/server/_ssr/p-scroll-area-5-DOBmW3O0.mjs                     1.52 kB │ gzip:   0.66 kB
.output/server/_ssr/kbd-Dj9PlmWb.mjs                                 1.52 kB │ gzip:   0.60 kB
.output/server/_ssr/p-combobox-2-CgueZx6J.mjs                        1.52 kB │ gzip:   0.61 kB
.output/server/_ssr/p-scroll-area-4-DGbO-tVg.mjs                     1.53 kB │ gzip:   0.64 kB
.output/server/_ssr/p-switch-5-Dq4fHBUU.mjs                          1.54 kB │ gzip:   0.69 kB
.output/server/_ssr/p-pagination-2-BWThNkDK.mjs                      1.55 kB │ gzip:   0.58 kB
.output/server/_ssr/p-scroll-area-3-ATa6qjIB.mjs                     1.55 kB │ gzip:   0.85 kB
.output/server/_ssr/p-checkbox-5-De-vgYuY.mjs                        1.55 kB │ gzip:   0.73 kB
.output/server/_ssr/p-radio-group-3-DHtPRJlb.mjs                     1.55 kB │ gzip:   0.59 kB
.output/server/_ssr/p-group-18-d9O4oH_8.mjs                          1.56 kB │ gzip:   0.63 kB
.output/server/_ssr/p-avatar-3-BGlCbtSZ.mjs                          1.56 kB │ gzip:   0.54 kB
.output/server/_ssr/collapsible-D9RJ4ZfY.mjs                         1.56 kB │ gzip:   0.56 kB
.output/server/_ssr/p-menu-6-BUSgL9Kw.mjs                            1.56 kB │ gzip:   0.52 kB
.output/server/_ssr/p-tabs-4-D5k3mhf-.mjs                            1.57 kB │ gzip:   0.61 kB
.output/server/_ssr/p-form-1-BFBvGyh9.mjs                            1.57 kB │ gzip:   0.73 kB
.output/server/_ssr/p-toggle-group-4-Bnx0jnxQ.mjs                    1.57 kB │ gzip:   0.53 kB
.output/server/_ssr/p-scroll-area-1-BfbnfTRZ.mjs                     1.57 kB │ gzip:   0.65 kB
.output/server/_ssr/p-avatar-3-CVAaxvJR.mjs                          1.57 kB │ gzip:   0.54 kB
.output/server/_ssr/p-avatar-5-ryrUJaRu.mjs                          1.57 kB │ gzip:   0.53 kB
.output/server/_ssr/p-field-13--xdk7eVh.mjs                          1.58 kB │ gzip:   0.58 kB
.output/server/_ssr/p-input-group-22-D4AFCWqt.mjs                    1.58 kB │ gzip:   0.72 kB
.output/server/_libs/css-box-shadow.mjs                              1.58 kB │ gzip:   0.74 kB
.output/server/_ssr/p-field-8-9A81yxPq.mjs                           1.58 kB │ gzip:   0.60 kB
.output/server/_ssr/p-avatar-4-BDb24HoO.mjs                          1.58 kB │ gzip:   0.50 kB
.output/server/_ssr/p-autocomplete-3-saOOgxSM.mjs                    1.58 kB │ gzip:   0.61 kB
.output/server/_ssr/p-autocomplete-4-DJ5Rb_Mx.mjs                    1.58 kB │ gzip:   0.61 kB
.output/server/_ssr/stylex-iPsyV7MR.mjs                              1.58 kB │ gzip:   0.57 kB
.output/server/_ssr/p-autocomplete-6-DKsFxhvN.mjs                    1.59 kB │ gzip:   0.61 kB
.output/server/_ssr/p-fieldset-1-hacuMqwW.mjs                        1.59 kB │ gzip:   0.59 kB
.output/server/_ssr/p-input-group-21-fIvGG7cX.mjs                    1.59 kB │ gzip:   0.66 kB
.output/server/_ssr/p-autocomplete-2-C5vRp4dC.mjs                    1.59 kB │ gzip:   0.61 kB
.output/server/_ssr/p-autocomplete-8-f_H1-Ypd.mjs                    1.59 kB │ gzip:   0.61 kB
.output/server/_ssr/p-autocomplete-7-CJyzBLl4.mjs                    1.59 kB │ gzip:   0.62 kB
.output/server/_ssr/p-switch-5-Bwt8blJy.mjs                          1.59 kB │ gzip:   0.73 kB
.output/server/_ssr/p-input-12-CPQMKvSg.mjs                          1.60 kB │ gzip:   0.68 kB
.output/server/_ssr/p-drawer-3-CLD8d06y.mjs                          1.60 kB │ gzip:   0.69 kB
.output/server/_ssr/p-kbd-1-6Pc1czjY.mjs                             1.60 kB │ gzip:   0.57 kB
.output/server/_ssr/p-number-field-9-zNGx8V_X.mjs                    1.60 kB │ gzip:   0.48 kB
.output/server/_ssr/p-combobox-15-CScXbI3m.mjs                       1.60 kB │ gzip:   0.63 kB
.output/server/_ssr/p-input-group-7-D-Oav9KO.mjs                     1.61 kB │ gzip:   0.67 kB
.output/server/_ssr/p-field-14-BPkEVOCT.mjs                          1.61 kB │ gzip:   0.62 kB
.output/server/_libs/camelize.mjs                                    1.61 kB │ gzip:   0.67 kB
.output/server/_ssr/p-autocomplete-9-C_gcMbob.mjs                    1.61 kB │ gzip:   0.62 kB
.output/server/_libs/hex-rgb.mjs                                     1.61 kB │ gzip:   0.73 kB
.output/server/_ssr/p-autocomplete-15-CmtSdetr.mjs                   1.61 kB │ gzip:   0.62 kB
.output/server/_ssr/p-tabs-11-5Odr1Ew0.mjs                           1.61 kB │ gzip:   0.72 kB
.output/server/_ssr/p-drawer-6-DXoIxJQj.mjs                          1.62 kB │ gzip:   0.69 kB
.output/server/_ssr/p-input-group-5-BYYXsJsb.mjs                     1.62 kB │ gzip:   0.72 kB
.output/server/_ssr/p-input-16-CL6VlwG6.mjs                          1.62 kB │ gzip:   0.70 kB
.output/server/_ssr/p-accordion-2-DIb6N03I.mjs                       1.62 kB │ gzip:   0.60 kB
.output/server/_ssr/p-avatar-13-CWb7k9yg.mjs                         1.62 kB │ gzip:   0.55 kB
.output/server/_ssr/p-avatar-4-Bt2gaB2H.mjs                          1.62 kB │ gzip:   0.54 kB
.output/server/_ssr/p-badge-19-CDaKQ54Q.mjs                          1.63 kB │ gzip:   0.76 kB
.output/server/_ssr/p-avatar-14-DgBuKOmc.mjs                         1.63 kB │ gzip:   0.55 kB
.output/server/_ssr/p-textarea-6-BmuCv5c2.mjs                        1.63 kB │ gzip:   0.74 kB
.output/server/_ssr/p-tabs-1-DoK9Zj2k.mjs                            1.63 kB │ gzip:   0.47 kB
.output/server/_ssr/p-toggle-group-9-BWHQF9hn.mjs                    1.64 kB │ gzip:   0.69 kB
.output/server/_ssr/p-accordion-3-tbOvj7wT.mjs                       1.64 kB │ gzip:   0.61 kB
.output/server/_ssr/p-navigation-2-Czck6A-t.mjs                      1.64 kB │ gzip:   0.61 kB
.output/server/_ssr/p-field-7-jtuktlVy.mjs                           1.64 kB │ gzip:   0.60 kB
.output/server/_ssr/p-navigation-3-KBa2qunU.mjs                      1.65 kB │ gzip:   0.61 kB
.output/server/_ssr/p-context-menu-3-DFuetST1.mjs                    1.65 kB │ gzip:   0.55 kB
.output/server/_ssr/p-toggle-group-5-Dff5pcQu.mjs                    1.65 kB │ gzip:   0.56 kB
.output/server/_ssr/avatar-BWUWJzoB.mjs                              1.65 kB │ gzip:   0.67 kB
.output/server/_ssr/p-context-menu-5-COTix3Hv.mjs                    1.66 kB │ gzip:   0.56 kB
.output/server/_ssr/p-context-menu-5-DrPx4WO1.mjs                    1.66 kB │ gzip:   0.63 kB
.output/server/_ssr/p-select-6-B751b6wr.mjs                          1.66 kB │ gzip:   0.57 kB
.output/server/_ssr/p-context-menu-3-sYH8XC8w.mjs                    1.66 kB │ gzip:   0.62 kB
.output/server/_ssr/p-breadcrumb-3-BC1WBG44.mjs                      1.67 kB │ gzip:   0.51 kB
.output/server/_ssr/p-tabs-14-FGDSSxqm.mjs                           1.67 kB │ gzip:   0.48 kB
.output/server/_ssr/p-tabs-15-DMgJdBxY.mjs                           1.67 kB │ gzip:   0.49 kB
.output/server/_ssr/p-date-picker-6-D4FqWkXU.mjs                     1.67 kB │ gzip:   0.74 kB
.output/server/_ssr/radio-group-DH_K1Sif.mjs                         1.67 kB │ gzip:   0.84 kB
.output/server/_ssr/p-empty-1-D9F-Lm0n.mjs                           1.67 kB │ gzip:   0.65 kB
.output/server/_ssr/p-combobox-13-BavhMBWb.mjs                       1.68 kB │ gzip:   0.68 kB
.output/server/_ssr/p-autocomplete-1-D-lD6WU0.mjs                    1.68 kB │ gzip:   0.61 kB
.output/server/_ssr/p-radio-group-3-DP651x_P.mjs                     1.68 kB │ gzip:   0.55 kB
.output/server/_ssr/p-date-picker-1-DhsCvtWD.mjs                     1.68 kB │ gzip:   0.73 kB
.output/server/_ssr/p-tabs-3-C1aBZGve.mjs                            1.68 kB │ gzip:   0.50 kB
.output/server/_ssr/p-button-19-DxNkvjLw.mjs                         1.68 kB │ gzip:   0.73 kB
.output/server/_ssr/p-slider-16-DtyLxSCU.mjs                         1.68 kB │ gzip:   0.74 kB
.output/server/_ssr/p-autocomplete-15-CQWExDsa.mjs                   1.69 kB │ gzip:   0.64 kB
.output/server/_ssr/p-tabs-5-DDXJ_6_M.mjs                            1.69 kB │ gzip:   0.49 kB
.output/server/_ssr/p-pagination-1-DTC8iZ5a.mjs                      1.69 kB │ gzip:   0.46 kB
.output/server/_ssr/p-group-22-BG-icIxk.mjs                          1.70 kB │ gzip:   0.60 kB
.output/server/_ssr/p-input-group-7-BXTr4ndK.mjs                     1.70 kB │ gzip:   0.70 kB
.output/server/_ssr/p-textarea-6-CFOQD22g.mjs                        1.70 kB │ gzip:   0.78 kB
.output/server/_ssr/p-drawer-6-QY1LqqsB.mjs                          1.70 kB │ gzip:   0.66 kB
.output/server/_ssr/p-form-1-CHM093sy.mjs                            1.70 kB │ gzip:   0.79 kB
.output/server/_ssr/p-breadcrumb-6-BNbbTcKh.mjs                      1.70 kB │ gzip:   0.52 kB
.output/server/_ssr/p-button-38-C1ucA8zj.mjs                         1.70 kB │ gzip:   0.61 kB
.output/server/_ssr/p-frame-4--9dsxAD1.mjs                           1.70 kB │ gzip:   0.59 kB
.output/server/_ssr/p-checkbox-4-z4Ub18lm.mjs                        1.72 kB │ gzip:   0.70 kB
.output/server/_ssr/p-group-19-rG393GPt.mjs                          1.72 kB │ gzip:   0.71 kB
.output/server/_ssr/p-toast-2-Cm1YD4DA.mjs                           1.72 kB │ gzip:   0.65 kB
.output/server/_ssr/schema-CzW14q9c.mjs                              1.72 kB │ gzip:   0.54 kB
.output/server/_ssr/p-empty-1-d9KhDxkD.mjs                           1.72 kB │ gzip:   0.69 kB
.output/server/_ssr/p-navigation-1-DNgu5HQM.mjs                      1.73 kB │ gzip:   0.64 kB
.output/server/_ssr/p-field-13-myySywxB.mjs                          1.73 kB │ gzip:   0.58 kB
.output/server/_ssr/p-separator-1-BdfYZ92h.mjs                       1.73 kB │ gzip:   0.57 kB
.output/server/_ssr/p-button-21-q2JmJ4hU.mjs                         1.74 kB │ gzip:   0.80 kB
.output/server/_ssr/p-button-38-BSTsL1kC.mjs                         1.74 kB │ gzip:   0.54 kB
.output/server/_ssr/p-button-37-CQ2goVVN.mjs                         1.74 kB │ gzip:   0.79 kB
.output/server/_ssr/p-date-picker-6-BpH0pg60.mjs                     1.76 kB │ gzip:   0.76 kB
.output/server/_ssr/p-autocomplete-14-Biwrsn6A.mjs                   1.77 kB │ gzip:   0.69 kB
.output/server/_ssr/p-group-18-CSmOwZlD.mjs                          1.78 kB │ gzip:   0.73 kB
.output/server/_ssr/p-separator-1-CVVQ-uqV.mjs                       1.78 kB │ gzip:   0.63 kB
.output/server/_ssr/p-alert-dialog-1-BBo22Jd5.mjs                    1.78 kB │ gzip:   0.61 kB
.output/server/_ssr/p-input-group-18-DM1lAXjq.mjs                    1.79 kB │ gzip:   0.76 kB
.output/server/_ssr/p-button-26-BZQNjJMo.mjs                         1.79 kB │ gzip:   0.81 kB
.output/server/_ssr/p-input-11-CHLdqr3-.mjs                          1.79 kB │ gzip:   0.76 kB
.output/server/_ssr/p-select-18--p7Dmkn6.mjs                         1.80 kB │ gzip:   0.69 kB
.output/server/_ssr/p-combobox-13-B772LWTo.mjs                       1.80 kB │ gzip:   0.73 kB
.output/server/_ssr/p-radio-group-4-BPxvz7Ss.mjs                     1.80 kB │ gzip:   0.58 kB
.output/server/_ssr/p-tabs-2-B5i5PvWz.mjs                            1.80 kB │ gzip:   0.52 kB
.output/server/_ssr/p-date-picker-2-DLHzBzd_.mjs                     1.80 kB │ gzip:   0.76 kB
.output/server/_ssr/p-button-24-Cjqtkhds.mjs                         1.81 kB │ gzip:   0.63 kB
.output/server/_ssr/p-alert-dialog-2-rrIdg44V.mjs                    1.81 kB │ gzip:   0.63 kB
.output/server/_ssr/p-input-group-12-CxtsS8x9.mjs                    1.81 kB │ gzip:   0.75 kB
.output/server/_ssr/p-frame-4-CZbhr3NU.mjs                           1.82 kB │ gzip:   0.57 kB
.output/server/_ssr/p-combobox-5-kd2yg1p4.mjs                        1.82 kB │ gzip:   0.72 kB
.output/server/_ssr/p-date-picker-9-B-2eBXXi.mjs                     1.82 kB │ gzip:   0.77 kB
.output/server/_ssr/p-field-14-WHarq5mE.mjs                          1.83 kB │ gzip:   0.61 kB
.output/server/_ssr/p-field-8-Z196C5bu.mjs                           1.83 kB │ gzip:   0.67 kB
.output/server/_ssr/p-breadcrumb-5-CdI9eBZN.mjs                      1.85 kB │ gzip:   0.60 kB
.output/server/_ssr/p-popover-1-DR4hqrkA.mjs                         1.85 kB │ gzip:   0.72 kB
.output/server/_ssr/p-pagination-2-DgeahKjp.mjs                      1.85 kB │ gzip:   0.65 kB
.output/server/_ssr/p-otp-field-7-DzP86lmq.mjs                       1.86 kB │ gzip:   0.82 kB
.output/server/_ssr/p-skeleton-2-DjtVpbwj.mjs                        1.86 kB │ gzip:   0.55 kB
.output/server/_ssr/p-tabs-4-BLmzvooR.mjs                            1.86 kB │ gzip:   0.55 kB
.output/server/_ssr/p-toast-2-DjvdIPHB.mjs                           1.86 kB │ gzip:   0.63 kB
.output/server/_ssr/p-button-24-UiihAa3G.mjs                         1.87 kB │ gzip:   0.56 kB
.output/server/_ssr/p-popover-2-Dg_MaDN8.mjs                         1.87 kB │ gzip:   0.71 kB
.output/server/_ssr/p-breadcrumb-5-Yt-JvLvN.mjs                      1.88 kB │ gzip:   0.55 kB
.output/server/_ssr/p-toast-13-_igAze7N.mjs                          1.88 kB │ gzip:   0.86 kB
.output/server/_ssr/p-calendar-5-4LUyliOs.mjs                        1.88 kB │ gzip:   0.80 kB
.output/server/_ssr/p-autocomplete-14-D0sMC0T2.mjs                   1.88 kB │ gzip:   0.73 kB
.output/server/_ssr/p-field-5-BVGWSyfj.mjs                           1.89 kB │ gzip:   0.80 kB
.output/server/_ssr/p-scroll-area-3-CF9cdyYt.mjs                     1.89 kB │ gzip:   0.92 kB
.output/server/_example-BmSLrOAR.mjs                                 1.90 kB │ gzip:   0.86 kB
.output/server/_ssr/p-autocomplete-5-iTImWNiW.mjs                    1.90 kB │ gzip:   0.73 kB
.output/server/_ssr/p-input-group-18-BdPOLtqU.mjs                    1.90 kB │ gzip:   0.76 kB
.output/server/_ssr/p-input-8-o1pB2M9b.mjs                           1.90 kB │ gzip:   0.81 kB
.output/server/_ssr/p-combobox-9-DIKVvqax.mjs                        1.90 kB │ gzip:   0.67 kB
.output/server/_ssr/p-slider-11-Dx1ZpaVd.mjs                         1.91 kB │ gzip:   0.74 kB
.output/server/_ssr/checkbox-D8hXfSgX.mjs                            1.91 kB │ gzip:   0.99 kB
.output/server/_ssr/p-input-group-19-CmWtPDXP.mjs                    1.92 kB │ gzip:   0.73 kB
.output/server/_ssr/p-field-7-BsvvGsXG.mjs                           1.92 kB │ gzip:   0.69 kB
.output/server/_ssr/p-popover-1-DnGDMnDr.mjs                         1.92 kB │ gzip:   0.72 kB
.output/server/_runtime.mjs                                          1.92 kB │ gzip:   0.87 kB
.output/server/_ssr/p-button-39-Cweuqrdu.mjs                         1.93 kB │ gzip:   0.80 kB
.output/server/_ssr/p-combobox-5-D-tfEwZ1.mjs                        1.94 kB │ gzip:   0.73 kB
.output/server/_ssr/p-breadcrumb-7-CAhLoNr_.mjs                      1.94 kB │ gzip:   0.75 kB
.output/server/_ssr/p-toast-12-B53mrHS-.mjs                          1.94 kB │ gzip:   0.84 kB
.output/server/_ssr/p-toast-8-BwFXAdCi.mjs                           1.95 kB │ gzip:   0.90 kB
.output/server/_ssr/p-otp-field-7-CKYw0HXa.mjs                       1.96 kB │ gzip:   0.83 kB
.output/server/_ssr/p-select-6-C4DxFhn-.mjs                          1.96 kB │ gzip:   0.65 kB
.output/server/_ssr/p-sheet-2-CX8F8_m0.mjs                           1.96 kB │ gzip:   0.73 kB
.output/server/_ssr/p-tabs-6-Dj5Ye1ay.mjs                            1.96 kB │ gzip:   0.70 kB
.output/server/_ssr/p-drawer-9-jHEmv-s7.mjs                          1.97 kB │ gzip:   0.83 kB
.output/server/_ssr/p-toast-13-CMRgphDK.mjs                          1.97 kB │ gzip:   0.86 kB
.output/server/_ssr/p-tabs-10-Bgz-uHMK.mjs                           1.97 kB │ gzip:   0.64 kB
.output/server/_ssr/p-breadcrumb-7-DSRtnxnk.mjs                      1.98 kB │ gzip:   0.70 kB
.output/server/_ssr/p-switch-4-iZmGVEXl.mjs                          1.98 kB │ gzip:   0.80 kB
.output/server/_ssr/p-toast-12-B2SkQ2qz.mjs                          2.00 kB │ gzip:   0.85 kB
.output/server/_ssr/p-select-13-ByxY64rP.mjs                         2.00 kB │ gzip:   0.88 kB
.output/server/_ssr/p-date-picker-2-BYQgwt7l.mjs                     2.00 kB │ gzip:   0.81 kB
.output/server/_ssr/p-frame-2-CStRbHVZ.mjs                           2.01 kB │ gzip:   0.76 kB
.output/server/_ssr/p-tooltip-2-BgU4Oo_F.mjs                         2.02 kB │ gzip:   0.65 kB
.output/server/_ssr/p-autocomplete-5-CC0yGKHD.mjs                    2.02 kB │ gzip:   0.75 kB
.output/server/_ssr/p-date-picker-9-zxB4gv9z.mjs                     2.03 kB │ gzip:   0.83 kB
.output/server/_ssr/p-sheet-1-ncq2impQ.mjs                           2.03 kB │ gzip:   0.78 kB
.output/server/_ssr/p-combobox-9-TXZFfXbS.mjs                        2.03 kB │ gzip:   0.71 kB
.output/server/_ssr/p-tabs-11-GaoxQdj_.mjs                           2.04 kB │ gzip:   0.86 kB
.output/server/_ssr/p-select-9-C3DOBVxs.mjs                          2.05 kB │ gzip:   0.73 kB
.output/server/_ssr/p-drawer-9-lNR_Gj8s.mjs                          2.06 kB │ gzip:   0.89 kB
.output/server/_ssr/p-combobox-16-Bc0rLBlC.mjs                       2.06 kB │ gzip:   0.90 kB
.output/server/_ssr/p-toast-7-DnC__T7Y.mjs                           2.06 kB │ gzip:   0.86 kB
.output/server/_ssr/p-tabs-8-DCGaOfyA.mjs                            2.07 kB │ gzip:   0.72 kB
.output/server/_ssr/p-slider-13-DtsXGqpD.mjs                         2.07 kB │ gzip:   0.77 kB
.output/server/_ssr/p-slider-16-CJk3SuIc.mjs                         2.07 kB │ gzip:   0.85 kB
.output/server/_ssr/p-select-18-V95l3RP9.mjs                         2.08 kB │ gzip:   0.79 kB
.output/server/_ssr/p-slider-5--UB0JkGG.mjs                          2.08 kB │ gzip:   0.82 kB
.output/server/_ssr/avatar-DtUefRya.mjs                              2.08 kB │ gzip:   0.69 kB
.output/server/_ssr/p-input-group-12-BQX-IsiN.mjs                    2.09 kB │ gzip:   0.83 kB
.output/server/_ssr/use-media-query-BAXp3VNY.mjs                     2.09 kB │ gzip:   0.86 kB
.output/server/_ssr/highlighted-code-CAjbn0e_.mjs                    2.09 kB │ gzip:   0.82 kB
.output/server/_ssr/p-combobox-16-CjfmttNb.mjs                       2.09 kB │ gzip:   0.91 kB
.output/server/_ssr/p-card-2-Dz9liuve.mjs                            2.10 kB │ gzip:   0.78 kB
.output/server/_ssr/p-popover-2-BF0QaTAG.mjs                         2.11 kB │ gzip:   0.79 kB
.output/server/_ssr/toggle-_cUdSgRI.mjs                              2.11 kB │ gzip:   1.09 kB
.output/server/_ssr/p-calendar-14-DDn8XjEk.mjs                       2.12 kB │ gzip:   0.87 kB
.output/server/_ssr/p-date-picker-7-Ce9P8_qu.mjs                     2.12 kB │ gzip:   0.84 kB
.output/server/_ssr/p-input-group-8-CgEcjrgz.mjs                     2.12 kB │ gzip:   0.83 kB
.output/server/_ssr/p-toast-8-CJVeNcOD.mjs                           2.12 kB │ gzip:   0.92 kB
.output/server/_ssr/textarea-CdwakZ6p.mjs                            2.12 kB │ gzip:   1.03 kB
.output/server/_ssr/p-dialog-2-M1PZAzal.mjs                          2.12 kB │ gzip:   0.73 kB
.output/server/_ssr/p-select-10-9UWbpOqC.mjs                         2.12 kB │ gzip:   0.69 kB
.output/server/_ssr/p-card-11-hu2Z-6zy.mjs                           2.13 kB │ gzip:   0.75 kB
.output/server/_ssr/p-card-11-BvYxcP7K.mjs                           2.13 kB │ gzip:   0.72 kB
.output/server/_ssr/p-calendar-5-BRkx9peE.mjs                        2.14 kB │ gzip:   0.89 kB
.output/server/_ssr/p-toggle-8-BAKte6iR.mjs                          2.16 kB │ gzip:   0.86 kB
.output/server/_ssr/p-slider-23-DGscYEyx.mjs                         2.16 kB │ gzip:   0.89 kB
.output/server/_ssr/p-collapsible-1-B-sC6QuQ.mjs                     2.17 kB │ gzip:   0.83 kB
.output/server/_ssr/p-input-9-BHFdSr6X.mjs                           2.18 kB │ gzip:   0.88 kB
.output/server/_ssr/p-field-9-Ctj5HUbW.mjs                           2.18 kB │ gzip:   0.75 kB
.output/server/_ssr/p-dialog-6-DAQst9Ju.mjs                          2.19 kB │ gzip:   0.80 kB
.output/server/_ssr/p-input-group-8-B_KQZQTC.mjs                     2.19 kB │ gzip:   0.86 kB
.output/server/_ssr/p-card-2-Bz3undyh.mjs                            2.19 kB │ gzip:   0.74 kB
.output/server/_ssr/p-slider-14-CptqmHqE.mjs                         2.21 kB │ gzip:   0.84 kB
.output/server/_ssr/p-input-group-29-BWSYj52b.mjs                    2.21 kB │ gzip:   0.75 kB
.output/server/_libs/ufo.mjs                                         2.21 kB │ gzip:   0.72 kB
.output/server/_ssr/p-navigation-2-Dv2uHDvH.mjs                      2.21 kB │ gzip:   0.86 kB
.output/server/_ssr/p-navigation-3-BSbOz6S_.mjs                      2.21 kB │ gzip:   0.86 kB
.output/server/_ssr/p-group-2-CQaUTk10.mjs                           2.22 kB │ gzip:   0.87 kB
.output/server/_ssr/p-kbd-1-D05OSaZ6.mjs                             2.22 kB │ gzip:   0.53 kB
.output/server/_ssr/p-tabs-7-BkmbbpDj.mjs                            2.23 kB │ gzip:   0.75 kB
.output/server/_ssr/p-avatar-12-FrK9cBnS.mjs                         2.23 kB │ gzip:   0.93 kB
.output/server/_ssr/p-combobox-14-Br6CTMkm.mjs                       2.24 kB │ gzip:   0.81 kB
.output/server/_ssr/p-select-13-DJfvUmpE.mjs                         2.24 kB │ gzip:   0.98 kB
.output/server/_ssr/p-group-11-D-YGRZP0.mjs                          2.26 kB │ gzip:   0.86 kB
.output/server/_ssr/p-toast-7-CZtGFbiD.mjs                           2.26 kB │ gzip:   0.88 kB
.output/server/_ssr/p-dialog-1-y5B5KOe3.mjs                          2.26 kB │ gzip:   0.86 kB
.output/server/_ssr/meter-BZ-eUiex.mjs                               2.26 kB │ gzip:   0.76 kB
.output/server/_ssr/p-tabs-6-BIcHQRkM.mjs                            2.26 kB │ gzip:   0.62 kB
.output/server/_ssr/p-combobox-18-02NHiTdB.mjs                       2.26 kB │ gzip:   0.83 kB
.output/server/_ssr/p-navigation-1-BxK6gpfp.mjs                      2.26 kB │ gzip:   0.87 kB
.output/server/_ssr/p-tabs-10-CgEgjnfc.mjs                           2.26 kB │ gzip:   0.58 kB
.output/server/_ssr/p-select-9-D78GsFzQ.mjs                          2.27 kB │ gzip:   0.82 kB
.output/server/_ssr/p-group-2-v9lGc1-4.mjs                           2.27 kB │ gzip:   0.89 kB
.output/server/_ssr/field-0OFF61VZ.mjs                               2.27 kB │ gzip:   0.76 kB
.output/server/_ssr/p-button-22-CQdZ4XPu.mjs                         2.27 kB │ gzip:   0.65 kB
.output/server/_ssr/p-toggle-8-CDlL19a-.mjs                          2.27 kB │ gzip:   0.88 kB
.output/server/_ssr/p-avatar-5-NGIEBC1T.mjs                          2.28 kB │ gzip:   0.67 kB
.output/server/_ssr/p-date-picker-7-D3XrUNnR.mjs                     2.28 kB │ gzip:   0.90 kB
.output/server/_ssr/p-tooltip-2-Cmh3llHi.mjs                         2.29 kB │ gzip:   0.62 kB
.output/server/_ssr/p-breadcrumb-1-DM277Aof.mjs                      2.29 kB │ gzip:   0.72 kB
.output/server/_ssr/p-slider-13-PFrytNZf.mjs                         2.30 kB │ gzip:   0.85 kB
.output/server/_ssr/p-context-menu-6-BFosx4iL.mjs                    2.31 kB │ gzip:   0.73 kB
.output/server/_ssr/p-select-11-DgQNetZD.mjs                         2.33 kB │ gzip:   0.96 kB
.output/server/_ssr/p-slider-23-CrN9texG.mjs                         2.33 kB │ gzip:   0.93 kB
.output/server/_ssr/p-tabs-8-Blq39Fqa.mjs                            2.33 kB │ gzip:   0.63 kB
.output/server/_ssr/p-input-group-28-DyykkCpE.mjs                    2.33 kB │ gzip:   0.76 kB
.output/server/_ssr/p-calendar-6-Dy9HVfcN.mjs                        2.34 kB │ gzip:   0.94 kB
.output/server/_ssr/progress-CzTBoyqn.mjs                            2.34 kB │ gzip:   0.77 kB
.output/server/_ssr/p-badge-19-BQdkXoCY.mjs                          2.35 kB │ gzip:   0.93 kB
.output/server/_ssr/p-context-menu-6-Cdn940PK.mjs                    2.35 kB │ gzip:   0.81 kB
.output/server/_ssr/tooltip-BItzAnso.mjs                             2.35 kB │ gzip:   1.09 kB
.output/server/_ssr/p-sheet-1-DDBBC96S.mjs                           2.36 kB │ gzip:   0.84 kB
.output/server/_ssr/p-combobox-14-CThmIvp8.mjs                       2.36 kB │ gzip:   0.86 kB
.output/server/_ssr/p-calendar-13-C_UncHDO.mjs                       2.36 kB │ gzip:   0.95 kB
.output/server/_ssr/p-calendar-18-CqqqhTa9.mjs                       2.36 kB │ gzip:   0.98 kB
.output/server/_ssr/p-slider-14-BFf2C3n4.mjs                         2.37 kB │ gzip:   0.90 kB
.output/server/_ssr/p-badge-20-B32cUUp7.mjs                          2.38 kB │ gzip:   0.95 kB
.output/server/_ssr/styles-ChEIAaS3.mjs                              2.38 kB │ gzip:   0.90 kB
.output/server/_ssr/p-group-12-Deuz7SwK.mjs                          2.38 kB │ gzip:   0.84 kB
.output/server/_ssr/p-field-9-CfA-MXnZ.mjs                           2.40 kB │ gzip:   0.81 kB
.output/server/_ssr/p-radio-group-7-D6JuxtqO.mjs                     2.40 kB │ gzip:   0.91 kB
.output/server/_ssr/p-radio-group-9-CxOEL-nT.mjs                     2.40 kB │ gzip:   0.91 kB
.output/server/_ssr/p-radio-group-8-Di1iOo49.mjs                     2.40 kB │ gzip:   0.91 kB
.output/server/_ssr/p-input-group-19-DpesYisG.mjs                    2.41 kB │ gzip:   0.87 kB
.output/server/_ssr/p-select-11-Bou3SJ7u.mjs                         2.41 kB │ gzip:   0.97 kB
.output/server/_ssr/p-select-10-CX2-6rK5.mjs                         2.42 kB │ gzip:   0.79 kB
.output/server/_ssr/p-radio-group-5-DuBKKK7d.mjs                     2.42 kB │ gzip:   0.89 kB
.output/server/_ssr/p-dialog-1-DO7mtq6f.mjs                          2.43 kB │ gzip:   0.86 kB
.output/server/_ssr/p-group-12-DvTw5DNM.mjs                          2.43 kB │ gzip:   0.86 kB
.output/server/_ssr/p-group-11-CnRWAqsS.mjs                          2.43 kB │ gzip:   0.91 kB
.output/server/_ssr/p-input-group-29-wZ5FlL01.mjs                    2.43 kB │ gzip:   0.85 kB
.output/server/_ssr/p-tabs-7-CbRjAFun.mjs                            2.45 kB │ gzip:   0.66 kB
.output/server/_ssr/p-group-13-DYaWhX_G.mjs                          2.46 kB │ gzip:   0.81 kB
.output/server/_ssr/frame-C6EqzOWy.mjs                               2.47 kB │ gzip:   0.77 kB
.output/server/_ssr/p-checkbox-group-5-mPWLU9EJ.mjs                  2.49 kB │ gzip:   0.92 kB
.output/server/_ssr/p-input-group-28-CLQ4zDyo.mjs                    2.50 kB │ gzip:   0.83 kB
.output/server/_ssr/p-sheet-2-DWzav6Jq.mjs                           2.50 kB │ gzip:   0.80 kB
.output/server/_ssr/p-radio-group-5-DwP3gOyF.mjs                     2.52 kB │ gzip:   0.90 kB
.output/server/_ssr/p-avatar-13-BZjaIbsy.mjs                         2.52 kB │ gzip:   0.70 kB
.output/server/_ssr/p-combobox-18-C14cf4vx.mjs                       2.52 kB │ gzip:   0.95 kB
.output/server/_ssr/toggle-group-GoX6-kvr.mjs                        2.53 kB │ gzip:   0.93 kB
.output/server/_ssr/otp-field-Bh1Dbn5D.mjs                           2.53 kB │ gzip:   1.16 kB
.output/server/_ssr/p-group-13-DXSFmMIk.mjs                          2.53 kB │ gzip:   0.87 kB
.output/server/_ssr/p-avatar-14-CabvQr-t.mjs                         2.53 kB │ gzip:   0.70 kB
.output/server/_ssr/p-accordion-4-Ds5JsekK.mjs                       2.54 kB │ gzip:   0.90 kB
.output/server/_ssr/p-calendar-6-LeIssEpy.mjs                        2.54 kB │ gzip:   1.03 kB
.output/server/_ssr/p-avatar-12-DHLcRxwO.mjs                         2.55 kB │ gzip:   1.02 kB
.output/server/_ssr/p-dialog-6-CKTftteT.mjs                          2.55 kB │ gzip:   0.81 kB
.output/server/_ssr/p-accordion-4-CdJ0y8BM.mjs                       2.57 kB │ gzip:   0.95 kB
.output/server/_ssr/p-group-10-BaNIvVkm.mjs                          2.59 kB │ gzip:   0.69 kB
.output/server/_ssr/p-number-field-10-Bg8_h429.mjs                   2.59 kB │ gzip:   1.05 kB
.output/server/_ssr/p-number-field-10-D6NxXxiQ.mjs                   2.60 kB │ gzip:   1.07 kB
.output/server/_ssr/p-tabs-9-un4kRgTh.mjs                            2.60 kB │ gzip:   0.69 kB
.output/server/_ssr/p-checkbox-group-5-C2CX_J15.mjs                  2.61 kB │ gzip:   0.93 kB
.output/server/_ssr/alert-EiqL0SlJ.mjs                               2.62 kB │ gzip:   1.00 kB
.output/server/_ssr/p-button-22-CRgvkAU_.mjs                         2.63 kB │ gzip:   0.79 kB
.output/server/_ssr/p-card-3-Cm18QfRB.mjs                            2.63 kB │ gzip:   0.88 kB
.output/server/_ssr/p-group-1-CkWU8BmS.mjs                           2.63 kB │ gzip:   0.88 kB
.output/server/_ssr/switch-DwOa3cm4.mjs                              2.64 kB │ gzip:   1.02 kB
.output/server/_libs/extend.mjs                                      2.64 kB │ gzip:   0.98 kB
.output/server/_ssr/p-card-9-WmpH-V1F.mjs                            2.66 kB │ gzip:   0.92 kB
.output/server/_ssr/p-tabs-12-BoJI6m8c.mjs                           2.66 kB │ gzip:   0.75 kB
.output/server/_ssr/p-card-5-CY6gLCrI.mjs                            2.66 kB │ gzip:   0.92 kB
.output/server/_ssr/slider-Bq3bM6Nf.mjs                              2.67 kB │ gzip:   1.19 kB
.output/server/_ssr/p-input-8-ROah2BvI.mjs                           2.68 kB │ gzip:   1.02 kB
.output/server/_ssr/p-card-3-C56QZiK8.mjs                            2.68 kB │ gzip:   0.91 kB
.output/server/_ssr/meter-CbV0Qlmt.mjs                               2.69 kB │ gzip:   0.77 kB
.output/server/_ssr/p-form-2-h6DQpQP9.mjs                            2.69 kB │ gzip:   1.07 kB
.output/server/_ssr/p-calendar-13-DQ44Jusr.mjs                       2.70 kB │ gzip:   1.07 kB
.output/server/_ssr/p-combobox-11-H2j-uAQq.mjs                       2.70 kB │ gzip:   1.05 kB
.output/server/_ssr/p-breadcrumb-4-CKOL2Psb.mjs                      2.70 kB │ gzip:   0.87 kB
.output/server/_ssr/p-combobox-17-Dd-xenu3.mjs                       2.72 kB │ gzip:   1.11 kB
.output/server/_ssr/p-drawer-4-CRLpRlcD.mjs                          2.73 kB │ gzip:   0.65 kB
.output/server/_ssr/p-breadcrumb-1-BsmbTzpE.mjs                      2.74 kB │ gzip:   0.70 kB
.output/server/_ssr/p-drawer-5-DDk96wI0.mjs                          2.74 kB │ gzip:   0.65 kB
.output/server/_ssr/progress-CUncivi4.mjs                            2.74 kB │ gzip:   0.78 kB
.output/server/_ssr/p-drawer-11-CRu-Jaox.mjs                         2.76 kB │ gzip:   0.71 kB
.output/server/_ssr/p-select-14-C3E7np4I.mjs                         2.76 kB │ gzip:   0.93 kB
.output/server/_ssr/p-calendar-17-Cz2lQwhW.mjs                       2.77 kB │ gzip:   1.08 kB
.output/server/_ssr/p-group-5-DggAo310.mjs                           2.78 kB │ gzip:   0.94 kB
.output/server/_ssr/p-calendar-14-BvVDICDg.mjs                       2.79 kB │ gzip:   1.04 kB
.output/server/_ssr/p-card-5-lJEMw_3y.mjs                            2.79 kB │ gzip:   0.94 kB
.output/server/_ssr/p-combobox-11-Ya5ZPGLE.mjs                       2.79 kB │ gzip:   1.06 kB
.output/server/_ssr/p-card-9-BT9ctg0R.mjs                            2.80 kB │ gzip:   0.96 kB
.output/server/_ssr/p-group-3-gQU3uRIg.mjs                           2.80 kB │ gzip:   0.94 kB
.output/server/_ssr/p-group-4-BBTWgOTX.mjs                           2.80 kB │ gzip:   0.94 kB
.output/server/_ssr/p-tabs-9-DqxJ0Mgi.mjs                            2.80 kB │ gzip:   0.82 kB
.output/server/_ssr/p-form-2-CLLrNiHl.mjs                            2.80 kB │ gzip:   1.05 kB
.output/server/_ssr/p-group-5-D-2i3CBC.mjs                           2.80 kB │ gzip:   0.91 kB
.output/server/_ssr/p-autocomplete-11-DDK0u7PQ.mjs                   2.81 kB │ gzip:   0.97 kB
.output/server/_ssr/badge-BHyV0k56.mjs                               2.82 kB │ gzip:   1.28 kB
.output/server/_ssr/p-drawer-11-D0dfRbFs.mjs                         2.82 kB │ gzip:   0.68 kB
.output/server/_ssr/p-radio-group-4-BaNOP_Cw.mjs                     2.82 kB │ gzip:   0.77 kB
.output/server/_ssr/p-group-3-DanATwV-.mjs                           2.82 kB │ gzip:   0.91 kB
.output/server/_ssr/p-group-4-BO8xZ5Hm.mjs                           2.82 kB │ gzip:   0.91 kB
.output/server/_ssr/p-tabs-12-BsDSdAbB.mjs                           2.82 kB │ gzip:   0.92 kB
.output/server/_ssr/accordion-C_RUI_dm.mjs                           2.83 kB │ gzip:   1.11 kB
.output/server/_ssr/p-tabs-13-BmLz1mL3.mjs                           2.85 kB │ gzip:   0.82 kB
.output/server/_ssr/components-CFVayAVV.mjs                          2.85 kB │ gzip:   1.06 kB
.output/server/_ssr/p-group-1-BKU5K8ky.mjs                           2.85 kB │ gzip:   0.88 kB
.output/server/_ssr/p-group-6-CBsC2O7Z.mjs                           2.85 kB │ gzip:   0.95 kB
.output/server/_ssr/p-input-group-23-C7Thg6sI.mjs                    2.86 kB │ gzip:   1.01 kB
.output/server/_ssr/p-calendar-24-BXh6tt4s.mjs                       2.86 kB │ gzip:   1.21 kB
.output/server/_ssr/p-group-10-BlvSp-It.mjs                          2.87 kB │ gzip:   0.69 kB
.output/server/_ssr/p-breadcrumb-4-B6ij43xW.mjs                      2.88 kB │ gzip:   0.78 kB
.output/server/_ssr/p-input-group-17-BeLkRMT0.mjs                    2.88 kB │ gzip:   0.86 kB
.output/server/_ssr/p-frame-2-CcZL94OA.mjs                           2.88 kB │ gzip:   0.98 kB
.output/server/_ssr/p-autocomplete-13-7wzVf3gc.mjs                   2.88 kB │ gzip:   1.11 kB
.output/server/_ssr/p-autocomplete-13-CqnJh-GV.mjs                   2.88 kB │ gzip:   1.08 kB
.output/server/_ssr/p-date-picker-5-Ca_8f4tQ.mjs                     2.89 kB │ gzip:   1.14 kB
.output/server/_ssr/p-input-group-17-DKkBHn7b.mjs                    2.89 kB │ gzip:   0.94 kB
.output/server/_ssr/field-BW5UobPj.mjs                               2.90 kB │ gzip:   0.80 kB
.output/server/_ssr/p-group-15-DtQGvOAc.mjs                          2.91 kB │ gzip:   0.93 kB
.output/server/_ssr/p-calendar-20-McM8Xcsd.mjs                       2.91 kB │ gzip:   0.88 kB
.output/server/_ssr/p-slider-21-g_5QY_cs.mjs                         2.92 kB │ gzip:   1.10 kB
.output/server/_ssr/p-select-19-BT5bFp_G.mjs                         2.93 kB │ gzip:   0.93 kB
.output/server/_ssr/p-select-17-IfMeO2a1.mjs                         2.94 kB │ gzip:   0.95 kB
.output/server/_ssr/p-autocomplete-11-wP_YnUF9.mjs                   2.94 kB │ gzip:   1.01 kB
.output/server/_ssr/p-group-6-Q-x3SXEk.mjs                           2.97 kB │ gzip:   1.02 kB
.output/server/_ssr/p-tooltip-3-8VF7id5W.mjs                         2.99 kB │ gzip:   0.95 kB
.output/server/_ssr/theme-Cc5Jl7li.mjs                               2.99 kB │ gzip:   1.17 kB
.output/server/_ssr/p-select-14-DPP25nOd.mjs                         2.99 kB │ gzip:   1.00 kB
.output/server/_ssr/p-button-39-DyGkZO8S.mjs                         3.00 kB │ gzip:   0.94 kB
.output/server/_ssr/p-preview-card-1-B88qX8Wl.mjs                    3.02 kB │ gzip:   0.88 kB
.output/server/_ssr/p-input-10-CkDzKQPG.mjs                          3.02 kB │ gzip:   1.13 kB
.output/server/_ssr/p-card-1-diDe0r9X.mjs                            3.03 kB │ gzip:   1.04 kB
.output/server/_ssr/toolbar-BrMlyr0n.mjs                             3.04 kB │ gzip:   0.82 kB
.output/server/_ssr/breadcrumb-sf4DgP5F.mjs                          3.12 kB │ gzip:   0.99 kB
.output/server/_ssr/p-combobox-17-6bBSmKb0.mjs                       3.12 kB │ gzip:   1.28 kB
.output/server/_ssr/p-input-9-BA_mffxS.mjs                           3.13 kB │ gzip:   1.09 kB
.output/server/_ssr/p-input-group-27-Y4Mg5gjP.mjs                    3.13 kB │ gzip:   1.17 kB
.output/server/_ssr/p-card-10-DLnHfMmF.mjs                           3.15 kB │ gzip:   1.05 kB
.output/server/_ssr/p-select-17-D1LegCaR.mjs                         3.16 kB │ gzip:   1.01 kB
.output/server/_ssr/p-drawer-14-CgBKSriN.mjs                         3.16 kB │ gzip:   0.94 kB
.output/server/_ssr/p-group-14-9-9Yof8c.mjs                          3.16 kB │ gzip:   1.09 kB
.output/server/_libs/base64-js.mjs                                   3.17 kB │ gzip:   1.17 kB
.output/server/_ssr/p-card-4-CjMG-SWP.mjs                            3.18 kB │ gzip:   1.06 kB
.output/server/_ssr/p-group-15-BmaheU2W.mjs                          3.18 kB │ gzip:   0.98 kB
.output/server/_ssr/p-group-14-DbBEi-g5.mjs                          3.18 kB │ gzip:   1.10 kB
.output/server/_ssr/p-card-8-BisSpibl.mjs                            3.20 kB │ gzip:   1.08 kB
.output/server/_ssr/p-select-19-DOCH9DjM.mjs                         3.20 kB │ gzip:   1.00 kB
.output/server/_ssr/p-tooltip-3-ul6o-841.mjs                         3.20 kB │ gzip:   0.88 kB
.output/server/_ssr/preview-card-Dx8h2xa1.mjs                        3.21 kB │ gzip:   1.16 kB
.output/server/_ssr/p-toast-9-BRl4dxQb.mjs                           3.22 kB │ gzip:   1.30 kB
.output/server/_ssr/p-checkbox-group-4-WOhD0B-m.mjs                  3.24 kB │ gzip:   0.99 kB
.output/server/_ssr/p-otp-field-6-CmQhk-_c.mjs                       3.24 kB │ gzip:   1.20 kB
.output/server/_ssr/p-date-picker-4-CWW5KKNv.mjs                     3.25 kB │ gzip:   1.03 kB
.output/server/_ssr/p-tabs-13-BJ-YMBwm.mjs                           3.25 kB │ gzip:   0.74 kB
.output/server/_ssr/p-card-8-BLmUc5jt.mjs                            3.25 kB │ gzip:   1.09 kB
.output/server/_ssr/toggle-group-CBui2irC.mjs                        3.25 kB │ gzip:   1.02 kB
.output/server/_ssr/p-card-6-BQ3pnmrz.mjs                            3.27 kB │ gzip:   1.10 kB
.output/server/_ssr/p-card-7-CE60NICa.mjs                            3.27 kB │ gzip:   1.10 kB
.output/server/_ssr/p-checkbox-group-4-MSZaruTC.mjs                  3.27 kB │ gzip:   1.00 kB
.output/server/_ssr/p-dialog-3-zJVYY3ye.mjs                          3.30 kB │ gzip:   0.93 kB
.output/server/_ssr/p-card-6-BmkY5C2L.mjs                            3.31 kB │ gzip:   1.09 kB
.output/server/_ssr/p-card-1-CHBBvGm1.mjs                            3.32 kB │ gzip:   1.05 kB
.output/server/_ssr/p-input-group-23-DFqDw1a7.mjs                    3.33 kB │ gzip:   1.14 kB
.output/server/_ssr/p-drawer-8-CnW8TAHz.mjs                          3.34 kB │ gzip:   0.94 kB
.output/server/_ssr/p-tooltip-4-C3-P7CQm.mjs                         3.34 kB │ gzip:   0.98 kB
.output/server/_ssr/p-combobox-12-C2MArJyb.mjs                       3.35 kB │ gzip:   1.20 kB
.output/server/_libs/css-gradient-parser.mjs                         3.36 kB │ gzip:   1.32 kB
.output/server/_ssr/build-rAtX4WTx.mjs                               3.36 kB │ gzip:   1.16 kB
.output/server/_ssr/p-select-20-BBt7JkM0.mjs                         3.37 kB │ gzip:   0.95 kB
.output/server/_ssr/p-date-picker-3-dEfY7FRn.mjs                     3.38 kB │ gzip:   1.28 kB
.output/server/_ssr/p-card-7-BZNpjwGC.mjs                            3.40 kB │ gzip:   1.13 kB
.output/server/_ssr/p-combobox-12-BF_y4GSp.mjs                       3.40 kB │ gzip:   1.22 kB
.output/server/_ssr/frame-BjRXrFPt.mjs                               3.43 kB │ gzip:   0.92 kB
.output/server/_ssr/p-card-10-DXttFKtw.mjs                           3.45 kB │ gzip:   1.08 kB
.output/server/_ssr/p-calendar-18-D71jVq54.mjs                       3.45 kB │ gzip:   1.24 kB
.output/server/_ssr/p-card-4-DpMJxf6p.mjs                            3.47 kB │ gzip:   1.07 kB
.output/server/_ssr/p-dialog-4-7E1LmylN.mjs                          3.50 kB │ gzip:   1.05 kB
.output/server/_ssr/theme-provider-BBqcWjP6.mjs                      3.51 kB │ gzip:   1.20 kB
.output/server/_ssr/radio-group-CCPbhaxI.mjs                         3.51 kB │ gzip:   1.14 kB
.output/server/_ssr/p-drawer-10-CfKH99nW.mjs                         3.53 kB │ gzip:   0.82 kB
.output/server/_ssr/p-tooltip-4-DOjUO3ZI.mjs                         3.53 kB │ gzip:   0.95 kB
.output/server/_ssr/p-otp-field-6-Di9OmATk.mjs                       3.55 kB │ gzip:   1.30 kB
.output/server/_ssr/p-table-5-Il5NBMK8.mjs                           3.57 kB │ gzip:   1.05 kB
.output/server/_ssr/scroll-area-gDvNjRCt.mjs                         3.58 kB │ gzip:   1.20 kB
.output/server/_ssr/table-D7y98oA3.mjs                               3.61 kB │ gzip:   1.17 kB
.output/server/_ssr/p-drawer-12-DBhd16Di.mjs                         3.62 kB │ gzip:   1.14 kB
.output/server/_ssr/p-drawer-4-BYm__0df.mjs                          3.63 kB │ gzip:   0.67 kB
.output/server/_ssr/p-drawer-5-B4dzH50U.mjs                          3.64 kB │ gzip:   0.67 kB
.output/server/_ssr/p-date-picker-5-C0iAum71.mjs                     3.67 kB │ gzip:   1.32 kB
.output/server/_libs/remixicon__react.mjs                            3.71 kB │ gzip:   1.43 kB
.output/server/_ssr/pagination-BI3GDklu.mjs                          3.72 kB │ gzip:   1.17 kB
.output/server/_ssr/p-slider-21-Dn_5oSaF.mjs                         3.74 kB │ gzip:   1.23 kB
.output/server/_ssr/p-toast-9-DKc0gz20.mjs                           3.76 kB │ gzip:   1.39 kB
.output/server/_ssr/p-input-group-27-CCppI5uQ.mjs                    3.76 kB │ gzip:   1.39 kB
.output/server/_ssr/p-calendar-17-BMYZBhxd.mjs                       3.77 kB │ gzip:   1.32 kB
.output/server/_ssr/breadcrumb-FwlGysP9.mjs                          3.78 kB │ gzip:   1.13 kB
.output/server/_ssr/popover-BTVom_Xr.mjs                             3.79 kB │ gzip:   1.40 kB
.output/server/_ssr/input-group-B1rO9gzQ.mjs                         3.79 kB │ gzip:   1.40 kB
.output/server/_ssr/checkbox-BzoT53d2.mjs                            3.80 kB │ gzip:   1.33 kB
.output/server/_ssr/p-popover-3-DR5ucOyQ.mjs                         3.83 kB │ gzip:   1.18 kB
.output/server/_libs/css-background-parser.mjs                       3.84 kB │ gzip:   1.38 kB
.output/server/_ssr/p-calendar-19-5KM2Z2q8.mjs                       3.85 kB │ gzip:   1.14 kB
.output/server/_ssr/tabs-DCWAAiq-.mjs                                3.85 kB │ gzip:   1.50 kB
.output/server/_ssr/p-field-18-BeYbr2a9.mjs                          3.88 kB │ gzip:   1.26 kB
.output/server/_ssr/p-table-5-7HAgYQEH.mjs                           3.90 kB │ gzip:   1.18 kB
.output/server/_ssr/p-date-picker-3-DOyYu4Mh.mjs                     3.93 kB │ gzip:   1.43 kB
.output/server/_ssr/p-table-2-Bt7Gq9sM.mjs                           3.93 kB │ gzip:   1.21 kB
.output/server/_ssr/p-pagination-3-DXv17xmw.mjs                      3.95 kB │ gzip:   1.24 kB
.output/server/_ssr/p-dialog-4-BubrTC-j.mjs                          3.96 kB │ gzip:   1.13 kB
.output/server/_libs/parse-css-color.mjs                             3.96 kB │ gzip:   1.29 kB
.output/server/_tanstack-start-manifest_v-99iBO38D.mjs               4.00 kB │ gzip:   1.31 kB
.output/server/_ssr/p-drawer-7-DZGEKg41.mjs                          4.01 kB │ gzip:   0.91 kB
.output/server/_ssr/p-select-20-C8nq3-4V.mjs                         4.01 kB │ gzip:   1.10 kB
.output/server/_ssr/p-dialog-3-B4Zw7Jt9.mjs                          4.02 kB │ gzip:   0.95 kB
.output/server/_ssr/p-table-7-B6Am-Y_r.mjs                           4.02 kB │ gzip:   1.22 kB
.output/server/_ssr/p-drawer-14-CEG40_Jn.mjs                         4.04 kB │ gzip:   1.16 kB
.output/server/_ssr/p-drawer-7-CCEjX2Uj.mjs                          4.06 kB │ gzip:   1.01 kB
.output/server/_ssr/p-menu-1-C8KoUoJL.mjs                            4.06 kB │ gzip:   1.06 kB
.output/server/_ssr/accordion-CQLwncqv.mjs                           4.08 kB │ gzip:   1.27 kB
.output/server/_ssr/p-calendar-24-Ph3UbyXC.mjs                       4.10 kB │ gzip:   1.47 kB
.output/server/_ssr/empty-C8qDi_PU.mjs                               4.10 kB │ gzip:   1.24 kB
.output/server/_ssr/p-preview-card-1-49wiLOqD.mjs                    4.13 kB │ gzip:   1.37 kB
.output/server/_ssr/p-drawer-8-Cgb3FEdY.mjs                          4.16 kB │ gzip:   0.98 kB
.output/server/_libs/stylexjs__stylex.mjs                            4.17 kB │ gzip:   1.33 kB
.output/server/_ssr/textarea-D2ofw2-L.mjs                            4.17 kB │ gzip:   1.42 kB
.output/server/_ssr/group-DBIzKfCH.mjs                               4.18 kB │ gzip:   2.02 kB
.output/server/_ssr/p-popover-3-CspyX4xx.mjs                         4.23 kB │ gzip:   1.34 kB
.output/server/_ssr/p-calendar-20-C8SK6D9z.mjs                       4.24 kB │ gzip:   1.00 kB
.output/server/_ssr/tooltip-DUIpQmJ-.mjs                             4.24 kB │ gzip:   1.42 kB
.output/server/_ssr/p-calendar-21-ks0C4iiG.mjs                       4.25 kB │ gzip:   1.04 kB
.output/server/_ssr/p-drawer-12-CHghKRn-.mjs                         4.29 kB │ gzip:   1.08 kB
.output/server/_ssr/calendar-DhYOSs8-.mjs                            4.46 kB │ gzip:   1.69 kB
.output/server/_ssr/p-drawer-10-CsvLDXv2.mjs                         4.52 kB │ gzip:   0.90 kB
.output/server/_ssr/p-table-2-DtX6qqsZ.mjs                           4.58 kB │ gzip:   1.28 kB
.output/server/_ssr/p-table-7-DzRzD51Z.mjs                           4.63 kB │ gzip:   1.32 kB
.output/server/_ssr/p-skeleton-1-0FN1LsHI.mjs                        4.67 kB │ gzip:   1.44 kB
.output/server/_ssr/p-popover-4-C8QHQcpx.mjs                         4.75 kB │ gzip:   1.41 kB
.output/server/_ssr/p-combobox-8-0jhOM1Fh.mjs                        4.77 kB │ gzip:   1.30 kB
.output/server/_ssr/p-sheet-3-CS6Tbd1O.mjs                           4.79 kB │ gzip:   0.90 kB
.output/server/_ssr/p-field-18-Bg-uAdYi.mjs                          4.79 kB │ gzip:   1.33 kB
.output/server/_ssr/p-autocomplete-12-tuolig-p.mjs                   4.83 kB │ gzip:   1.67 kB
.output/server/_ssr/p-autocomplete-10-BCOkzJ63.mjs                   4.90 kB │ gzip:   1.32 kB
.output/server/_ssr/p-date-picker-4-ByvA0oYc.mjs                     4.90 kB │ gzip:   1.20 kB
.output/server/_ssr/alert-ts7R_bMr.mjs                               4.91 kB │ gzip:   1.24 kB
.output/server/_ssr/scroll-area-D44dpbNT.mjs                         4.92 kB │ gzip:   1.46 kB
.output/server/_ssr/p-input-10-CCaw2w6v.mjs                          4.93 kB │ gzip:   1.51 kB
.output/server/_ssr/p-button-40-ACjx6tUH.mjs                         4.93 kB │ gzip:   1.73 kB
.output/server/_ssr/foundation-CmKHR8Ps.mjs                          4.94 kB │ gzip:   1.46 kB
.output/server/_ssr/pagination-CO3d-Z3n.mjs                          4.98 kB │ gzip:   1.40 kB
.output/server/_ssr/p-combobox-20-imxr0GEH.mjs                       4.98 kB │ gzip:   1.77 kB
.output/server/_ssr/p-combobox-19-C-CCSrCp.mjs                       4.99 kB │ gzip:   1.74 kB
.output/server/_ssr/p-pagination-3-COTxIn36.mjs                      5.00 kB │ gzip:   1.46 kB
.output/server/_ssr/p-combobox-8-BFkYXCY1.mjs                        5.04 kB │ gzip:   1.45 kB
.output/server/_ssr/p-autocomplete-10-BOr0qOIJ.mjs                   5.20 kB │ gzip:   1.46 kB
.output/server/_ssr/p-input-group-26-BiJnyJPO.mjs                    5.20 kB │ gzip:   1.81 kB
.output/server/_ssr/slider-CTEl1qul.mjs                              5.39 kB │ gzip:   1.61 kB
.output/server/_ssr/empty-BOaW2Nm_.mjs                               5.39 kB │ gzip:   1.40 kB
.output/server/_ssr/code-block-BhbxYLOb.mjs                          5.40 kB │ gzip:   1.99 kB
.output/server/_ssr/p-button-40-Dp6ljKHG.mjs                         5.45 kB │ gzip:   1.85 kB
.output/server/_ssr/otp-field-yEUTX-Pz.mjs                           5.46 kB │ gzip:   1.47 kB
.output/server/_ssr/alert-dialog-DqO54-q_.mjs                        5.48 kB │ gzip:   1.80 kB
.output/server/_ssr/p-sheet-3-DsrYWmWI.mjs                           5.51 kB │ gzip:   0.92 kB
.output/server/_ssr/p-command-1-D-Q89VX9.mjs                         5.55 kB │ gzip:   1.62 kB
.output/server/_ssr/number-field-BZ3gaKSe.mjs                        5.56 kB │ gzip:   1.94 kB
.output/server/_ssr/p-calendar-19-DU0rilXe.mjs                       5.56 kB │ gzip:   1.33 kB
.output/server/_ssr/p-command-1-B4lAaTLi.mjs                         5.71 kB │ gzip:   1.56 kB
.output/server/_ssr/p-toolbar-1-C9bueK3o.mjs                         5.73 kB │ gzip:   1.19 kB
.output/server/_ssr/p-table-1--HCwQvSG.mjs                           5.77 kB │ gzip:   1.02 kB
.output/server/_ssr/p-calendar-21-BPpj3jB2.mjs                       5.87 kB │ gzip:   1.18 kB
.output/server/_ssr/p-popover-4-ZquHlY5i.mjs                         5.91 kB │ gzip:   1.61 kB
.output/server/_ssr/p-menu-1-BMqjXgDH.mjs                            5.91 kB │ gzip:   1.11 kB
.output/server/_ssr/p-radio-group-6-I0_2_cBE.mjs                     6.02 kB │ gzip:   1.37 kB
.output/server/_ssr/p-autocomplete-12-Dq6I54Nu.mjs                   6.05 kB │ gzip:   1.93 kB
.output/server/_ssr/p-table-1-Bn1ZENpt.mjs                           6.13 kB │ gzip:   0.89 kB
.output/server/_ssr/examples-B0uP_h_P.mjs                            6.22 kB │ gzip:   2.09 kB
.output/server/_ssr/p-skeleton-1-BmkXJvAB.mjs                        6.29 kB │ gzip:   1.71 kB
.output/server/_ssr/p-table-3-52EpLi7Y.mjs                           6.38 kB │ gzip:   2.01 kB
.output/server/_ssr/p-table-6-BTLKDSWE.mjs                           6.43 kB │ gzip:   2.04 kB
.output/server/_ssr/p-calendar-25-ZKl8iITz.mjs                       6.46 kB │ gzip:   2.18 kB
.output/server/_ssr/input-group-C0FOnbSN.mjs                         6.55 kB │ gzip:   1.87 kB
.output/server/_ssr/p-group-23-hUPrNtdj.mjs                          6.70 kB │ gzip:   2.14 kB
.output/server/_ssr/p-dialog-5-BC_qltyl.mjs                          6.75 kB │ gzip:   1.73 kB
.output/server/_ssr/tokens.stylex-tpCT_wuj.mjs                       6.75 kB │ gzip:   1.50 kB
.output/server/_ssr/p-input-group-26-EBmqgLLk.mjs                    6.78 kB │ gzip:   2.04 kB
.output/server/_ssr/p-combobox-19-BYsxLlQx.mjs                       6.78 kB │ gzip:   2.02 kB
.output/server/_libs/color-name.mjs                                  6.79 kB │ gzip:   1.76 kB
.output/server/_ssr/card-DvJA7PWE.mjs                                6.81 kB │ gzip:   1.42 kB
.output/server/_ssr/toggle-BHVxwpt-.mjs                              6.83 kB │ gzip:   1.52 kB
.output/server/_ssr/button-DW78O5Ea.mjs                              6.89 kB │ gzip:   2.39 kB
.output/server/_ssr/p-combobox-20-ATQMqk-6.mjs                       6.94 kB │ gzip:   2.09 kB
.output/server/_ssr/popover-BPUPpBPL.mjs                             7.05 kB │ gzip:   1.83 kB
.output/server/_ssr/p-dialog-5-DMupMYe5.mjs                          7.08 kB │ gzip:   1.66 kB
.output/server/_ssr/p-group-23-DuRplnqp.mjs                          7.12 kB │ gzip:   2.26 kB
.output/server/_libs/fflate.mjs                                      7.19 kB │ gzip:   2.74 kB
.output/server/_ssr/p-autocomplete-16-Drr0jJjI.mjs                   7.22 kB │ gzip:   2.61 kB
.output/server/_ssr/tabs-ChfpfOGJ.mjs                                7.23 kB │ gzip:   1.97 kB
.output/server/_ssr/p-table-3-BMy8yjH-.mjs                           7.23 kB │ gzip:   2.25 kB
.output/server/_ssr/table-Ci5GakR5.mjs                               7.24 kB │ gzip:   1.54 kB
.output/server/_ssr/p-table-6-DFyCPJXa.mjs                           7.30 kB │ gzip:   2.27 kB
.output/server/_ssr/p-radio-group-6-CqnDg0jc.mjs                     7.55 kB │ gzip:   1.72 kB
.output/server/_ssr/command-B1ChoD09.mjs                             7.64 kB │ gzip:   2.17 kB
.output/server/_ssr/docs-Vp9qzqCZ.mjs                                7.67 kB │ gzip:   2.85 kB
.output/server/_ssr/p-toolbar-1-CL7e7GmK.mjs                         7.69 kB │ gzip:   1.62 kB
.output/server/_ssr/sheet-ChBwnyUQ.mjs                               7.70 kB │ gzip:   2.40 kB
.output/server/_ssr/p-calendar-25-DPb1E1Wc.mjs                       7.97 kB │ gzip:   2.52 kB
.output/server/_ssr/alert-dialog-DSakoQwQ.mjs                        8.06 kB │ gzip:   2.00 kB
.output/server/_ssr/theming-By-1NIgy.mjs                             8.13 kB │ gzip:   2.53 kB
.output/server/_ssr/p-slider-22-C9Js-_CG.mjs                         8.26 kB │ gzip:   2.25 kB
.output/server/_ssr/getting-started-CgA5FvzO.mjs                     8.30 kB │ gzip:   2.03 kB
.output/server/_ssr/routes-vuxP8Luk.mjs                              8.32 kB │ gzip:   1.74 kB
.output/server/_ssr/badge-CzYI50qT.mjs                               8.38 kB │ gzip:   1.74 kB
.output/server/_ssr/input-DeMlnkDs.mjs                               8.49 kB │ gzip:   2.13 kB
.output/server/_ssr/p-slider-22-xMNN5mte.mjs                         8.71 kB │ gzip:   2.28 kB
.output/server/_ssr/select-VotCjiR_.mjs                              8.80 kB │ gzip:   2.71 kB
.output/server/_ssr/number-field-B4XUsJ96.mjs                        9.62 kB │ gzip:   2.28 kB
.output/server/_ssr/menu-Dzb_2_jS.mjs                                9.88 kB │ gzip:   2.56 kB
.output/server/_ssr/autocomplete-Dk3I0IfD.mjs                        9.92 kB │ gzip:   2.74 kB
.output/server/_ssr/calendar-CPFqRS0a.mjs                            9.95 kB │ gzip:   2.47 kB
.output/server/_ssr/p-autocomplete-16-7LrryZwM.mjs                  10.03 kB │ gzip:   3.16 kB
.output/server/_ssr/p-drawer-13-D_9YC_lm.mjs                        10.21 kB │ gzip:   1.71 kB
.output/server/_ssr/context-menu-BDMijWPQ.mjs                       10.29 kB │ gzip:   2.61 kB
.output/server/_ssr/card-vKWYZbAs.mjs                               10.60 kB │ gzip:   1.64 kB
.output/server/_ssr/command-C_ePC-_C.mjs                            10.66 kB │ gzip:   2.39 kB
.output/server/_libs/tanstack__history.mjs                          10.67 kB │ gzip:   3.12 kB
.output/server/_ssr/dialog-Bf_gHr97.mjs                             10.71 kB │ gzip:   2.55 kB
.output/server/_ssr/display-form-C4nxscWX.mjs                       10.87 kB │ gzip:   2.45 kB
.output/server/_ssr/p-switch-7-CUtmIMdg.mjs                         11.72 kB │ gzip:   3.18 kB
.output/server/_libs/date-fns__tz.mjs                               11.75 kB │ gzip:   3.35 kB
.output/server/_libs/css-color-keywords.mjs                         11.94 kB │ gzip:   3.32 kB
.output/server/_ssr/p-switch-8-DmNi6gUi.mjs                         12.08 kB │ gzip:   3.24 kB
.output/server/_ssr/sheet-DvLKYCV9.mjs                              12.38 kB │ gzip:   2.78 kB
.output/server/_ssr/p-switch-9-DWy-8g2t.mjs                         12.81 kB │ gzip:   3.34 kB
.output/server/_ssr/p-drawer-13-Cxo6MaLt.mjs                        12.91 kB │ gzip:   1.71 kB
.output/server/_ssr/combobox-C8l-qLE7.mjs                           13.59 kB │ gzip:   3.57 kB
.output/server/_ssr/autocomplete-DebuXXu4.mjs                       14.30 kB │ gzip:   3.14 kB
.output/server/_ssr/remaining-DHaX0TBw.mjs                          14.40 kB │ gzip:   2.88 kB
.output/server/_ssr/select-c4eJdIbG.mjs                             15.29 kB │ gzip:   3.42 kB
.output/server/_ssr/p-switch-7-DmJ43qPd.mjs                         16.00 kB │ gzip:   3.76 kB
.output/server/_ssr/button-Bdu5xKg5.mjs                             16.47 kB │ gzip:   2.77 kB
.output/server/_ssr/menu-C4uEqfdb.mjs                               16.53 kB │ gzip:   3.41 kB
.output/server/_ssr/context-menu-FUZ_TJuK.mjs                       16.63 kB │ gzip:   3.30 kB
.output/server/_ssr/p-switch-8-C6SVfEBK.mjs                         16.99 kB │ gzip:   3.84 kB
.output/server/_ssr/p-switch-9-Cs5kQ-hq.mjs                         17.25 kB │ gzip:   3.94 kB
.output/server/_ssr/toast-DPcPpcdC.mjs                              17.83 kB │ gzip:   3.97 kB
.output/server/_ssr/p-combobox-10-9cbLmYHb.mjs                      18.24 kB │ gzip:   3.43 kB
.output/server/_ssr/docs-extract-DmGYNl1Y.mjs                       18.25 kB │ gzip:   4.73 kB
.output/server/_ssr/p-table-8-DLwo-Btg.mjs                          18.27 kB │ gzip:   4.45 kB
.output/server/_ssr/p-table-4-DrAmbKQ6.mjs                          18.32 kB │ gzip:   4.44 kB
.output/server/_ssr/installation-D6SEUOZV.mjs                       18.55 kB │ gzip:   3.95 kB
.output/server/_ssr/p-combobox-10-BjqYwuKh.mjs                      20.28 kB │ gzip:   3.87 kB
.output/server/_ssr/combobox-cz-irnzZ.mjs                           21.14 kB │ gzip:   4.31 kB
.output/server/_ssr/drawer-ChLIRVHS.mjs                             21.34 kB │ gzip:   5.37 kB
.output/server/_ssr/p-command-2-fYriZZsS.mjs                        22.02 kB │ gzip:   5.05 kB
.output/server/_name-DG5d3pD0.mjs                                   23.27 kB │ gzip:   5.45 kB
.output/server/_ssr/group-3Dkafj4x.mjs                              23.48 kB │ gzip:   2.79 kB
.output/server/_ssr/p-table-4-DFvFQY1l.mjs                          24.18 kB │ gzip:   5.07 kB
.output/server/_ssr/docs-notes-CEZdqejq.mjs                         24.57 kB │ gzip:   8.25 kB
.output/server/_ssr/p-table-8-wAhTTSOV.mjs                          25.17 kB │ gzip:   5.08 kB
.output/server/_libs/shikijs__themes.mjs                            25.53 kB │ gzip:   3.93 kB
.output/server/_ssr/p-command-2-B1gD6FN1.mjs                        27.26 kB │ gzip:   5.94 kB
.output/server/_ssr/sidebar-BjaQErMI.mjs                            31.62 kB │ gzip:   5.74 kB
.output/server/_libs/css-to-react-native+[...].mjs                  33.02 kB │ gzip:   7.39 kB
.output/server/_ssr/drawer-Ci_vIHFU.mjs                             33.93 kB │ gzip:   6.05 kB
.output/server/_libs/character-entities.mjs                         35.35 kB │ gzip:  12.29 kB
.output/server/_libs/h3+rou3+srvx.mjs                               46.32 kB │ gzip:  12.42 kB
.output/server/_ssr/docs-data-BdJgi6DI.mjs                          54.51 kB │ gzip:  11.77 kB
.output/server/_libs/linebreak+[...].mjs                            69.80 kB │ gzip:   9.38 kB
.output/server/_libs/harfbuzzjs.mjs                                 72.93 kB │ gzip:  14.94 kB
.output/server/_libs/lucide-react.mjs                               75.93 kB │ gzip:  11.98 kB
.output/server/_libs/@shikijs/engine-javascript+[...].mjs          101.98 kB │ gzip:  28.21 kB
.output/server/_libs/@tanstack/react-table+[...].mjs               105.09 kB │ gzip:  20.48 kB
.output/server/_libs/zod.mjs                                       123.78 kB │ gzip:  24.34 kB
.output/server/_libs/react-day-picker.mjs                          140.96 kB │ gzip:  26.52 kB
.output/server/_libs/date-fns.mjs                                  183.63 kB │ gzip:  30.79 kB
.output/server/_ssr/ssr.mjs                                        220.53 kB │ gzip:  50.81 kB
.output/server/_ssr/router-DBJpwtmd.mjs                            229.61 kB │ gzip:  44.56 kB
.output/server/_libs/@shikijs/core+[...].mjs                       229.63 kB │ gzip:  53.64 kB
.output/server/_libs/shuding__opentype.js.mjs                      239.02 kB │ gzip:  51.33 kB
.output/server/index.mjs                                           347.68 kB │ gzip:  65.32 kB
.output/server/_libs/satori.mjs                                    435.33 kB │ gzip: 136.17 kB
.output/server/_libs/fumadocs-core+[...].mjs                       514.16 kB │ gzip: 106.41 kB
.output/server/_libs/@tanstack/react-router+[...].mjs              649.89 kB │ gzip: 135.56 kB
.output/server/_libs/shikijs__langs.mjs                            694.58 kB │ gzip:  76.69 kB
.output/server/_libs/@base-ui/react+[...].mjs                    1,198.97 kB │ gzip: 249.82 kB
.output/server/_ssr/docs.functions-BHtFK32N.mjs                  5,651.51 kB │ gzip: 405.40 kB

✓ built in 14.23s
ℹ Generated .output/nitro.json

[nitro] ✔ You can preview this build using npx vite preview
